pheno_geno_merged-antibiotic_name,pheno_geno_merged-resistance_phenotype,pheno_geno_merged-gen_measurement,pheno_geno_merged-BioSample_ID,pheno_geno_merged-assembly_ID,pheno_geno_merged-genus,pheno_geno_merged-species,pheno_geno_merged-organism,pheno_geno_merged-taxon_id,pheno_geno_merged-isolate,pheno_geno_merged-host,pheno_geno_merged-SRA_accession,pheno_geno_merged-laboratory_typing_method,pheno_geno_merged-platform,pheno_geno_merged-ast_standard,pheno_geno_merged-gen_antibiotic_ontology,pheno_geno_merged-region,pheno_geno_merged-region_start,pheno_geno_merged-region_end,pheno_geno_merged-strand,pheno_geno_merged-id,pheno_geno_merged-gene_symbol,pheno_geno_merged-amr_element_symbol,pheno_geno_merged-element_type,pheno_geno_merged-element_subtype,pheno_geno_merged-class,pheno_geno_merged-subclass,pheno_geno_merged-split_subclass,pheno_geno_merged-amrfinderplus_method,pheno_geno_merged-reference_accession,pheno_geno_merged-reference_name,pheno_geno_merged-reference_sequence_coverage,pheno_geno_merged-reference_sequence_identity,pheno_geno_merged-gen_evidence_accession,pheno_geno_merged-HMM_evidence_description,pheno_geno_merged-gen_annotation_link,pheno_geno_merged-annotation_tool_version,pheno_geno_merged-annotation_tool_mode,pheno_geno_merged-collection_year,pheno_geno_merged-host_age,pheno_geno_merged-host_sex,pheno_geno_merged-isolation_source,pheno_geno_merged-isolation_source_category,pheno_geno_merged-isolation_latitude,pheno_geno_merged-isolation_longitude,pheno_geno_merged-AMR_associated_publications,pheno_geno_merged-used_ECOFF,pheno_geno_merged-database,pheno_geno_merged-country,pheno_geno_merged-geographical_region,pheno_geno_merged-geographical_subregion
ampicillin,susceptible,,SAMEA4652193,GCA_018317205.1,Escherichia,Escherichia coli,Escherichia coli,562,,other (non-clinical isolate),ERS2472830,disk diffusion,,CLSI,ARO_3000637|https://www.ebi.ac.uk/ols4/ontologies/aro/classes/http%253A%252F%252Fpurl.obolibrary.org%252Fobo%252FARO_3000637,ENA|DAEAYS010000003|DAEAYS010000003.1,14518,14952,+,GCA_018317205.1_01349,marR,marR_S3N,AMR,POINT,MULTIDRUG,AMPICILLIN/CHLORAMPHENICOL/QUINOLONE/RIFAMPIN/TETRACYCLINE,AMPICILLIN,POINTP,WP_000843414.1,transcriptional regulator MarR,100.00,97.92,,,Annotation|https://ftp.ebi.ac.uk/pub/databases/amr_portal/genomes/GCA/018/317/GCA_018317205.1,1.5.0,Fast,,,,Chicken rice,,,,29184361,,PATRIC,Singapore,Asia,South-eastern Asia
ampicillin,susceptible,= 2 mg/L,SAMEA4652193,GCA_018317205.1,Escherichia,Escherichia coli,Escherichia coli,562,,other (non-clinical isolate),ERS2472830,broth dilution,,EUCAST,ARO_3000637|https://www.ebi.ac.uk/ols4/ontologies/aro/classes/http%253A%252F%252Fpurl.obolibrary.org%252Fobo%252FARO_3000637,ENA|DAEAYS010000003|DAEAYS010000003.1,14518,14952,+,GCA_018317205.1_01349,marR,marR_S3N,AMR,POINT,MULTIDRUG,AMPICILLIN/CHLORAMPHENICOL/QUINOLONE/RIFAMPIN/TETRACYCLINE,AMPICILLIN,POINTP,WP_000843414.1,transcriptional regulator MarR,100.00,97.92,,,Annotation|https://ftp.ebi.ac.uk/pub/databases/amr_portal/genomes/GCA/018/317/GCA_018317205.1,1.5.0,Fast,,,,Chicken rice,,,,29184361,no,PATRIC,Singapore,Asia,South-eastern Asia
ampicillin,resistant,= 64 mg/L,SAMEA104412402,GCA_018186155.1,Escherichia,Escherichia coli,Escherichia coli,562,DTU2016-411-PRJPatricia-Escherichia-coli-14057877_S11_L001,other (non-clinical isolate),ERS2030344,broth dilution,,EUCAST,ARO_3000637|https://www.ebi.ac.uk/ols4/ontologies/aro/classes/http%253A%252F%252Fpurl.obolibrary.org%252Fobo%252FARO_3000637,DAEAHV010000006.1,65929,66252,-,GCA_018186155.1_01041,soxS,soxS_A12S,AMR,POINT,MULTIDRUG,AMPICILLIN/CHLORAMPHENICOL/QUINOLONE/RIFAMPIN/TETRACYCLINE,AMPICILLIN,POINTP,WP_000019358.1,regulatory protein SoxS,100.00,99.07,,,Annotation|https://ftp.ebi.ac.uk/pub/databases/amr_portal/genomes/GCA/018/186/GCA_018186155.1,1.5.0,Fast,2014,,,Slaughterhouse,,41.8061,12.5786,29951045,no,PATRIC,Italy,Europe,Southern Europe
ampicillin,resistant,= 128 mg/L,SAMEA104412483,GCA_018186475.1,Escherichia,Escherichia coli,Escherichia coli,562,14066715,other (non-clinical isolate),ERS2030425,broth dilution,,EUCAST,ARO_3000637|https://www.ebi.ac.uk/ols4/ontologies/aro/classes/http%253A%252F%252Fpurl.obolibrary.org%252Fobo%252FARO_3000637,DAEAIM010000009.1,8303,8626,-,GCA_018186475.1_01595,soxS,soxS_A12S,AMR,POINT,MULTIDRUG,AMPICILLIN/CHLORAMPHENICOL/QUINOLONE/RIFAMPIN/TETRACYCLINE,AMPICILLIN,POINTP,WP_000019358.1,regulatory protein SoxS,100.00,99.07,,,Annotation|https://ftp.ebi.ac.uk/pub/databases/amr_portal/genomes/GCA/018/186/GCA_018186475.1,1.5.0,Fast,2014,,,Slaughterhouse,,41.8061,12.5786,29951045,no,PATRIC,Italy,Europe,Southern Europe
ampicillin,resistant,= 128 mg/L,SAMEA104412482,GCA_018186415.1,Escherichia,Escherichia coli,Escherichia coli,562,14069546,other (non-clinical isolate),ERS2030424,broth dilution,,EUCAST,ARO_3000637|https://www.ebi.ac.uk/ols4/ontologies/aro/classes/http%253A%252F%252Fpurl.obolibrary.org%252Fobo%252FARO_3000637,DAEAIH010000017.1,15288,15611,-,GCA_018186415.1_02484,soxS,soxS_A12S,AMR,POINT,MULTIDRUG,AMPICILLIN/CHLORAMPHENICOL/QUINOLONE/RIFAMPIN/TETRACYCLINE,AMPICILLIN,POINTP,WP_000019358.1,regulatory protein SoxS,100.00,99.07,,,Annotation|https://ftp.ebi.ac.uk/pub/databases/amr_portal/genomes/GCA/018/186/GCA_018186415.1,1.5.0,Fast,2014,,,Slaughterhouse,,41.8061,12.5786,29951045,no,PATRIC,Italy,Europe,Southern Europe
ampicillin,resistant,,SAMEA104407588,GCA_014686465.1,Escherichia,Escherichia coli,Escherichia coli,562,,other (non-clinical isolate),ERS2025530,disk diffusion,,EUCAST,ARO_3000637|https://www.ebi.ac.uk/ols4/ontologies/aro/classes/http%253A%252F%252Fpurl.obolibrary.org%252Fobo%252FARO_3000637,DABUKF010000004.1,66436,66870,+,GCA_014686465.1_01232,marR,marR_S3N,AMR,POINT,MULTIDRUG,AMPICILLIN/CHLORAMPHENICOL/QUINOLONE/RIFAMPIN/TETRACYCLINE,AMPICILLIN,POINTP,WP_000843414.1,transcriptional regulator MarR,100.00,97.92,,,Annotation|https://ftp.ebi.ac.uk/pub/databases/amr_portal/genomes/GCA/014/686/GCA_014686465.1,1.5.0,Fast,2012,,,chicken meat,,,,30092762,,PATRIC,Germany,Europe,Western Europe
ampicillin,resistant,> 32 mg/L,SAMN16484112,GCA_014942065.1,Escherichia,Escherichia coli,Escherichia coli,562,CVM N19EC0255,other (non-clinical isolate),SRS7541651,broth dilution,Sensititre,,ARO_3000637|https://www.ebi.ac.uk/ols4/ontologies/aro/classes/http%253A%252F%252Fpurl.obolibrary.org%252Fobo%252FARO_3000637,AAWODX010000001.1,35977,36411,+,GCA_014942065.1_00034,marR,marR_S3N,AMR,POINT,MULTIDRUG,AMPICILLIN/CHLORAMPHENICOL/QUINOLONE/RIFAMPIN/TETRACYCLINE,AMPICILLIN,POINTP,WP_000843414.1,transcriptional regulator MarR,100.00,97.92,,,Annotation|https://ftp.ebi.ac.uk/pub/databases/amr_portal/genomes/GCA/014/942/GCA_014942065.1,1.6.0,Full,2019,,,ground turkey,,,,,no,NCBI_antibiogram;NDARO,United States of America,Americas,Northern America
ampicillin,susceptible,== 2 mg/L,SAMN16484122,GCA_014942445.1,Escherichia,Escherichia coli,Escherichia coli,562,CVM N19EC0750,other (non-clinical isolate),SRS7541659,broth dilution,Sensititre,,ARO_3000637|https://www.ebi.ac.uk/ols4/ontologies/aro/classes/http%253A%252F%252Fpurl.obolibrary.org%252Fobo%252FARO_3000637,AAWOEF010000002.1,388001,388435,-,GCA_014942445.1_01047,marR,marR_S3N,AMR,POINT,MULTIDRUG,AMPICILLIN/CHLORAMPHENICOL/QUINOLONE/RIFAMPIN/TETRACYCLINE,AMPICILLIN,POINTP,WP_000843414.1,transcriptional regulator MarR,100.00,97.92,,,Annotation|https://ftp.ebi.ac.uk/pub/databases/amr_portal/genomes/GCA/014/942/GCA_014942445.1,1.6.0,Full,2019,,,chicken legs,,,,,no,NCBI_antibiogram;NDARO,United States of America,Americas,Northern America
ampicillin,resistant,,SAMEA104407526,GCA_014690725.1,Escherichia,Escherichia coli,Escherichia coli,562,,other (non-clinical isolate),ERS2025468,disk diffusion,,EUCAST,ARO_3000637|https://www.ebi.ac.uk/ols4/ontologies/aro/classes/http%253A%252F%252Fpurl.obolibrary.org%252Fobo%252FARO_3000637,DABUHV010000010.1,109509,109943,-,GCA_014690725.1_02287,marR,marR_S3N,AMR,POINT,MULTIDRUG,AMPICILLIN/CHLORAMPHENICOL/QUINOLONE/RIFAMPIN/TETRACYCLINE,AMPICILLIN,POINTP,WP_000843414.1,transcriptional regulator MarR,100.00,97.92,,,Annotation|https://ftp.ebi.ac.uk/pub/databases/amr_portal/genomes/GCA/014/690/GCA_014690725.1,1.5.0,Fast,2012,,,chicken,,,,30092762,,PATRIC,Germany,Europe,Western Europe
ampicillin,resistant,,SAMEA104407463,GCA_014691325.1,Escherichia,Escherichia coli,Escherichia coli,562,,Homo sapiens,ERS2025405,disk diffusion,,EUCAST,ARO_3000637|https://www.ebi.ac.uk/ols4/ontologies/aro/classes/http%253A%252F%252Fpurl.obolibrary.org%252Fobo%252FARO_3000637,DABUIM010000001.1,130341,130775,-,GCA_014691325.1_00140,marR,marR_S3N,AMR,POINT,MULTIDRUG,AMPICILLIN/CHLORAMPHENICOL/QUINOLONE/RIFAMPIN/TETRACYCLINE,AMPICILLIN,POINTP,WP_000843414.1,transcriptional regulator MarR,100.00,97.92,,,Annotation|https://ftp.ebi.ac.uk/pub/databases/amr_portal/genomes/GCA/014/691/GCA_014691325.1,1.5.0,Fast,2014,,,,,,,30092762,,PATRIC,Germany,Europe,Western Europe
ampicillin,susceptible,== 2 mg/L,SAMN16484117,GCA_014936745.1,Escherichia,Escherichia coli,Escherichia coli,562,CVM N19EC0319,other (non-clinical isolate),SRS7541642,broth dilution,Sensititre,,ARO_3000637|https://www.ebi.ac.uk/ols4/ontologies/aro/classes/http%253A%252F%252Fpurl.obolibrary.org%252Fobo%252FARO_3000637,AAWODO010000008.1,164694,165128,-,GCA_014936745.1_01983,marR,marR_S3N,AMR,POINT,MULTIDRUG,AMPICILLIN/CHLORAMPHENICOL/QUINOLONE/RIFAMPIN/TETRACYCLINE,AMPICILLIN,POINTP,WP_000843414.1,transcriptional regulator MarR,100.00,97.92,,,Annotation|https://ftp.ebi.ac.uk/pub/databases/amr_portal/genomes/GCA/014/936/GCA_014936745.1,1.6.0,Full,2019,,,chicken thighs,,,,,no,NCBI_antibiogram;NDARO,United States of America,Americas,Northern America
ampicillin,susceptible,== 8 mg/L,SAMN05596367,GCA_006497055.1,Salmonella,Salmonella enterica,Salmonella enterica,28901,2014AM-2900,other (non-clinical isolate),SRS1629359,broth dilution,,CLSI,ARO_3000637|https://www.ebi.ac.uk/ols4/ontologies/aro/classes/http%253A%252F%252Fpurl.obolibrary.org%252Fobo%252FARO_3000637,AAFMHI010000002.1,515178,515759,+,GCA_006497055.1_01630,,ramR_T18P,AMR,POINT,MULTIDRUG,AMPICILLIN/CHLORAMPHENICOL/QUINOLONE/RIFAMPIN/TETRACYCLINE,AMPICILLIN,POINTP,WP_000113609.1,TetR/AcrR family transcriptional regulator RamR,100.00,99.48,,,Annotation|https://ftp.ebi.ac.uk/pub/databases/amr_portal/genomes/GCA/006/497/GCA_006497055.1,1.5.0,Fast,2014,,,,,,,,no,NCBI_antibiogram;NDARO;PATRIC,United States of America,Americas,Northern America
ampicillin,susceptible,== 2 mg/L,SAMN12036101,GCA_006424875.1,Salmonella,Salmonella enterica,Salmonella enterica,28901,PNUSAS078022,,SRS4952996,,,,ARO_3000637|https://www.ebi.ac.uk/ols4/ontologies/aro/classes/http%253A%252F%252Fpurl.obolibrary.org%252Fobo%252FARO_3000637,AAFIRB010000002.1,143804,144385,+,GCA_006424875.1_00837,,ramR_T18P,AMR,POINT,MULTIDRUG,AMPICILLIN/CHLORAMPHENICOL/QUINOLONE/RIFAMPIN/TETRACYCLINE,AMPICILLIN,POINTP,WP_000113609.1,TetR/AcrR family transcriptional regulator RamR,100.00,98.96,,,Annotation|https://ftp.ebi.ac.uk/pub/databases/amr_portal/genomes/GCA/006/424/GCA_006424875.1,1.5.0,Fast,2019,,,Blood,blood,,,,no,NARMS,United States of America,Americas,Northern America
ampicillin,resistant,> 32 mg/L,SAMN07291517,GCA_002999075.1,Escherichia,Escherichia coli,Escherichia coli,562,AR_0374,,SRS3013418,broth dilution,,CLSI,ARO_3000637|https://www.ebi.ac.uk/ols4/ontologies/aro/classes/http%253A%252F%252Fpurl.obolibrary.org%252Fobo%252FARO_3000637,CP027126.1,2660967,2661290,+,GCA_002999075.1_02526,soxS,soxS_A12S,AMR,POINT,MULTIDRUG,AMPICILLIN/CHLORAMPHENICOL/QUINOLONE/RIFAMPIN/TETRACYCLINE,AMPICILLIN,POINTP,WP_000019358.1,regulatory protein SoxS,100.00,99.07,,,Annotation|https://ftp.ebi.ac.uk/pub/databases/amr_portal/genomes/GCA/002/999/GCA_002999075.1,1.5.0,Fast,,,,,,,,33659219,no,CDC;NCBI_antibiogram;PATRIC;CABBAGE_PubMed_data,,,
ampicillin,resistant,== 6 mm,SAMN06198938,GCA_002860085.1,Escherichia,Escherichia coli,Escherichia coli,562,CRE1540,Homo sapiens,SRS1892034,disk diffusion,,CLSI,ARO_3000637|https://www.ebi.ac.uk/ols4/ontologies/aro/classes/http%253A%252F%252Fpurl.obolibrary.org%252Fobo%252FARO_3000637,CP019051.1,978896,979219,+,GCA_002860085.1_00901,soxS,soxS_A12S,AMR,POINT,MULTIDRUG,AMPICILLIN/CHLORAMPHENICOL/QUINOLONE/RIFAMPIN/TETRACYCLINE,AMPICILLIN,POINTP,WP_000019358.1,regulatory protein SoxS,100.00,99.07,,,Annotation|https://ftp.ebi.ac.uk/pub/databases/amr_portal/genomes/GCA/002/860/GCA_002860085.1,1.5.0,Fast,2014,,,Rectal Swab,gastrointestinal system,22.28,114.14,,no,NCBI_antibiogram;PATRIC,Hong Kong,Asia,Eastern Asia
ampicillin,resistant,= 128 mg/L,SAMEA104412466,GCA_048599745.1,Escherichia,Escherichia coli,Escherichia coli,562,14040376,other (non-clinical isolate),ERS2030408,broth dilution,,EUCAST,ARO_3000637|https://www.ebi.ac.uk/ols4/ontologies/aro/classes/http%253A%252F%252Fpurl.obolibrary.org%252Fobo%252FARO_3000637,DBGGZW010000024.1,17271,17594,-,GCA_048599745.1_02819,soxS,soxS_A12S,AMR,POINT,MULTIDRUG,AMPICILLIN/CHLORAMPHENICOL/QUINOLONE/RIFAMPIN/TETRACYCLINE,AMPICILLIN,POINTP,WP_000019358.1,regulatory protein SoxS,100.00,99.07,,,Annotation|https://ftp.ebi.ac.uk/pub/databases/amr_portal/genomes/GCA/048/599/GCA_048599745.1,1.5.0,Fast,2014,,,Slaughterhouse,,41.8061,12.5786,29951045,no,PATRIC,Italy,Europe,Southern Europe
ampicillin,resistant,> 32 mg/L,SAMN43563802,GCA_044692315.1,Escherichia,Escherichia coli,Escherichia coli,562,E-MBS3760A,other (non-clinical isolate),SRS23016401,broth dilution,Sensititre,CLSI,ARO_3000637|https://www.ebi.ac.uk/ols4/ontologies/aro/classes/http%253A%252F%252Fpurl.obolibrary.org%252Fobo%252FARO_3000637,DBBFRV010000017.1,98224,98658,-,GCA_044692315.1_03321,marR,marR_S3N,AMR,POINT,MULTIDRUG,AMPICILLIN/CHLORAMPHENICOL/QUINOLONE/RIFAMPIN/TETRACYCLINE,AMPICILLIN,POINTP,WP_000843414.1,transcriptional regulator MarR,100.00,97.92,,,Annotation|https://ftp.ebi.ac.uk/pub/databases/amr_portal/genomes/GCA/044/692/GCA_044692315.1,1.5.0,Fast,2013,,,meat (whole or parts) [foodon:03317170] food (raw) [foodon:03311126] meat (with bone) [foodon:02010116] meat (with skin) [foodon:02010111] carcass [uberon:0008979] gallus gallus [ncbitaxon:9031] abattoir [envo:01000925],,,,,no,NCBI_antibiogram,Canada,Americas,Northern America
ampicillin,susceptible,== 4 mg/L,SAMN43563772,GCA_044690305.1,Escherichia,Escherichia coli,Escherichia coli,562,E-MBS3669A,other (non-clinical isolate),SRS23016897,broth dilution,Sensititre,CLSI,ARO_3000637|https://www.ebi.ac.uk/ols4/ontologies/aro/classes/http%253A%252F%252Fpurl.obolibrary.org%252Fobo%252FARO_3000637,DBBFNZ010000016.1,98224,98658,-,GCA_044690305.1_03382,marR,marR_S3N,AMR,POINT,MULTIDRUG,AMPICILLIN/CHLORAMPHENICOL/QUINOLONE/RIFAMPIN/TETRACYCLINE,AMPICILLIN,POINTP,WP_000843414.1,transcriptional regulator MarR,100.00,97.92,,,Annotation|https://ftp.ebi.ac.uk/pub/databases/amr_portal/genomes/GCA/044/690/GCA_044690305.1,1.5.0,Fast,2013,,,carcass [uberon:0008979] meat (whole or parts) [foodon:03317170] gallus gallus [ncbitaxon:9031] abattoir [envo:01000925] food (raw) [foodon:03311126] meat (with bone) [foodon:02010116] meat (with skin) [foodon:02010111],,,,,no,NCBI_antibiogram,Canada,Americas,Northern America
ampicillin,susceptible,== 2 mg/L,SAMN43563080,GCA_044079215.1,Escherichia,Escherichia coli,Escherichia coli,562,E-MBS1561A,other (non-clinical isolate),SRS23032886,broth dilution,Sensititre,CLSI,ARO_3000637|https://www.ebi.ac.uk/ols4/ontologies/aro/classes/http%253A%252F%252Fpurl.obolibrary.org%252Fobo%252FARO_3000637,DBADMH010000002.1,15050,15484,+,GCA_044079215.1_00450,marR,marR_S3N,AMR,POINT,MULTIDRUG,AMPICILLIN/CHLORAMPHENICOL/QUINOLONE/RIFAMPIN/TETRACYCLINE,AMPICILLIN,POINTP,WP_000843414.1,transcriptional regulator MarR,100.00,97.92,,,Annotation|https://ftp.ebi.ac.uk/pub/databases/amr_portal/genomes/GCA/044/079/GCA_044079215.1,1.5.0,Fast,2013,,,gallus gallus [ncbitaxon:9031] carcass [uberon:0008979] food (raw) [foodon:03311126] meat (with bone) [foodon:02010116] meat (with skin) [foodon:02010111] meat (whole or parts) [foodon:03317170] abattoir [envo:01000925],,,,,no,NCBI_antibiogram,Canada,Americas,Northern America
ampicillin,susceptible,== 2 mg/L,SAMN43563782,GCA_044136045.1,Escherichia,Escherichia coli,Escherichia coli,562,E-MBS3704A,other (non-clinical isolate),SRS23032961,broth dilution,Sensititre,CLSI,ARO_3000637|https://www.ebi.ac.uk/ols4/ontologies/aro/classes/http%253A%252F%252Fpurl.obolibrary.org%252Fobo%252FARO_3000637,DBAGFP010000016.1,98224,98658,-,GCA_044136045.1_02780,marR,marR_S3N,AMR,POINT,MULTIDRUG,AMPICILLIN/CHLORAMPHENICOL/QUINOLONE/RIFAMPIN/TETRACYCLINE,AMPICILLIN,POINTP,WP_000843414.1,transcriptional regulator MarR,100.00,97.92,,,Annotation|https://ftp.ebi.ac.uk/pub/databases/amr_portal/genomes/GCA/044/136/GCA_044136045.1,1.5.0,Fast,2013,,,meat (whole or parts) [foodon:03317170] abattoir [envo:01000925] carcass [uberon:0008979] food (raw) [foodon:03311126] meat (with bone) [foodon:02010116] meat (with skin) [foodon:02010111] gallus gallus [ncbitaxon:9031],,,,,no,NCBI_antibiogram,Canada,Americas,Northern America
ampicillin,resistant,>= 32 mg/L,SAMN36726415,GCA_032338095.2,Escherichia,Escherichia coli,Escherichia coli,562,,Homo sapiens,SRS18432351,broth dilution,Vitek,CLSI,ARO_3000637|https://www.ebi.ac.uk/ols4/ontologies/aro/classes/http%253A%252F%252Fpurl.obolibrary.org%252Fobo%252FARO_3000637,ABNHVM020000022.1,9400,9834,-,GCA_032338095.2_04399,marR,marR_S3N,AMR,POINT,MULTIDRUG,AMPICILLIN/CHLORAMPHENICOL/QUINOLONE/RIFAMPIN/TETRACYCLINE,AMPICILLIN,POINTP,WP_000843414.1,transcriptional regulator MarR,100.00,97.92,,,Annotation|https://ftp.ebi.ac.uk/pub/databases/amr_portal/genomes/GCA/032/338/GCA_032338095.2,1.5.0,Fast,2023,,,rectal,gastrointestinal system,42.3362,-71.1067,,no,NCBI_antibiogram,United States of America,Americas,Northern America
ampicillin,resistant,>= 32 mg/L,SAMN36726424,GCA_032338195.2,Escherichia,Escherichia coli,Escherichia coli,562,,Homo sapiens,SRS18432361,broth dilution,Vitek,CLSI,ARO_3000637|https://www.ebi.ac.uk/ols4/ontologies/aro/classes/http%253A%252F%252Fpurl.obolibrary.org%252Fobo%252FARO_3000637,ABNHVS020000020.1,59068,59502,+,GCA_032338195.2_04487,marR,marR_S3N,AMR,POINT,MULTIDRUG,AMPICILLIN/CHLORAMPHENICOL/QUINOLONE/RIFAMPIN/TETRACYCLINE,AMPICILLIN,POINTP,WP_000843414.1,transcriptional regulator MarR,100.00,97.92,,,Annotation|https://ftp.ebi.ac.uk/pub/databases/amr_portal/genomes/GCA/032/338/GCA_032338195.2,1.5.0,Fast,2022,,,urine,urinary tract,42.3362,-71.1067,,no,NCBI_antibiogram,United States of America,Americas,Northern America
ampicillin,resistant,>= 32 mg/L,SAMN36726461,GCA_032338295.2,Escherichia,Escherichia coli,Escherichia coli,562,,Homo sapiens,SRS18432346,broth dilution,Vitek,CLSI,ARO_3000637|https://www.ebi.ac.uk/ols4/ontologies/aro/classes/http%253A%252F%252Fpurl.obolibrary.org%252Fobo%252FARO_3000637,ABNHVY020000026.1,9400,9834,-,GCA_032338295.2_04386,marR,marR_S3N,AMR,POINT,MULTIDRUG,AMPICILLIN/CHLORAMPHENICOL/QUINOLONE/RIFAMPIN/TETRACYCLINE,AMPICILLIN,POINTP,WP_000843414.1,transcriptional regulator MarR,100.00,97.92,,,Annotation|https://ftp.ebi.ac.uk/pub/databases/amr_portal/genomes/GCA/032/338/GCA_032338295.2,1.5.0,Fast,2022,,,urine,urinary tract,42.3362,-71.1067,,no,NCBI_antibiogram,United States of America,Americas,Northern America
ampicillin,resistant,>= 32 mg/L,SAMN36727317,GCA_032334035.2,Escherichia,Escherichia coli,Escherichia coli,562,,Homo sapiens,SRS18432669,broth dilution,Vitek,CLSI,ARO_3000637|https://www.ebi.ac.uk/ols4/ontologies/aro/classes/http%253A%252F%252Fpurl.obolibrary.org%252Fobo%252FARO_3000637,ABNHRO020000023.1,9400,9834,-,GCA_032334035.2_04535,marR,marR_S3N,AMR,POINT,MULTIDRUG,AMPICILLIN/CHLORAMPHENICOL/QUINOLONE/RIFAMPIN/TETRACYCLINE,AMPICILLIN,POINTP,WP_000843414.1,transcriptional regulator MarR,100.00,97.92,,,Annotation|https://ftp.ebi.ac.uk/pub/databases/amr_portal/genomes/GCA/032/334/GCA_032334035.2,1.5.0,Fast,2023,,,urine,urinary tract,42.3362,-71.1067,,no,NCBI_antibiogram,United States of America,Americas,Northern America
ampicillin,resistant,>= 32 mg/L,SAMN36726649,GCA_032334935.2,Escherichia,Escherichia coli,Escherichia coli,562,,Homo sapiens,SRS18432442,broth dilution,Vitek,CLSI,ARO_3000637|https://www.ebi.ac.uk/ols4/ontologies/aro/classes/http%253A%252F%252Fpurl.obolibrary.org%252Fobo%252FARO_3000637,ABNHSK020000026.1,9400,9834,-,GCA_032334935.2_04559,marR,marR_S3N,AMR,POINT,MULTIDRUG,AMPICILLIN/CHLORAMPHENICOL/QUINOLONE/RIFAMPIN/TETRACYCLINE,AMPICILLIN,POINTP,WP_000843414.1,transcriptional regulator MarR,100.00,97.92,,,Annotation|https://ftp.ebi.ac.uk/pub/databases/amr_portal/genomes/GCA/032/334/GCA_032334935.2,1.5.0,Fast,2022,,,urine,urinary tract,42.3362,-71.1067,,no,NCBI_antibiogram,United States of America,Americas,Northern America
ampicillin,resistant,>= 32 mg/L,SAMN36728891,GCA_032328735.2,Escherichia,Escherichia coli,Escherichia coli,562,,Homo sapiens,SRS18433619,broth dilution,Vitek,CLSI,ARO_3000637|https://www.ebi.ac.uk/ols4/ontologies/aro/classes/http%253A%252F%252Fpurl.obolibrary.org%252Fobo%252FARO_3000637,ABNHHL020000023.1,9400,9834,-,GCA_032328735.2_04565,marR,marR_S3N,AMR,POINT,MULTIDRUG,AMPICILLIN/CHLORAMPHENICOL/QUINOLONE/RIFAMPIN/TETRACYCLINE,AMPICILLIN,POINTP,WP_000843414.1,transcriptional regulator MarR,100.00,97.92,,,Annotation|https://ftp.ebi.ac.uk/pub/databases/amr_portal/genomes/GCA/032/328/GCA_032328735.2,1.5.0,Fast,2023,,,urine,urinary tract,42.3362,-71.1067,,no,NCBI_antibiogram,United States of America,Americas,Northern America
ampicillin,resistant,>= 32 mg/L,SAMN36729209,GCA_032328115.2,Escherichia,Escherichia coli,Escherichia coli,562,,Homo sapiens,SRS18433930,broth dilution,Vitek,CLSI,ARO_3000637|https://www.ebi.ac.uk/ols4/ontologies/aro/classes/http%253A%252F%252Fpurl.obolibrary.org%252Fobo%252FARO_3000637,ABNHGE020000023.1,9400,9834,-,GCA_032328115.2_04389,marR,marR_S3N,AMR,POINT,MULTIDRUG,AMPICILLIN/CHLORAMPHENICOL/QUINOLONE/RIFAMPIN/TETRACYCLINE,AMPICILLIN,POINTP,WP_000843414.1,transcriptional regulator MarR,100.00,97.92,,,Annotation|https://ftp.ebi.ac.uk/pub/databases/amr_portal/genomes/GCA/032/328/GCA_032328115.2,1.5.0,Fast,2022,,,blood,blood,42.3362,-71.1067,,no,NCBI_antibiogram,United States of America,Americas,Northern America
ampicillin,resistant,>= 32 mg/L,SAMN36728921,GCA_032328055.2,Escherichia,Escherichia coli,Escherichia coli,562,,Homo sapiens,SRS18433921,broth dilution,Vitek,CLSI,ARO_3000637|https://www.ebi.ac.uk/ols4/ontologies/aro/classes/http%253A%252F%252Fpurl.obolibrary.org%252Fobo%252FARO_3000637,ABNHGD020000005.1,68322,68756,+,GCA_032328055.2_02635,marR,marR_S3N,AMR,POINT,MULTIDRUG,AMPICILLIN/CHLORAMPHENICOL/QUINOLONE/RIFAMPIN/TETRACYCLINE,AMPICILLIN,POINTP,WP_000843414.1,transcriptional regulator MarR,100.00,97.92,,,Annotation|https://ftp.ebi.ac.uk/pub/databases/amr_portal/genomes/GCA/032/328/GCA_032328055.2,1.5.0,Fast,2022,,,urine,urinary tract,42.3362,-71.1067,,no,NCBI_antibiogram,United States of America,Americas,Northern America
ampicillin,resistant,>= 32 mg/L,SAMN36728994,GCA_032328795.2,Escherichia,Escherichia coli,Escherichia coli,562,,Homo sapiens,SRS18433625,broth dilution,Vitek,CLSI,ARO_3000637|https://www.ebi.ac.uk/ols4/ontologies/aro/classes/http%253A%252F%252Fpurl.obolibrary.org%252Fobo%252FARO_3000637,ABNHHO020000002.1,462114,462548,-,GCA_032328795.2_01324,marR,marR_S3N,AMR,POINT,MULTIDRUG,AMPICILLIN/CHLORAMPHENICOL/QUINOLONE/RIFAMPIN/TETRACYCLINE,AMPICILLIN,POINTP,WP_000843414.1,transcriptional regulator MarR,100.00,97.92,,,Annotation|https://ftp.ebi.ac.uk/pub/databases/amr_portal/genomes/GCA/032/328/GCA_032328795.2,1.5.0,Fast,2022,,,blood,blood,42.3362,-71.1067,,no,NCBI_antibiogram,United States of America,Americas,Northern America
ampicillin,susceptible,== 4 mg/L,SAMN36728906,GCA_032330575.2,Escherichia,Escherichia coli,Escherichia coli,562,,Homo sapiens,SRS18433772,broth dilution,Vitek,CLSI,ARO_3000637|https://www.ebi.ac.uk/ols4/ontologies/aro/classes/http%253A%252F%252Fpurl.obolibrary.org%252Fobo%252FARO_3000637,ABNHKX020000019.1,9400,9834,-,GCA_032330575.2_04497,marR,marR_S3N,AMR,POINT,MULTIDRUG,AMPICILLIN/CHLORAMPHENICOL/QUINOLONE/RIFAMPIN/TETRACYCLINE,AMPICILLIN,POINTP,WP_000843414.1,transcriptional regulator MarR,100.00,97.92,,,Annotation|https://ftp.ebi.ac.uk/pub/databases/amr_portal/genomes/GCA/032/330/GCA_032330575.2,1.5.0,Fast,2023,,,urine,urinary tract,42.3362,-71.1067,,no,NCBI_antibiogram,United States of America,Americas,Northern America
ampicillin,susceptible,== 8 mg/L,SAMN36729056,GCA_032330655.2,Escherichia,Escherichia coli,Escherichia coli,562,,Homo sapiens,SRS18433777,broth dilution,Vitek,CLSI,ARO_3000637|https://www.ebi.ac.uk/ols4/ontologies/aro/classes/http%253A%252F%252Fpurl.obolibrary.org%252Fobo%252FARO_3000637,ABNHLC020000003.1,477139,477573,-,GCA_032330655.2_01648,marR,marR_S3N,AMR,POINT,MULTIDRUG,AMPICILLIN/CHLORAMPHENICOL/QUINOLONE/RIFAMPIN/TETRACYCLINE,AMPICILLIN,POINTP,WP_000843414.1,transcriptional regulator MarR,100.00,97.92,,,Annotation|https://ftp.ebi.ac.uk/pub/databases/amr_portal/genomes/GCA/032/330/GCA_032330655.2,1.5.0,Fast,2022,,,blood,blood,42.3362,-71.1067,,no,NCBI_antibiogram,United States of America,Americas,Northern America
ampicillin,resistant,>= 32 mg/L,SAMN36729090,GCA_032330115.2,Escherichia,Escherichia coli,Escherichia coli,562,,Homo sapiens,SRS18433732,broth dilution,Vitek,CLSI,ARO_3000637|https://www.ebi.ac.uk/ols4/ontologies/aro/classes/http%253A%252F%252Fpurl.obolibrary.org%252Fobo%252FARO_3000637,ABNHJZ020000022.1,9400,9834,-,GCA_032330115.2_04411,marR,marR_S3N,AMR,POINT,MULTIDRUG,AMPICILLIN/CHLORAMPHENICOL/QUINOLONE/RIFAMPIN/TETRACYCLINE,AMPICILLIN,POINTP,WP_000843414.1,transcriptional regulator MarR,100.00,97.92,,,Annotation|https://ftp.ebi.ac.uk/pub/databases/amr_portal/genomes/GCA/032/330/GCA_032330115.2,1.5.0,Fast,2023,,,rectal,gastrointestinal system,42.3362,-71.1067,,no,NCBI_antibiogram,United States of America,Americas,Northern America
ampicillin,resistant,>= 32 mg/L,SAMN36729060,GCA_032330735.2,Escherichia,Escherichia coli,Escherichia coli,562,,Homo sapiens,SRS18433782,broth dilution,Vitek,CLSI,ARO_3000637|https://www.ebi.ac.uk/ols4/ontologies/aro/classes/http%253A%252F%252Fpurl.obolibrary.org%252Fobo%252FARO_3000637,ABNHLH020000022.1,9400,9834,-,GCA_032330735.2_04302,marR,marR_S3N,AMR,POINT,MULTIDRUG,AMPICILLIN/CHLORAMPHENICOL/QUINOLONE/RIFAMPIN/TETRACYCLINE,AMPICILLIN,POINTP,WP_000843414.1,transcriptional regulator MarR,100.00,97.92,,,Annotation|https://ftp.ebi.ac.uk/pub/databases/amr_portal/genomes/GCA/032/330/GCA_032330735.2,1.5.0,Fast,2023,,,urine,urinary tract,42.3362,-71.1067,,no,NCBI_antibiogram,United States of America,Americas,Northern America
ampicillin,susceptible,<= 2 mg/L,SAMN36729095,GCA_032330935.2,Escherichia,Escherichia coli,Escherichia coli,562,,Homo sapiens,SRS18433793,broth dilution,Vitek,CLSI,ARO_3000637|https://www.ebi.ac.uk/ols4/ontologies/aro/classes/http%253A%252F%252Fpurl.obolibrary.org%252Fobo%252FARO_3000637,ABNHLQ020000002.1,473933,474367,-,GCA_032330935.2_01183,marR,marR_S3N,AMR,POINT,MULTIDRUG,AMPICILLIN/CHLORAMPHENICOL/QUINOLONE/RIFAMPIN/TETRACYCLINE,AMPICILLIN,POINTP,WP_000843414.1,transcriptional regulator MarR,100.00,97.92,,,Annotation|https://ftp.ebi.ac.uk/pub/databases/amr_portal/genomes/GCA/032/330/GCA_032330935.2,1.5.0,Fast,2022,,,blood,blood,42.3362,-71.1067,,no,NCBI_antibiogram,United States of America,Americas,Northern America
ampicillin,resistant,>= 32 mg/L,SAMN36729064,GCA_032330835.2,Escherichia,Escherichia coli,Escherichia coli,562,,Homo sapiens,SRS18433787,broth dilution,Vitek,CLSI,ARO_3000637|https://www.ebi.ac.uk/ols4/ontologies/aro/classes/http%253A%252F%252Fpurl.obolibrary.org%252Fobo%252FARO_3000637,ABNHLK020000003.1,44460,44894,+,GCA_032330835.2_01221,marR,marR_S3N,AMR,POINT,MULTIDRUG,AMPICILLIN/CHLORAMPHENICOL/QUINOLONE/RIFAMPIN/TETRACYCLINE,AMPICILLIN,POINTP,WP_000843414.1,transcriptional regulator MarR,100.00,97.92,,,Annotation|https://ftp.ebi.ac.uk/pub/databases/amr_portal/genomes/GCA/032/330/GCA_032330835.2,1.5.0,Fast,2022,,,urine,urinary tract,42.3362,-71.1067,,no,NCBI_antibiogram,United States of America,Americas,Northern America
ampicillin,resistant,>= 32 mg/L,SAMN36728968,GCA_032330355.2,Escherichia,Escherichia coli,Escherichia coli,562,,Homo sapiens,SRS18433750,broth dilution,Vitek,CLSI,ARO_3000637|https://www.ebi.ac.uk/ols4/ontologies/aro/classes/http%253A%252F%252Fpurl.obolibrary.org%252Fobo%252FARO_3000637,ABNHKM020000026.1,9400,9834,-,GCA_032330355.2_04428,marR,marR_S3N,AMR,POINT,MULTIDRUG,AMPICILLIN/CHLORAMPHENICOL/QUINOLONE/RIFAMPIN/TETRACYCLINE,AMPICILLIN,POINTP,WP_000843414.1,transcriptional regulator MarR,100.00,97.92,,,Annotation|https://ftp.ebi.ac.uk/pub/databases/amr_portal/genomes/GCA/032/330/GCA_032330355.2,1.5.0,Fast,2022,,,urine,urinary tract,42.3362,-71.1067,,no,NCBI_antibiogram,United States of America,Americas,Northern America
ampicillin,resistant,>= 32 mg/L,SAMN36728955,GCA_032330135.1,Escherichia,Escherichia coli,Escherichia coli,562,,Homo sapiens,SRS18433736,broth dilution,Vitek,CLSI,ARO_3000637|https://www.ebi.ac.uk/ols4/ontologies/aro/classes/http%253A%252F%252Fpurl.obolibrary.org%252Fobo%252FARO_3000637,ABNHKC010000024.1,9693,10127,-,GCA_032330135.1_04368,marR,marR_S3N,AMR,POINT,MULTIDRUG,AMPICILLIN/CHLORAMPHENICOL/QUINOLONE/RIFAMPIN/TETRACYCLINE,AMPICILLIN,POINTP,WP_000843414.1,transcriptional regulator MarR,100.00,97.92,,,Annotation|https://ftp.ebi.ac.uk/pub/databases/amr_portal/genomes/GCA/032/330/GCA_032330135.1,1.5.0,Fast,2023,,,blood,blood,42.3362,-71.1067,,no,NCBI_antibiogram,United States of America,Americas,Northern America
ampicillin,resistant,>= 32 mg/L,SAMN36729058,GCA_032330675.2,Escherichia,Escherichia coli,Escherichia coli,562,,Homo sapiens,SRS18433779,broth dilution,Vitek,CLSI,ARO_3000637|https://www.ebi.ac.uk/ols4/ontologies/aro/classes/http%253A%252F%252Fpurl.obolibrary.org%252Fobo%252FARO_3000637,ABNHLD020000002.1,137807,138241,+,GCA_032330675.2_00715,marR,marR_S3N,AMR,POINT,MULTIDRUG,AMPICILLIN/CHLORAMPHENICOL/QUINOLONE/RIFAMPIN/TETRACYCLINE,AMPICILLIN,POINTP,WP_000843414.1,transcriptional regulator MarR,100.00,97.92,,,Annotation|https://ftp.ebi.ac.uk/pub/databases/amr_portal/genomes/GCA/032/330/GCA_032330675.2,1.5.0,Fast,2023,,,abscess,,42.3362,-71.1067,,no,NCBI_antibiogram,United States of America,Americas,Northern America
ampicillin,susceptible,<= 2 mg/L,SAMN36729099,GCA_032330975.2,Escherichia,Escherichia coli,Escherichia coli,562,,Homo sapiens,SRS18433797,broth dilution,Vitek,CLSI,ARO_3000637|https://www.ebi.ac.uk/ols4/ontologies/aro/classes/http%253A%252F%252Fpurl.obolibrary.org%252Fobo%252FARO_3000637,ABNHLT020000004.1,36502,36936,+,GCA_032330975.2_02385,marR,marR_S3N,AMR,POINT,MULTIDRUG,AMPICILLIN/CHLORAMPHENICOL/QUINOLONE/RIFAMPIN/TETRACYCLINE,AMPICILLIN,POINTP,WP_000843414.1,transcriptional regulator MarR,100.00,97.92,,,Annotation|https://ftp.ebi.ac.uk/pub/databases/amr_portal/genomes/GCA/032/330/GCA_032330975.2,1.5.0,Fast,2022,,,blood,blood,42.3362,-71.1067,,no,NCBI_antibiogram,United States of America,Americas,Northern America
ampicillin,resistant,>= 32 mg/L,SAMN36729036,GCA_032329715.2,Escherichia,Escherichia coli,Escherichia coli,562,,Homo sapiens,SRS18433699,broth dilution,Vitek,CLSI,ARO_3000637|https://www.ebi.ac.uk/ols4/ontologies/aro/classes/http%253A%252F%252Fpurl.obolibrary.org%252Fobo%252FARO_3000637,ABNHJH020000004.1,40378,40812,+,GCA_032329715.2_01107,marR,marR_S3N,AMR,POINT,MULTIDRUG,AMPICILLIN/CHLORAMPHENICOL/QUINOLONE/RIFAMPIN/TETRACYCLINE,AMPICILLIN,POINTP,WP_000843414.1,transcriptional regulator MarR,100.00,97.92,,,Annotation|https://ftp.ebi.ac.uk/pub/databases/amr_portal/genomes/GCA/032/329/GCA_032329715.2,1.5.0,Fast,2023,,,urine,urinary tract,42.3362,-71.1067,,no,NCBI_antibiogram,United States of America,Americas,Northern America
ampicillin,susceptible,<= 2 mg/L,SAMN36729011,GCA_032329055.2,Escherichia,Escherichia coli,Escherichia coli,562,,Homo sapiens,SRS18433644,broth dilution,Vitek,CLSI,ARO_3000637|https://www.ebi.ac.uk/ols4/ontologies/aro/classes/http%253A%252F%252Fpurl.obolibrary.org%252Fobo%252FARO_3000637,ENA|ABNHIB020000021|ABNHIB020000021.1,9400,9834,-,GCA_032329055.2_04351,marR,marR_S3N,AMR,POINT,MULTIDRUG,AMPICILLIN/CHLORAMPHENICOL/QUINOLONE/RIFAMPIN/TETRACYCLINE,AMPICILLIN,POINTP,WP_000843414.1,transcriptional regulator MarR,100.00,97.92,,,Annotation|https://ftp.ebi.ac.uk/pub/databases/amr_portal/genomes/GCA/032/329/GCA_032329055.2,1.5.0,Fast,2023,,,urine,urinary tract,42.3362,-71.1067,,no,NCBI_antibiogram,United States of America,Americas,Northern America
ampicillin,resistant,>= 32 mg/L,SAMN36729071,GCA_032329835.2,Escherichia,Escherichia coli,Escherichia coli,562,,Homo sapiens,SRS18433711,broth dilution,Vitek,CLSI,ARO_3000637|https://www.ebi.ac.uk/ols4/ontologies/aro/classes/http%253A%252F%252Fpurl.obolibrary.org%252Fobo%252FARO_3000637,ABNHJN020000023.1,9400,9834,-,GCA_032329835.2_04420,marR,marR_S3N,AMR,POINT,MULTIDRUG,AMPICILLIN/CHLORAMPHENICOL/QUINOLONE/RIFAMPIN/TETRACYCLINE,AMPICILLIN,POINTP,WP_000843414.1,transcriptional regulator MarR,100.00,97.92,,,Annotation|https://ftp.ebi.ac.uk/pub/databases/amr_portal/genomes/GCA/032/329/GCA_032329835.2,1.5.0,Fast,2023,,,urine,urinary tract,42.3362,-71.1067,,no,NCBI_antibiogram,United States of America,Americas,Northern America
ampicillin,resistant,>= 32 mg/L,SAMN36728915,GCA_032329415.2,Escherichia,Escherichia coli,Escherichia coli,562,,Homo sapiens,SRS18433674,broth dilution,Vitek,CLSI,ARO_3000637|https://www.ebi.ac.uk/ols4/ontologies/aro/classes/http%253A%252F%252Fpurl.obolibrary.org%252Fobo%252FARO_3000637,ABNHIS020000001.1,13391,13825,+,GCA_032329415.2_00013,marR,marR_S3N,AMR,POINT,MULTIDRUG,AMPICILLIN/CHLORAMPHENICOL/QUINOLONE/RIFAMPIN/TETRACYCLINE,AMPICILLIN,POINTP,WP_000843414.1,transcriptional regulator MarR,100.00,97.92,,,Annotation|https://ftp.ebi.ac.uk/pub/databases/amr_portal/genomes/GCA/032/329/GCA_032329415.2,1.5.0,Fast,2022,,,urine,urinary tract,42.3362,-71.1067,,no,NCBI_antibiogram,United States of America,Americas,Northern America
ampicillin,resistant,>= 32 mg/L,SAMN36729008,GCA_032329015.2,Escherichia,Escherichia coli,Escherichia coli,562,,Homo sapiens,SRS18433640,broth dilution,Vitek,CLSI,ARO_3000637|https://www.ebi.ac.uk/ols4/ontologies/aro/classes/http%253A%252F%252Fpurl.obolibrary.org%252Fobo%252FARO_3000637,ABNHHY020000031.1,9400,9834,-,GCA_032329015.2_04237,marR,marR_S3N,AMR,POINT,MULTIDRUG,AMPICILLIN/CHLORAMPHENICOL/QUINOLONE/RIFAMPIN/TETRACYCLINE,AMPICILLIN,POINTP,WP_000843414.1,transcriptional regulator MarR,100.00,97.92,,,Annotation|https://ftp.ebi.ac.uk/pub/databases/amr_portal/genomes/GCA/032/329/GCA_032329015.2,1.5.0,Fast,2022,,,urine,urinary tract,42.3362,-71.1067,,no,NCBI_antibiogram,United States of America,Americas,Northern America
ampicillin,resistant,>= 32 mg/L,SAMN36726629,GCA_032335855.2,Escherichia,Escherichia coli,Escherichia coli,562,,other (non-clinical isolate),SRS18432476,broth dilution,Vitek,CLSI,ARO_3000637|https://www.ebi.ac.uk/ols4/ontologies/aro/classes/http%253A%252F%252Fpurl.obolibrary.org%252Fobo%252FARO_3000637,ABNHTB020000025.1,9400,9834,-,GCA_032335855.2_04456,marR,marR_S3N,AMR,POINT,MULTIDRUG,AMPICILLIN/CHLORAMPHENICOL/QUINOLONE/RIFAMPIN/TETRACYCLINE,AMPICILLIN,POINTP,WP_000843414.1,transcriptional regulator MarR,100.00,97.92,,,Annotation|https://ftp.ebi.ac.uk/pub/databases/amr_portal/genomes/GCA/032/335/GCA_032335855.2,1.5.0,Fast,2022,,,ir drain,medical devices,42.3362,-71.1067,,no,NCBI_antibiogram,United States of America,Americas,Northern America
ampicillin,resistant,>= 32 mg/L,SAMN36726662,GCA_032335355.2,Escherichia,Escherichia coli,Escherichia coli,562,,Homo sapiens,SRS18432456,broth dilution,Vitek,CLSI,ARO_3000637|https://www.ebi.ac.uk/ols4/ontologies/aro/classes/http%253A%252F%252Fpurl.obolibrary.org%252Fobo%252FARO_3000637,ABNHSR020000024.1,9400,9834,-,GCA_032335355.2_04266,marR,marR_S3N,AMR,POINT,MULTIDRUG,AMPICILLIN/CHLORAMPHENICOL/QUINOLONE/RIFAMPIN/TETRACYCLINE,AMPICILLIN,POINTP,WP_000843414.1,transcriptional regulator MarR,100.00,97.92,,,Annotation|https://ftp.ebi.ac.uk/pub/databases/amr_portal/genomes/GCA/032/335/GCA_032335355.2,1.5.0,Fast,2023,,,blood,blood,42.3362,-71.1067,,no,NCBI_antibiogram,United States of America,Americas,Northern America
ampicillin,susceptible,== 8 mg/L,SAMN36729184,GCA_032331555.2,Escherichia,Escherichia coli,Escherichia coli,562,,Homo sapiens,SRS18433835,broth dilution,Vitek,CLSI,ARO_3000637|https://www.ebi.ac.uk/ols4/ontologies/aro/classes/http%253A%252F%252Fpurl.obolibrary.org%252Fobo%252FARO_3000637,ABNHMR020000004.1,115812,116246,+,GCA_032331555.2_01946,marR,marR_S3N,AMR,POINT,MULTIDRUG,AMPICILLIN/CHLORAMPHENICOL/QUINOLONE/RIFAMPIN/TETRACYCLINE,AMPICILLIN,POINTP,WP_000843414.1,transcriptional regulator MarR,100.00,97.92,,,Annotation|https://ftp.ebi.ac.uk/pub/databases/amr_portal/genomes/GCA/032/331/GCA_032331555.2,1.5.0,Fast,2022,,,blood,blood,42.3362,-71.1067,,no,NCBI_antibiogram,United States of America,Americas,Northern America
ampicillin,resistant,>= 32 mg/L,SAMN36728944,GCA_032331795.2,Escherichia,Escherichia coli,Escherichia coli,562,,Homo sapiens,SRS18433865,broth dilution,Vitek,CLSI,ARO_3000637|https://www.ebi.ac.uk/ols4/ontologies/aro/classes/http%253A%252F%252Fpurl.obolibrary.org%252Fobo%252FARO_3000637,ABNHNG020000023.1,3319,3753,-,GCA_032331795.2_04457,marR,marR_S3N,AMR,POINT,MULTIDRUG,AMPICILLIN/CHLORAMPHENICOL/QUINOLONE/RIFAMPIN/TETRACYCLINE,AMPICILLIN,POINTP,WP_000843414.1,transcriptional regulator MarR,100.00,97.92,,,Annotation|https://ftp.ebi.ac.uk/pub/databases/amr_portal/genomes/GCA/032/331/GCA_032331795.2,1.5.0,Fast,2022,,,urine,urinary tract,42.3362,-71.1067,,no,NCBI_antibiogram,United States of America,Americas,Northern America
ampicillin,resistant,>= 32 mg/L,SAMN36728929,GCA_032331575.2,Escherichia,Escherichia coli,Escherichia coli,562,,Homo sapiens,SRS18433847,broth dilution,Vitek,CLSI,ARO_3000637|https://www.ebi.ac.uk/ols4/ontologies/aro/classes/http%253A%252F%252Fpurl.obolibrary.org%252Fobo%252FARO_3000637,ABNHMX020000022.1,9400,9834,-,GCA_032331575.2_04265,marR,marR_S3N,AMR,POINT,MULTIDRUG,AMPICILLIN/CHLORAMPHENICOL/QUINOLONE/RIFAMPIN/TETRACYCLINE,AMPICILLIN,POINTP,WP_000843414.1,transcriptional regulator MarR,100.00,97.92,,,Annotation|https://ftp.ebi.ac.uk/pub/databases/amr_portal/genomes/GCA/032/331/GCA_032331575.2,1.5.0,Fast,2023,,,urine,urinary tract,42.3362,-71.1067,,no,NCBI_antibiogram,United States of America,Americas,Northern America
ampicillin,susceptible,<= 2 mg/L,SAMN36729102,GCA_032331055.2,Escherichia,Escherichia coli,Escherichia coli,562,,Homo sapiens,SRS18433801,broth dilution,Vitek,CLSI,ARO_3000637|https://www.ebi.ac.uk/ols4/ontologies/aro/classes/http%253A%252F%252Fpurl.obolibrary.org%252Fobo%252FARO_3000637,ABNHLW020000003.1,302107,302541,-,GCA_032331055.2_01076,marR,marR_S3N,AMR,POINT,MULTIDRUG,AMPICILLIN/CHLORAMPHENICOL/QUINOLONE/RIFAMPIN/TETRACYCLINE,AMPICILLIN,POINTP,WP_000843414.1,transcriptional regulator MarR,100.00,97.92,,,Annotation|https://ftp.ebi.ac.uk/pub/databases/amr_portal/genomes/GCA/032/331/GCA_032331055.2,1.5.0,Fast,2022,,,urine,urinary tract,42.3362,-71.1067,,no,NCBI_antibiogram,United States of America,Americas,Northern America
ampicillin,resistant,>= 32 mg/L,SAMN36728988,GCA_032331995.2,Escherichia,Escherichia coli,Escherichia coli,562,,Homo sapiens,SRS18433884,broth dilution,Vitek,CLSI,ARO_3000637|https://www.ebi.ac.uk/ols4/ontologies/aro/classes/http%253A%252F%252Fpurl.obolibrary.org%252Fobo%252FARO_3000637,ABNHNQ020000021.1,9400,9834,-,GCA_032331995.2_04520,marR,marR_S3N,AMR,POINT,MULTIDRUG,AMPICILLIN/CHLORAMPHENICOL/QUINOLONE/RIFAMPIN/TETRACYCLINE,AMPICILLIN,POINTP,WP_000843414.1,transcriptional regulator MarR,100.00,97.92,,,Annotation|https://ftp.ebi.ac.uk/pub/databases/amr_portal/genomes/GCA/032/331/GCA_032331995.2,1.5.0,Fast,2023,,,peritoneal fluid,internal organs and fluids,42.3362,-71.1067,,no,NCBI_antibiogram,United States of America,Americas,Northern America
ampicillin,resistant,>= 32 mg/L,SAMN36726690,GCA_032336775.2,Escherichia,Escherichia coli,Escherichia coli,562,,Homo sapiens,SRS18432515,broth dilution,Vitek,CLSI,ARO_3000637|https://www.ebi.ac.uk/ols4/ontologies/aro/classes/http%253A%252F%252Fpurl.obolibrary.org%252Fobo%252FARO_3000637,ABNHUB020000020.1,36769,37203,+,GCA_032336775.2_04407,marR,marR_S3N,AMR,POINT,MULTIDRUG,AMPICILLIN/CHLORAMPHENICOL/QUINOLONE/RIFAMPIN/TETRACYCLINE,AMPICILLIN,POINTP,WP_000843414.1,transcriptional regulator MarR,100.00,97.92,,,Annotation|https://ftp.ebi.ac.uk/pub/databases/amr_portal/genomes/GCA/032/336/GCA_032336775.2,1.5.0,Fast,2022,,,blood,blood,42.3362,-71.1067,,no,NCBI_antibiogram,United States of America,Americas,Northern America
ampicillin,resistant,>= 32 mg/L,SAMN36726643,GCA_032336225.2,Escherichia,Escherichia coli,Escherichia coli,562,,Homo sapiens,SRS18432491,broth dilution,Vitek,CLSI,ARO_3000637|https://www.ebi.ac.uk/ols4/ontologies/aro/classes/http%253A%252F%252Fpurl.obolibrary.org%252Fobo%252FARO_3000637,ABNHTK020000021.1,9397,9831,-,GCA_032336225.2_04357,marR,marR_S3N,AMR,POINT,MULTIDRUG,AMPICILLIN/CHLORAMPHENICOL/QUINOLONE/RIFAMPIN/TETRACYCLINE,AMPICILLIN,POINTP,WP_000843414.1,transcriptional regulator MarR,100.00,97.92,,,Annotation|https://ftp.ebi.ac.uk/pub/databases/amr_portal/genomes/GCA/032/336/GCA_032336225.2,1.5.0,Fast,2023,,,urine,urinary tract,42.3362,-71.1067,,no,NCBI_antibiogram,United States of America,Americas,Northern America
ampicillin,susceptible,<= 2 mg/L,SAMN36729152,GCA_032332115.1,Escherichia,Escherichia coli,Escherichia coli,562,,Homo sapiens,SRS18433896,broth dilution,Vitek,CLSI,ARO_3000637|https://www.ebi.ac.uk/ols4/ontologies/aro/classes/http%253A%252F%252Fpurl.obolibrary.org%252Fobo%252FARO_3000637,ABNHNY010000026.1,24378,24812,+,GCA_032332115.1_04189,marR,marR_S3N,AMR,POINT,MULTIDRUG,AMPICILLIN/CHLORAMPHENICOL/QUINOLONE/RIFAMPIN/TETRACYCLINE,AMPICILLIN,POINTP,WP_000843414.1,transcriptional regulator MarR,100.00,97.92,,,Annotation|https://ftp.ebi.ac.uk/pub/databases/amr_portal/genomes/GCA/032/332/GCA_032332115.1,1.5.0,Fast,2022,,,urine,urinary tract,42.3362,-71.1067,,no,NCBI_antibiogram,United States of America,Americas,Northern America
ampicillin,resistant,>= 32 mg/L,SAMN36729164,GCA_032332275.2,Escherichia,Escherichia coli,Escherichia coli,562,,Homo sapiens,SRS18433909,broth dilution,Vitek,CLSI,ARO_3000637|https://www.ebi.ac.uk/ols4/ontologies/aro/classes/http%253A%252F%252Fpurl.obolibrary.org%252Fobo%252FARO_3000637,ABNHOI020000023.1,9400,9834,-,GCA_032332275.2_04489,marR,marR_S3N,AMR,POINT,MULTIDRUG,AMPICILLIN/CHLORAMPHENICOL/QUINOLONE/RIFAMPIN/TETRACYCLINE,AMPICILLIN,POINTP,WP_000843414.1,transcriptional regulator MarR,100.00,97.92,,,Annotation|https://ftp.ebi.ac.uk/pub/databases/amr_portal/genomes/GCA/032/332/GCA_032332275.2,1.5.0,Fast,2022,,,urine,urinary tract,42.3362,-71.1067,,no,NCBI_antibiogram,United States of America,Americas,Northern America
ampicillin,resistant,>= 32 mg/L,SAMN36726437,GCA_032337875.2,Escherichia,Escherichia coli,Escherichia coli,562,,Homo sapiens,SRS18432319,broth dilution,Vitek,CLSI,ARO_3000637|https://www.ebi.ac.uk/ols4/ontologies/aro/classes/http%253A%252F%252Fpurl.obolibrary.org%252Fobo%252FARO_3000637,ABNHUS020000024.1,9400,9834,-,GCA_032337875.2_04392,marR,marR_S3N,AMR,POINT,MULTIDRUG,AMPICILLIN/CHLORAMPHENICOL/QUINOLONE/RIFAMPIN/TETRACYCLINE,AMPICILLIN,POINTP,WP_000843414.1,transcriptional regulator MarR,100.00,97.92,,,Annotation|https://ftp.ebi.ac.uk/pub/databases/amr_portal/genomes/GCA/032/337/GCA_032337875.2,1.5.0,Fast,2023,,,urine,urinary tract,42.3362,-71.1067,,no,NCBI_antibiogram,United States of America,Americas,Northern America
ampicillin,resistant,>= 32 mg/L,SAMN36726447,GCA_032337755.2,Escherichia,Escherichia coli,Escherichia coli,562,,Homo sapiens,SRS18432330,broth dilution,Vitek,CLSI,ARO_3000637|https://www.ebi.ac.uk/ols4/ontologies/aro/classes/http%253A%252F%252Fpurl.obolibrary.org%252Fobo%252FARO_3000637,ABNHUZ020000010.1,65929,66252,-,GCA_032337755.2_01914,soxS,soxS_A12S,AMR,POINT,MULTIDRUG,AMPICILLIN/CHLORAMPHENICOL/QUINOLONE/RIFAMPIN/TETRACYCLINE,AMPICILLIN,POINTP,WP_000019358.1,regulatory protein SoxS,100.00,99.07,,,Annotation|https://ftp.ebi.ac.uk/pub/databases/amr_portal/genomes/GCA/032/337/GCA_032337755.2,1.5.0,Fast,2022,,,sputum,respiratory tract,42.3362,-71.1067,,no,NCBI_antibiogram,United States of America,Americas,Northern America
ampicillin,resistant,>= 32 mg/L,SAMN36726701,GCA_032337575.2,Escherichia,Escherichia coli,Escherichia coli,562,,Homo sapiens,SRS18432527,broth dilution,Vitek,CLSI,ARO_3000637|https://www.ebi.ac.uk/ols4/ontologies/aro/classes/http%253A%252F%252Fpurl.obolibrary.org%252Fobo%252FARO_3000637,ABNHUL020000022.1,9400,9834,-,GCA_032337575.2_04584,marR,marR_S3N,AMR,POINT,MULTIDRUG,AMPICILLIN/CHLORAMPHENICOL/QUINOLONE/RIFAMPIN/TETRACYCLINE,AMPICILLIN,POINTP,WP_000843414.1,transcriptional regulator MarR,100.00,97.92,,,Annotation|https://ftp.ebi.ac.uk/pub/databases/amr_portal/genomes/GCA/032/337/GCA_032337575.2,1.5.0,Fast,2023,,,urine,urinary tract,42.3362,-71.1067,,no,NCBI_antibiogram,United States of America,Americas,Northern America
ampicillin,susceptible,<= 2 mg/L,SAMN36726624,GCA_032337535.2,Escherichia,Escherichia coli,Escherichia coli,562,,Homo sapiens,SRS18432528,broth dilution,Vitek,CLSI,ARO_3000637|https://www.ebi.ac.uk/ols4/ontologies/aro/classes/http%253A%252F%252Fpurl.obolibrary.org%252Fobo%252FARO_3000637,ENA|ABNHUM020000020|ABNHUM020000020.1,9400,9834,-,GCA_032337535.2_04342,marR,marR_S3N,AMR,POINT,MULTIDRUG,AMPICILLIN/CHLORAMPHENICOL/QUINOLONE/RIFAMPIN/TETRACYCLINE,AMPICILLIN,POINTP,WP_000843414.1,transcriptional regulator MarR,100.00,97.92,,,Annotation|https://ftp.ebi.ac.uk/pub/databases/amr_portal/genomes/GCA/032/337/GCA_032337535.2,1.5.0,Fast,2023,,,urine,urinary tract,42.3362,-71.1067,,no,NCBI_antibiogram,United States of America,Americas,Northern America
ampicillin,resistant,>= 32 mg/L,SAMN36727290,GCA_032333375.2,Escherichia,Escherichia coli,Escherichia coli,562,,Homo sapiens,SRS18432623,broth dilution,Vitek,CLSI,ARO_3000637|https://www.ebi.ac.uk/ols4/ontologies/aro/classes/http%253A%252F%252Fpurl.obolibrary.org%252Fobo%252FARO_3000637,ABNHQJ020000023.1,9658,10092,-,GCA_032333375.2_04401,marR,marR_S3N,AMR,POINT,MULTIDRUG,AMPICILLIN/CHLORAMPHENICOL/QUINOLONE/RIFAMPIN/TETRACYCLINE,AMPICILLIN,POINTP,WP_000843414.1,transcriptional regulator MarR,100.00,97.92,,,Annotation|https://ftp.ebi.ac.uk/pub/databases/amr_portal/genomes/GCA/032/333/GCA_032333375.2,1.5.0,Fast,2022,,,urine,urinary tract,42.3362,-71.1067,,no,NCBI_antibiogram,United States of America,Americas,Northern America
ampicillin,resistant,>= 32 mg/L,SAMN36727268,GCA_032333315.2,Escherichia,Escherichia coli,Escherichia coli,562,,Homo sapiens,SRS18432618,broth dilution,Vitek,CLSI,ARO_3000637|https://www.ebi.ac.uk/ols4/ontologies/aro/classes/http%253A%252F%252Fpurl.obolibrary.org%252Fobo%252FARO_3000637,ABNHQF020000002.1,76693,77127,+,GCA_032333315.2_00583,marR,marR_S3N,AMR,POINT,MULTIDRUG,AMPICILLIN/CHLORAMPHENICOL/QUINOLONE/RIFAMPIN/TETRACYCLINE,AMPICILLIN,POINTP,WP_000843414.1,transcriptional regulator MarR,100.00,97.92,,,Annotation|https://ftp.ebi.ac.uk/pub/databases/amr_portal/genomes/GCA/032/333/GCA_032333315.2,1.5.0,Fast,2022,,,urine,urinary tract,42.3362,-71.1067,,no,NCBI_antibiogram,United States of America,Americas,Northern America
ampicillin,resistant,>= 32 mg/L,SAMN36727304,GCA_032333815.2,Escherichia,Escherichia coli,Escherichia coli,562,,Homo sapiens,SRS18432654,broth dilution,Vitek,CLSI,ARO_3000637|https://www.ebi.ac.uk/ols4/ontologies/aro/classes/http%253A%252F%252Fpurl.obolibrary.org%252Fobo%252FARO_3000637,ABNHRG020000020.1,9399,9833,-,GCA_032333815.2_04444,marR,marR_S3N,AMR,POINT,MULTIDRUG,AMPICILLIN/CHLORAMPHENICOL/QUINOLONE/RIFAMPIN/TETRACYCLINE,AMPICILLIN,POINTP,WP_000843414.1,transcriptional regulator MarR,100.00,97.92,,,Annotation|https://ftp.ebi.ac.uk/pub/databases/amr_portal/genomes/GCA/032/333/GCA_032333815.2,1.5.0,Fast,2023,,,tracheal aspirate,respiratory tract,42.3362,-71.1067,,no,NCBI_antibiogram,United States of America,Americas,Northern America
ampicillin,resistant,>= 32 mg/L,SAMN37516893,GCA_032120615.2,Escherichia,Escherichia coli,Escherichia coli,562,,Homo sapiens,SRS18979476,broth dilution,Vitek,CLSI,ARO_3000637|https://www.ebi.ac.uk/ols4/ontologies/aro/classes/http%253A%252F%252Fpurl.obolibrary.org%252Fobo%252FARO_3000637,ABNAMA020000020.1,9388,9822,-,GCA_032120615.2_04359,marR,marR_S3N,AMR,POINT,MULTIDRUG,AMPICILLIN/CHLORAMPHENICOL/QUINOLONE/RIFAMPIN/TETRACYCLINE,AMPICILLIN,POINTP,WP_000843414.1,transcriptional regulator MarR,100.00,97.92,,,Annotation|https://ftp.ebi.ac.uk/pub/databases/amr_portal/genomes/GCA/032/120/GCA_032120615.2,1.5.0,Fast,2023,,,urine,urinary tract,42.3362,-71.1067,,no,NCBI_antibiogram,United States of America,Americas,Northern America
ampicillin,susceptible,== 2 mg/L,SAMN10619080,GCA_020318215.1,Shigella,Shigella dysenteriae,Shigella dysenteriae,622,PNUSAE021033,,SRS4176742,,,,ARO_3000637|https://www.ebi.ac.uk/ols4/ontologies/aro/classes/http%253A%252F%252Fpurl.obolibrary.org%252Fobo%252FARO_3000637,ABCYXM010000086.1,5410,5844,-,GCA_020318215.1_04078,marR,marR_S3N,AMR,POINT,MULTIDRUG,AMPICILLIN/CHLORAMPHENICOL/QUINOLONE/RIFAMPIN/TETRACYCLINE,AMPICILLIN,POINTP,WP_000843414.1,transcriptional regulator MarR,100.00,97.92,,,Annotation|https://ftp.ebi.ac.uk/pub/databases/amr_portal/genomes/GCA/020/318/GCA_020318215.1,1.5.0,Fast,2018,,,Stool,gastrointestinal system,,,,no,NARMS,United States of America,Americas,Northern America
ampicillin,resistant,== 6 mm,SAMN20982449,GCA_019915505.1,Escherichia,Escherichia coli,Escherichia coli,562,SCAID URN1-2021 (19/278),Homo sapiens,SRS9980272,disk diffusion,,CLSI,ARO_3000637|https://www.ebi.ac.uk/ols4/ontologies/aro/classes/http%253A%252F%252Fpurl.obolibrary.org%252Fobo%252FARO_3000637,CP082824.1,2574547,2574981,-,GCA_019915505.1_02484,marR,marR_S3N,AMR,POINT,MULTIDRUG,AMPICILLIN/CHLORAMPHENICOL/QUINOLONE/RIFAMPIN/TETRACYCLINE,AMPICILLIN,POINTP,WP_000843414.1,transcriptional regulator MarR,100.00,97.92,,,Annotation|https://ftp.ebi.ac.uk/pub/databases/amr_portal/genomes/GCA/019/915/GCA_019915505.1,1.5.0,Fast,2021,,,urine,urinary tract,43.23,76.88,,no,NCBI_antibiogram,Kazakhstan,Asia,Central Asia
ampicillin,susceptible,== 4 mg/L,SAMN08289138,GCA_007550875.1,Salmonella,Salmonella enterica,Salmonella enterica,28901,2015AM-2467,,SRS2804948,,,,ARO_3000637|https://www.ebi.ac.uk/ols4/ontologies/aro/classes/http%253A%252F%252Fpurl.obolibrary.org%252Fobo%252FARO_3000637,AAIGWK010000006.1,241090,241671,+,GCA_007550875.1_01951,,ramR_T18P,AMR,POINT,MULTIDRUG,AMPICILLIN/CHLORAMPHENICOL/QUINOLONE/RIFAMPIN/TETRACYCLINE,AMPICILLIN,POINTP,WP_000113609.1,TetR/AcrR family transcriptional regulator RamR,100.00,99.48,,,Annotation|https://ftp.ebi.ac.uk/pub/databases/amr_portal/genomes/GCA/007/550/GCA_007550875.1,1.5.0,Fast,2015,,,Stool,gastrointestinal system,,,,no,NARMS,United States of America,Americas,Northern America
ampicillin,resistant,> 32 mg/L,SAMN07409735,GCA_007031865.1,Salmonella,Salmonella enterica,Salmonella enterica,28901,2015AM-1434,,SRS2379307,,,,ARO_3000637|https://www.ebi.ac.uk/ols4/ontologies/aro/classes/http%253A%252F%252Fpurl.obolibrary.org%252Fobo%252FARO_3000637,AAGXHF010000001.1,179036,179617,+,GCA_007031865.1_00177,betI,ramR_T50P,AMR,POINT,MULTIDRUG,AMPICILLIN/CHLORAMPHENICOL/QUINOLONE/RIFAMPIN/TETRACYCLINE,AMPICILLIN,POINTP,WP_000113609.1,TetR/AcrR family transcriptional regulator RamR,100.00,98.96,,,Annotation|https://ftp.ebi.ac.uk/pub/databases/amr_portal/genomes/GCA/007/031/GCA_007031865.1,1.5.0,Fast,2015,,,Blood,blood,,,,no,NARMS,United States of America,Americas,Northern America
ampicillin,susceptible,<= 1 mg/L,SAMN10221092,GCA_003773625.1,Escherichia,Escherichia coli,Escherichia coli,562,CVM N17EC0274,other (non-clinical isolate),SRS3968145,broth dilution,Sensititre,,ARO_3000637|https://www.ebi.ac.uk/ols4/ontologies/aro/classes/http%253A%252F%252Fpurl.obolibrary.org%252Fobo%252FARO_3000637,RNQS01000001.1,42372,42806,+,GCA_003773625.1_00038,marR,marR_S3N,AMR,POINT,MULTIDRUG,AMPICILLIN/CHLORAMPHENICOL/QUINOLONE/RIFAMPIN/TETRACYCLINE,AMPICILLIN,POINTP,WP_000843414.1,transcriptional regulator MarR,100.00,97.92,,,Annotation|https://ftp.ebi.ac.uk/pub/databases/amr_portal/genomes/GCA/003/773/GCA_003773625.1,1.6.0,Full,2017,,,ground turkey,,,,,no,NCBI_antibiogram;NDARO,United States of America,Americas,Northern America
ampicillin,susceptible,== 2 mg/L,SAMN10221581,GCA_003791225.1,Escherichia,Escherichia coli,Escherichia coli,562,CVM N17EC1282,other (non-clinical isolate),SRS3967993,broth dilution,Sensititre,,ARO_3000637|https://www.ebi.ac.uk/ols4/ontologies/aro/classes/http%253A%252F%252Fpurl.obolibrary.org%252Fobo%252FARO_3000637,RNXI01000001.1,539853,540287,-,GCA_003791225.1_00534,marR,marR_S3N,AMR,POINT,MULTIDRUG,AMPICILLIN/CHLORAMPHENICOL/QUINOLONE/RIFAMPIN/TETRACYCLINE,AMPICILLIN,POINTP,WP_000843414.1,transcriptional regulator MarR,100.00,97.92,,,Annotation|https://ftp.ebi.ac.uk/pub/databases/amr_portal/genomes/GCA/003/791/GCA_003791225.1,1.6.0,Full,2017,,,chicken legs,,,,,no,NCBI_antibiogram;NDARO,United States of America,Americas,Northern America
ampicillin,resistant,> 32 mg/L,SAMN07291545,GCA_003288415.1,Escherichia,Escherichia coli,Escherichia coli,562,AR_452,,SRS3159760,broth dilution,,CLSI,ARO_3000637|https://www.ebi.ac.uk/ols4/ontologies/aro/classes/http%253A%252F%252Fpurl.obolibrary.org%252Fobo%252FARO_3000637,CP030331.1,4402146,4402469,+,GCA_003288415.1_04176,soxS,soxS_A12S,AMR,POINT,MULTIDRUG,AMPICILLIN/CHLORAMPHENICOL/QUINOLONE/RIFAMPIN/TETRACYCLINE,AMPICILLIN,POINTP,WP_000019358.1,regulatory protein SoxS,100.00,99.07,,,Annotation|https://ftp.ebi.ac.uk/pub/databases/amr_portal/genomes/GCA/003/288/GCA_003288415.1,1.5.0,Fast,,,,,,,,33659219,no,CDC;NCBI_antibiogram;PATRIC;CABBAGE_PubMed_data,,,
ampicillin,resistant,> 128 mg/L,SAMD00126497,GCA_003303815.1,Escherichia,Escherichia coli,Escherichia coli,562,TUM18672,Homo sapiens,DRS074240,broth dilution,,EUCAST,ARO_3000637|https://www.ebi.ac.uk/ols4/ontologies/aro/classes/http%253A%252F%252Fpurl.obolibrary.org%252Fobo%252FARO_3000637,BGVD01000028.1,27536,27970,+,GCA_003303815.1_04560,marR,marR_S3N,AMR,POINT,MULTIDRUG,AMPICILLIN/CHLORAMPHENICOL/QUINOLONE/RIFAMPIN/TETRACYCLINE,AMPICILLIN,POINTP,WP_000843414.1,transcriptional regulator MarR,100.00,97.92,,,Annotation|https://ftp.ebi.ac.uk/pub/databases/amr_portal/genomes/GCA/003/303/GCA_003303815.1,1.5.0,Fast,2016,,,,,,,,no,COMPARE_ML,,,
ampicillin,resistant,== 128 mg/L,SAMD00126491,GCA_003303145.1,Escherichia,Escherichia coli,Escherichia coli,562,TUM18666,Homo sapiens,DRS074234,broth dilution,,EUCAST,ARO_3000637|https://www.ebi.ac.uk/ols4/ontologies/aro/classes/http%253A%252F%252Fpurl.obolibrary.org%252Fobo%252FARO_3000637,BGUX01000010.1,36897,37331,+,GCA_003303145.1_02860,marR,marR_S3N,AMR,POINT,MULTIDRUG,AMPICILLIN/CHLORAMPHENICOL/QUINOLONE/RIFAMPIN/TETRACYCLINE,AMPICILLIN,POINTP,WP_000843414.1,transcriptional regulator MarR,100.00,97.92,,,Annotation|https://ftp.ebi.ac.uk/pub/databases/amr_portal/genomes/GCA/003/303/GCA_003303145.1,1.5.0,Fast,2016,,,,,,,,no,COMPARE_ML,,,
ampicillin,resistant,== 32 mg/L,SAMD00126504,GCA_003304525.1,Escherichia,Escherichia coli,Escherichia coli,562,TUM18679,Homo sapiens,DRS074247,broth dilution,,EUCAST,ARO_3000637|https://www.ebi.ac.uk/ols4/ontologies/aro/classes/http%253A%252F%252Fpurl.obolibrary.org%252Fobo%252FARO_3000637,BGVK01000024.1,27268,27702,+,GCA_003304525.1_04203,marR,marR_S3N,AMR,POINT,MULTIDRUG,AMPICILLIN/CHLORAMPHENICOL/QUINOLONE/RIFAMPIN/TETRACYCLINE,AMPICILLIN,POINTP,WP_000843414.1,transcriptional regulator MarR,100.00,97.92,,,Annotation|https://ftp.ebi.ac.uk/pub/databases/amr_portal/genomes/GCA/003/304/GCA_003304525.1,1.5.0,Fast,2016,,,,,,,,no,COMPARE_ML,,,
ampicillin,resistant,== 32 mg/L,SAMD00126436,GCA_003300395.1,Escherichia,Escherichia coli,Escherichia coli,562,TUM18611,Homo sapiens,DRS074179,broth dilution,,EUCAST,ARO_3000637|https://www.ebi.ac.uk/ols4/ontologies/aro/classes/http%253A%252F%252Fpurl.obolibrary.org%252Fobo%252FARO_3000637,BGSU01000028.1,27536,27970,+,GCA_003300395.1_04362,marR,marR_S3N,AMR,POINT,MULTIDRUG,AMPICILLIN/CHLORAMPHENICOL/QUINOLONE/RIFAMPIN/TETRACYCLINE,AMPICILLIN,POINTP,WP_000843414.1,transcriptional regulator MarR,100.00,97.92,,,Annotation|https://ftp.ebi.ac.uk/pub/databases/amr_portal/genomes/GCA/003/300/GCA_003300395.1,1.5.0,Fast,2017,,,,,,,,no,COMPARE_ML,,,
ampicillin,resistant,> 128 mg/L,SAMD00126445,GCA_003300725.1,Escherichia,Escherichia coli,Escherichia coli,562,TUM18620,Homo sapiens,DRS074188,broth dilution,,EUCAST,ARO_3000637|https://www.ebi.ac.uk/ols4/ontologies/aro/classes/http%253A%252F%252Fpurl.obolibrary.org%252Fobo%252FARO_3000637,BGTD01000001.1,36897,37331,+,GCA_003300725.1_00031,marR,marR_S3N,AMR,POINT,MULTIDRUG,AMPICILLIN/CHLORAMPHENICOL/QUINOLONE/RIFAMPIN/TETRACYCLINE,AMPICILLIN,POINTP,WP_000843414.1,transcriptional regulator MarR,100.00,97.92,,,Annotation|https://ftp.ebi.ac.uk/pub/databases/amr_portal/genomes/GCA/003/300/GCA_003300725.1,1.5.0,Fast,2017,,,,,,,,no,COMPARE_ML,,,
ampicillin,resistant,== 32 mg/L,SAMD00126450,GCA_003300925.1,Escherichia,Escherichia coli,Escherichia coli,562,TUM18625,Homo sapiens,DRS074193,broth dilution,,EUCAST,ARO_3000637|https://www.ebi.ac.uk/ols4/ontologies/aro/classes/http%253A%252F%252Fpurl.obolibrary.org%252Fobo%252FARO_3000637,BGTI01000002.1,36897,37331,+,GCA_003300925.1_00773,marR,marR_S3N,AMR,POINT,MULTIDRUG,AMPICILLIN/CHLORAMPHENICOL/QUINOLONE/RIFAMPIN/TETRACYCLINE,AMPICILLIN,POINTP,WP_000843414.1,transcriptional regulator MarR,100.00,97.92,,,Annotation|https://ftp.ebi.ac.uk/pub/databases/amr_portal/genomes/GCA/003/300/GCA_003300925.1,1.5.0,Fast,2017,,,,,,,,no,COMPARE_ML,,,
ampicillin,resistant,> 128 mg/L,SAMD00126431,GCA_003300195.1,Escherichia,Escherichia coli,Escherichia coli,562,TUM18606,Homo sapiens,DRS074174,broth dilution,,EUCAST,ARO_3000637|https://www.ebi.ac.uk/ols4/ontologies/aro/classes/http%253A%252F%252Fpurl.obolibrary.org%252Fobo%252FARO_3000637,BGSP01000003.1,460336,460770,-,GCA_003300195.1_01663,marR,marR_S3N,AMR,POINT,MULTIDRUG,AMPICILLIN/CHLORAMPHENICOL/QUINOLONE/RIFAMPIN/TETRACYCLINE,AMPICILLIN,POINTP,WP_000843414.1,transcriptional regulator MarR,100.00,97.92,,,Annotation|https://ftp.ebi.ac.uk/pub/databases/amr_portal/genomes/GCA/003/300/GCA_003300195.1,1.5.0,Fast,2017,,,,,,,,no,COMPARE_ML,,,
ampicillin,resistant,== 16 mg/L,SAMD00126440,GCA_003300565.1,Escherichia,Escherichia coli,Escherichia coli,562,TUM18615,Homo sapiens,DRS074183,broth dilution,,EUCAST,ARO_3000637|https://www.ebi.ac.uk/ols4/ontologies/aro/classes/http%253A%252F%252Fpurl.obolibrary.org%252Fobo%252FARO_3000637,BGSY01000009.1,36897,37331,+,GCA_003300565.1_02580,marR,marR_S3N,AMR,POINT,MULTIDRUG,AMPICILLIN/CHLORAMPHENICOL/QUINOLONE/RIFAMPIN/TETRACYCLINE,AMPICILLIN,POINTP,WP_000843414.1,transcriptional regulator MarR,100.00,97.92,,,Annotation|https://ftp.ebi.ac.uk/pub/databases/amr_portal/genomes/GCA/003/300/GCA_003300565.1,1.5.0,Fast,2017,,,,,,,,no,COMPARE_ML,,,
ampicillin,resistant,> 128 mg/L,SAMD00126448,GCA_003300825.1,Escherichia,Escherichia coli,Escherichia coli,562,TUM18623,Homo sapiens,DRS074191,broth dilution,,EUCAST,ARO_3000637|https://www.ebi.ac.uk/ols4/ontologies/aro/classes/http%253A%252F%252Fpurl.obolibrary.org%252Fobo%252FARO_3000637,BGTG01000006.1,250673,251107,-,GCA_003300825.1_02266,marR,marR_S3N,AMR,POINT,MULTIDRUG,AMPICILLIN/CHLORAMPHENICOL/QUINOLONE/RIFAMPIN/TETRACYCLINE,AMPICILLIN,POINTP,WP_000843414.1,transcriptional regulator MarR,100.00,97.92,,,Annotation|https://ftp.ebi.ac.uk/pub/databases/amr_portal/genomes/GCA/003/300/GCA_003300825.1,1.5.0,Fast,2017,,,,,,,,no,COMPARE_ML,,,
ampicillin,susceptible,== 2 mg/L,SAMN10221073,GCA_003793235.1,Escherichia,Escherichia coli,Escherichia coli,562,CVM N17EC0236,other (non-clinical isolate),SRS3967811,broth dilution,Sensititre,,ARO_3000637|https://www.ebi.ac.uk/ols4/ontologies/aro/classes/http%253A%252F%252Fpurl.obolibrary.org%252Fobo%252FARO_3000637,ROAI01000002.1,435410,435844,-,GCA_003793235.1_01494,marR,marR_S3N,AMR,POINT,MULTIDRUG,AMPICILLIN/CHLORAMPHENICOL/QUINOLONE/RIFAMPIN/TETRACYCLINE,AMPICILLIN,POINTP,WP_000843414.1,transcriptional regulator MarR,100.00,97.92,,,Annotation|https://ftp.ebi.ac.uk/pub/databases/amr_portal/genomes/GCA/003/793/GCA_003793235.1,1.6.0,Full,2017,,,ground beef,,,,,no,NCBI_antibiogram;NDARO,United States of America,Americas,Northern America
ampicillin,resistant,> 128 mg/L,SAMD00126531,GCA_003305515.1,Escherichia,Escherichia coli,Escherichia coli,562,TUM18706,Homo sapiens,DRS074274,broth dilution,,EUCAST,ARO_3000637|https://www.ebi.ac.uk/ols4/ontologies/aro/classes/http%253A%252F%252Fpurl.obolibrary.org%252Fobo%252FARO_3000637,BGWL01000026.1,27536,27970,+,GCA_003305515.1_04340,marR,marR_S3N,AMR,POINT,MULTIDRUG,AMPICILLIN/CHLORAMPHENICOL/QUINOLONE/RIFAMPIN/TETRACYCLINE,AMPICILLIN,POINTP,WP_000843414.1,transcriptional regulator MarR,100.00,97.92,,,Annotation|https://ftp.ebi.ac.uk/pub/databases/amr_portal/genomes/GCA/003/305/GCA_003305515.1,1.5.0,Fast,2017,,,,,,,,no,COMPARE_ML,,,
ampicillin,resistant,> 128 mg/L,SAMD00126547,GCA_003305835.1,Escherichia,Escherichia coli,Escherichia coli,562,TUM18722,Homo sapiens,DRS074290,broth dilution,,EUCAST,ARO_3000637|https://www.ebi.ac.uk/ols4/ontologies/aro/classes/http%253A%252F%252Fpurl.obolibrary.org%252Fobo%252FARO_3000637,BGXB01000029.1,27536,27970,+,GCA_003305835.1_04257,marR,marR_S3N,AMR,POINT,MULTIDRUG,AMPICILLIN/CHLORAMPHENICOL/QUINOLONE/RIFAMPIN/TETRACYCLINE,AMPICILLIN,POINTP,WP_000843414.1,transcriptional regulator MarR,100.00,97.92,,,Annotation|https://ftp.ebi.ac.uk/pub/databases/amr_portal/genomes/GCA/003/305/GCA_003305835.1,1.5.0,Fast,2017,,,,,,,,no,COMPARE_ML,,,
ampicillin,resistant,== 16 mg/L,SAMD00126554,GCA_003305975.1,Escherichia,Escherichia coli,Escherichia coli,562,TUM18729,Homo sapiens,DRS074297,broth dilution,,EUCAST,ARO_3000637|https://www.ebi.ac.uk/ols4/ontologies/aro/classes/http%253A%252F%252Fpurl.obolibrary.org%252Fobo%252FARO_3000637,BGXI01000029.1,27536,27970,+,GCA_003305975.1_04374,marR,marR_S3N,AMR,POINT,MULTIDRUG,AMPICILLIN/CHLORAMPHENICOL/QUINOLONE/RIFAMPIN/TETRACYCLINE,AMPICILLIN,POINTP,WP_000843414.1,transcriptional regulator MarR,100.00,97.92,,,Annotation|https://ftp.ebi.ac.uk/pub/databases/amr_portal/genomes/GCA/003/305/GCA_003305975.1,1.5.0,Fast,2017,,,,,,,,no,COMPARE_ML,,,
ampicillin,resistant,> 128 mg/L,SAMD00126511,GCA_003305115.1,Escherichia,Escherichia coli,Escherichia coli,562,TUM18686,Homo sapiens,DRS074254,broth dilution,,EUCAST,ARO_3000637|https://www.ebi.ac.uk/ols4/ontologies/aro/classes/http%253A%252F%252Fpurl.obolibrary.org%252Fobo%252FARO_3000637,BGVR01000018.1,35929,36363,+,GCA_003305115.1_04214,marR,marR_S3N,AMR,POINT,MULTIDRUG,AMPICILLIN/CHLORAMPHENICOL/QUINOLONE/RIFAMPIN/TETRACYCLINE,AMPICILLIN,POINTP,WP_000843414.1,transcriptional regulator MarR,100.00,97.92,,,Annotation|https://ftp.ebi.ac.uk/pub/databases/amr_portal/genomes/GCA/003/305/GCA_003305115.1,1.5.0,Fast,2016,,,,,,,,no,COMPARE_ML,,,
ampicillin,susceptible,== 2 mg/L,SAMD00126550,GCA_003305895.1,Escherichia,Escherichia coli,Escherichia coli,562,TUM18725,Homo sapiens,DRS074293,broth dilution,,EUCAST,ARO_3000637|https://www.ebi.ac.uk/ols4/ontologies/aro/classes/http%253A%252F%252Fpurl.obolibrary.org%252Fobo%252FARO_3000637,BGXE01000027.1,27536,27970,+,GCA_003305895.1_04385,marR,marR_S3N,AMR,POINT,MULTIDRUG,AMPICILLIN/CHLORAMPHENICOL/QUINOLONE/RIFAMPIN/TETRACYCLINE,AMPICILLIN,POINTP,WP_000843414.1,transcriptional regulator MarR,100.00,97.92,,,Annotation|https://ftp.ebi.ac.uk/pub/databases/amr_portal/genomes/GCA/003/305/GCA_003305895.1,1.5.0,Fast,2017,,,,,,,,no,COMPARE_ML,,,
ampicillin,resistant,> 128 mg/L,SAMD00126467,GCA_003301535.1,Escherichia,Escherichia coli,Escherichia coli,562,TUM18642,Homo sapiens,DRS074210,broth dilution,,EUCAST,ARO_3000637|https://www.ebi.ac.uk/ols4/ontologies/aro/classes/http%253A%252F%252Fpurl.obolibrary.org%252Fobo%252FARO_3000637,BGTZ01000002.1,488861,489295,-,GCA_003301535.1_01040,marR,marR_S3N,AMR,POINT,MULTIDRUG,AMPICILLIN/CHLORAMPHENICOL/QUINOLONE/RIFAMPIN/TETRACYCLINE,AMPICILLIN,POINTP,WP_000843414.1,transcriptional regulator MarR,100.00,97.92,,,Annotation|https://ftp.ebi.ac.uk/pub/databases/amr_portal/genomes/GCA/003/301/GCA_003301535.1,1.5.0,Fast,2017,,,,,,,,no,COMPARE_ML,,,
ampicillin,resistant,> 128 mg/L,SAMD00126470,GCA_003301715.1,Escherichia,Escherichia coli,Escherichia coli,562,TUM18645,Homo sapiens,DRS074213,broth dilution,,EUCAST,ARO_3000637|https://www.ebi.ac.uk/ols4/ontologies/aro/classes/http%253A%252F%252Fpurl.obolibrary.org%252Fobo%252FARO_3000637,BGUC01000001.1,385135,385569,-,GCA_003301715.1_00392,marR,marR_S3N,AMR,POINT,MULTIDRUG,AMPICILLIN/CHLORAMPHENICOL/QUINOLONE/RIFAMPIN/TETRACYCLINE,AMPICILLIN,POINTP,WP_000843414.1,transcriptional regulator MarR,100.00,97.92,,,Annotation|https://ftp.ebi.ac.uk/pub/databases/amr_portal/genomes/GCA/003/301/GCA_003301715.1,1.5.0,Fast,2016,,,,,,,,no,COMPARE_ML,,,
ampicillin,resistant,> 128 mg/L,SAMD00126461,GCA_003301355.1,Escherichia,Escherichia coli,Escherichia coli,562,TUM18636,Homo sapiens,DRS074204,broth dilution,,EUCAST,ARO_3000637|https://www.ebi.ac.uk/ols4/ontologies/aro/classes/http%253A%252F%252Fpurl.obolibrary.org%252Fobo%252FARO_3000637,BGTT01000002.1,482715,483149,-,GCA_003301355.1_00985,marR,marR_S3N,AMR,POINT,MULTIDRUG,AMPICILLIN/CHLORAMPHENICOL/QUINOLONE/RIFAMPIN/TETRACYCLINE,AMPICILLIN,POINTP,WP_000843414.1,transcriptional regulator MarR,100.00,97.92,,,Annotation|https://ftp.ebi.ac.uk/pub/databases/amr_portal/genomes/GCA/003/301/GCA_003301355.1,1.5.0,Fast,2017,,,,,,,,no,COMPARE_ML,,,
ampicillin,resistant,== 128 mg/L,SAMD00126471,GCA_003301745.1,Escherichia,Escherichia coli,Escherichia coli,562,TUM18646,Homo sapiens,DRS074214,broth dilution,,EUCAST,ARO_3000637|https://www.ebi.ac.uk/ols4/ontologies/aro/classes/http%253A%252F%252Fpurl.obolibrary.org%252Fobo%252FARO_3000637,BGUD01000001.1,451203,451637,-,GCA_003301745.1_00438,marR,marR_S3N,AMR,POINT,MULTIDRUG,AMPICILLIN/CHLORAMPHENICOL/QUINOLONE/RIFAMPIN/TETRACYCLINE,AMPICILLIN,POINTP,WP_000843414.1,transcriptional regulator MarR,100.00,97.92,,,Annotation|https://ftp.ebi.ac.uk/pub/databases/amr_portal/genomes/GCA/003/301/GCA_003301745.1,1.5.0,Fast,2016,,,,,,,,no,COMPARE_ML,,,
ampicillin,susceptible,== 2 mg/L,SAMN10221449,GCA_003794495.1,Escherichia,Escherichia coli,Escherichia coli,562,CVM N17EC1016,other (non-clinical isolate),SRS3967904,broth dilution,Sensititre,,ARO_3000637|https://www.ebi.ac.uk/ols4/ontologies/aro/classes/http%253A%252F%252Fpurl.obolibrary.org%252Fobo%252FARO_3000637,ROCW01000002.1,13225,13659,+,GCA_003794495.1_00529,marR,marR_S3N,AMR,POINT,MULTIDRUG,AMPICILLIN/CHLORAMPHENICOL/QUINOLONE/RIFAMPIN/TETRACYCLINE,AMPICILLIN,POINTP,WP_000843414.1,transcriptional regulator MarR,100.00,97.92,,,Annotation|https://ftp.ebi.ac.uk/pub/databases/amr_portal/genomes/GCA/003/794/GCA_003794495.1,1.6.0,Full,2017,,,ground beef,,,,,no,NCBI_antibiogram;NDARO,United States of America,Americas,Northern America
ampicillin,resistant,> 128 mg/L,SAMD00126375,GCA_003297955.1,Escherichia,Escherichia coli,Escherichia coli,562,TUM18550,Homo sapiens,DRS074118,broth dilution,,EUCAST,ARO_3000637|https://www.ebi.ac.uk/ols4/ontologies/aro/classes/http%253A%252F%252Fpurl.obolibrary.org%252Fobo%252FARO_3000637,BGQL01000019.1,72851,73285,-,GCA_003297955.1_03042,marR,marR_S3N,AMR,POINT,MULTIDRUG,AMPICILLIN/CHLORAMPHENICOL/QUINOLONE/RIFAMPIN/TETRACYCLINE,AMPICILLIN,POINTP,WP_000843414.1,transcriptional regulator MarR,100.00,97.92,,,Annotation|https://ftp.ebi.ac.uk/pub/databases/amr_portal/genomes/GCA/003/297/GCA_003297955.1,1.5.0,Fast,2016,,,,,,,,no,COMPARE_ML,,,
ampicillin,resistant,== 32 mg/L,SAMD00126374,GCA_003297925.1,Escherichia,Escherichia coli,Escherichia coli,562,TUM18549,Homo sapiens,DRS074117,broth dilution,,EUCAST,ARO_3000637|https://www.ebi.ac.uk/ols4/ontologies/aro/classes/http%253A%252F%252Fpurl.obolibrary.org%252Fobo%252FARO_3000637,BGQK01000038.1,9528,9962,-,GCA_003297925.1_04250,marR,marR_S3N,AMR,POINT,MULTIDRUG,AMPICILLIN/CHLORAMPHENICOL/QUINOLONE/RIFAMPIN/TETRACYCLINE,AMPICILLIN,POINTP,WP_000843414.1,transcriptional regulator MarR,100.00,97.92,,,Annotation|https://ftp.ebi.ac.uk/pub/databases/amr_portal/genomes/GCA/003/297/GCA_003297925.1,1.5.0,Fast,2016,,,,,,,,no,COMPARE_ML,,,
ampicillin,resistant,> 128 mg/L,SAMD00126367,GCA_003297615.1,Escherichia,Escherichia coli,Escherichia coli,562,TUM18542,Homo sapiens,DRS074110,broth dilution,,EUCAST,ARO_3000637|https://www.ebi.ac.uk/ols4/ontologies/aro/classes/http%253A%252F%252Fpurl.obolibrary.org%252Fobo%252FARO_3000637,BGQD01000002.1,13358,13792,+,GCA_003297615.1_00298,marR,marR_S3N,AMR,POINT,MULTIDRUG,AMPICILLIN/CHLORAMPHENICOL/QUINOLONE/RIFAMPIN/TETRACYCLINE,AMPICILLIN,POINTP,WP_000843414.1,transcriptional regulator MarR,100.00,97.92,,,Annotation|https://ftp.ebi.ac.uk/pub/databases/amr_portal/genomes/GCA/003/297/GCA_003297615.1,1.5.0,Fast,2016,,,,,,,,no,COMPARE_ML,,,
ampicillin,resistant,> 128 mg/L,SAMD00126358,GCA_003297305.1,Escherichia,Escherichia coli,Escherichia coli,562,TUM18533,Homo sapiens,DRS074101,broth dilution,,EUCAST,ARO_3000637|https://www.ebi.ac.uk/ols4/ontologies/aro/classes/http%253A%252F%252Fpurl.obolibrary.org%252Fobo%252FARO_3000637,BGPU01000031.1,5639,6073,-,GCA_003297305.1_04343,marR,marR_S3N,AMR,POINT,MULTIDRUG,AMPICILLIN/CHLORAMPHENICOL/QUINOLONE/RIFAMPIN/TETRACYCLINE,AMPICILLIN,POINTP,WP_000843414.1,transcriptional regulator MarR,100.00,97.92,,,Annotation|https://ftp.ebi.ac.uk/pub/databases/amr_portal/genomes/GCA/003/297/GCA_003297305.1,1.5.0,Fast,2016,,,,,,,,no,COMPARE_ML,,,
ampicillin,susceptible,== 2 mg/L,SAMD00126577,GCA_003306435.1,Escherichia,Escherichia coli,Escherichia coli,562,TUM18752,Homo sapiens,DRS074320,broth dilution,,EUCAST,ARO_3000637|https://www.ebi.ac.uk/ols4/ontologies/aro/classes/http%253A%252F%252Fpurl.obolibrary.org%252Fobo%252FARO_3000637,BGYF01000004.1,306543,306977,-,GCA_003306435.1_01732,marR,marR_S3N,AMR,POINT,MULTIDRUG,AMPICILLIN/CHLORAMPHENICOL/QUINOLONE/RIFAMPIN/TETRACYCLINE,AMPICILLIN,POINTP,WP_000843414.1,transcriptional regulator MarR,100.00,97.92,,,Annotation|https://ftp.ebi.ac.uk/pub/databases/amr_portal/genomes/GCA/003/306/GCA_003306435.1,1.5.0,Fast,2017,,,,,,,,no,COMPARE_ML,,,
ampicillin,resistant,> 128 mg/L,SAMD00126587,GCA_003306635.1,Escherichia,Escherichia coli,Escherichia coli,562,TUM18762,Homo sapiens,DRS074330,broth dilution,,EUCAST,ARO_3000637|https://www.ebi.ac.uk/ols4/ontologies/aro/classes/http%253A%252F%252Fpurl.obolibrary.org%252Fobo%252FARO_3000637,BGYP01000002.1,418814,419248,-,GCA_003306635.1_01171,marR,marR_S3N,AMR,POINT,MULTIDRUG,AMPICILLIN/CHLORAMPHENICOL/QUINOLONE/RIFAMPIN/TETRACYCLINE,AMPICILLIN,POINTP,WP_000843414.1,transcriptional regulator MarR,100.00,97.92,,,Annotation|https://ftp.ebi.ac.uk/pub/databases/amr_portal/genomes/GCA/003/306/GCA_003306635.1,1.5.0,Fast,2017,,,,,,,,no,COMPARE_ML,,,
ampicillin,resistant,== 32 mg/L,SAMD00126572,GCA_003306335.1,Escherichia,Escherichia coli,Escherichia coli,562,TUM18747,Homo sapiens,DRS074315,broth dilution,,EUCAST,ARO_3000637|https://www.ebi.ac.uk/ols4/ontologies/aro/classes/http%253A%252F%252Fpurl.obolibrary.org%252Fobo%252FARO_3000637,BGYA01000016.1,17985,18419,+,GCA_003306335.1_02699,marR,marR_S3N,AMR,POINT,MULTIDRUG,AMPICILLIN/CHLORAMPHENICOL/QUINOLONE/RIFAMPIN/TETRACYCLINE,AMPICILLIN,POINTP,WP_000843414.1,transcriptional regulator MarR,100.00,97.92,,,Annotation|https://ftp.ebi.ac.uk/pub/databases/amr_portal/genomes/GCA/003/306/GCA_003306335.1,1.5.0,Fast,2017,,,,,,,,no,COMPARE_ML,,,
ampicillin,susceptible,== 4 mg/L,SAMD00126559,GCA_003306075.1,Escherichia,Escherichia coli,Escherichia coli,562,TUM18734,Homo sapiens,DRS074302,broth dilution,,EUCAST,ARO_3000637|https://www.ebi.ac.uk/ols4/ontologies/aro/classes/http%253A%252F%252Fpurl.obolibrary.org%252Fobo%252FARO_3000637,BGXN01000003.1,22555,22989,+,GCA_003306075.1_01073,marR,marR_S3N,AMR,POINT,MULTIDRUG,AMPICILLIN/CHLORAMPHENICOL/QUINOLONE/RIFAMPIN/TETRACYCLINE,AMPICILLIN,POINTP,WP_000843414.1,transcriptional regulator MarR,100.00,97.92,,,Annotation|https://ftp.ebi.ac.uk/pub/databases/amr_portal/genomes/GCA/003/306/GCA_003306075.1,1.5.0,Fast,2017,,,,,,,,no,COMPARE_ML,,,
ampicillin,resistant,> 128 mg/L,SAMD00126574,GCA_003306375.1,Escherichia,Escherichia coli,Escherichia coli,562,TUM18749,Homo sapiens,DRS074317,broth dilution,,EUCAST,ARO_3000637|https://www.ebi.ac.uk/ols4/ontologies/aro/classes/http%253A%252F%252Fpurl.obolibrary.org%252Fobo%252FARO_3000637,BGYC01000005.1,203613,204047,-,GCA_003306375.1_01827,marR,marR_S3N,AMR,POINT,MULTIDRUG,AMPICILLIN/CHLORAMPHENICOL/QUINOLONE/RIFAMPIN/TETRACYCLINE,AMPICILLIN,POINTP,WP_000843414.1,transcriptional regulator MarR,100.00,97.92,,,Annotation|https://ftp.ebi.ac.uk/pub/databases/amr_portal/genomes/GCA/003/306/GCA_003306375.1,1.5.0,Fast,2017,,,,,,,,no,COMPARE_ML,,,
ampicillin,susceptible,== 4 mg/L,SAMD00126479,GCA_003302335.1,Escherichia,Escherichia coli,Escherichia coli,562,TUM18654,Homo sapiens,DRS074222,broth dilution,,EUCAST,ARO_3000637|https://www.ebi.ac.uk/ols4/ontologies/aro/classes/http%253A%252F%252Fpurl.obolibrary.org%252Fobo%252FARO_3000637,BGUL01000003.1,460263,460697,-,GCA_003302335.1_01727,marR,marR_S3N,AMR,POINT,MULTIDRUG,AMPICILLIN/CHLORAMPHENICOL/QUINOLONE/RIFAMPIN/TETRACYCLINE,AMPICILLIN,POINTP,WP_000843414.1,transcriptional regulator MarR,100.00,97.92,,,Annotation|https://ftp.ebi.ac.uk/pub/databases/amr_portal/genomes/GCA/003/302/GCA_003302335.1,1.5.0,Fast,2016,,,,,,,,no,COMPARE_ML,,,
ampicillin,resistant,> 128 mg/L,SAMD00126378,GCA_003298085.1,Escherichia,Escherichia coli,Escherichia coli,562,TUM18553,Homo sapiens,DRS074121,broth dilution,,EUCAST,ARO_3000637|https://www.ebi.ac.uk/ols4/ontologies/aro/classes/http%253A%252F%252Fpurl.obolibrary.org%252Fobo%252FARO_3000637,BGQO01000052.1,9528,9962,-,GCA_003298085.1_04209,marR,marR_S3N,AMR,POINT,MULTIDRUG,AMPICILLIN/CHLORAMPHENICOL/QUINOLONE/RIFAMPIN/TETRACYCLINE,AMPICILLIN,POINTP,WP_000843414.1,transcriptional regulator MarR,100.00,97.92,,,Annotation|https://ftp.ebi.ac.uk/pub/databases/amr_portal/genomes/GCA/003/298/GCA_003298085.1,1.5.0,Fast,2016,,,,,,,,no,COMPARE_ML,,,
ampicillin,resistant,> 128 mg/L,SAMD00126377,GCA_003298035.1,Escherichia,Escherichia coli,Escherichia coli,562,TUM18552,Homo sapiens,DRS074120,broth dilution,,EUCAST,ARO_3000637|https://www.ebi.ac.uk/ols4/ontologies/aro/classes/http%253A%252F%252Fpurl.obolibrary.org%252Fobo%252FARO_3000637,BGQN01000019.1,72851,73285,-,GCA_003298035.1_03659,marR,marR_S3N,AMR,POINT,MULTIDRUG,AMPICILLIN/CHLORAMPHENICOL/QUINOLONE/RIFAMPIN/TETRACYCLINE,AMPICILLIN,POINTP,WP_000843414.1,transcriptional regulator MarR,100.00,97.92,,,Annotation|https://ftp.ebi.ac.uk/pub/databases/amr_portal/genomes/GCA/003/298/GCA_003298035.1,1.5.0,Fast,2016,,,,,,,,no,COMPARE_ML,,,
ampicillin,resistant,> 128 mg/L,SAMD00126382,GCA_003298255.1,Escherichia,Escherichia coli,Escherichia coli,562,TUM18557,Homo sapiens,DRS074125,broth dilution,,EUCAST,ARO_3000637|https://www.ebi.ac.uk/ols4/ontologies/aro/classes/http%253A%252F%252Fpurl.obolibrary.org%252Fobo%252FARO_3000637,BGQS01000001.1,45443,45877,+,GCA_003298255.1_00045,marR,marR_S3N,AMR,POINT,MULTIDRUG,AMPICILLIN/CHLORAMPHENICOL/QUINOLONE/RIFAMPIN/TETRACYCLINE,AMPICILLIN,POINTP,WP_000843414.1,transcriptional regulator MarR,100.00,97.92,,,Annotation|https://ftp.ebi.ac.uk/pub/databases/amr_portal/genomes/GCA/003/298/GCA_003298255.1,1.5.0,Fast,2016,,,,,,,,no,COMPARE_ML,,,
ampicillin,resistant,> 128 mg/L,SAMD00126388,GCA_003298435.1,Escherichia,Escherichia coli,Escherichia coli,562,TUM18563,Homo sapiens,DRS074131,broth dilution,,EUCAST,ARO_3000637|https://www.ebi.ac.uk/ols4/ontologies/aro/classes/http%253A%252F%252Fpurl.obolibrary.org%252Fobo%252FARO_3000637,BGQY01000001.1,36897,37331,+,GCA_003298435.1_00031,marR,marR_S3N,AMR,POINT,MULTIDRUG,AMPICILLIN/CHLORAMPHENICOL/QUINOLONE/RIFAMPIN/TETRACYCLINE,AMPICILLIN,POINTP,WP_000843414.1,transcriptional regulator MarR,100.00,97.92,,,Annotation|https://ftp.ebi.ac.uk/pub/databases/amr_portal/genomes/GCA/003/298/GCA_003298435.1,1.5.0,Fast,2016,,,,,,,,no,COMPARE_ML,,,
ampicillin,resistant,> 128 mg/L,SAMD00126395,GCA_003298835.1,Escherichia,Escherichia coli,Escherichia coli,562,TUM18570,Homo sapiens,DRS074138,broth dilution,,EUCAST,ARO_3000637|https://www.ebi.ac.uk/ols4/ontologies/aro/classes/http%253A%252F%252Fpurl.obolibrary.org%252Fobo%252FARO_3000637,BGRF01000001.1,36740,37174,+,GCA_003298835.1_00031,marR,marR_S3N,AMR,POINT,MULTIDRUG,AMPICILLIN/CHLORAMPHENICOL/QUINOLONE/RIFAMPIN/TETRACYCLINE,AMPICILLIN,POINTP,WP_000843414.1,transcriptional regulator MarR,100.00,97.92,,,Annotation|https://ftp.ebi.ac.uk/pub/databases/amr_portal/genomes/GCA/003/298/GCA_003298835.1,1.5.0,Fast,2017,,,,,,,,no,COMPARE_ML,,,
ampicillin,resistant,> 128 mg/L,SAMD00126385,GCA_003298325.1,Escherichia,Escherichia coli,Escherichia coli,562,TUM18560,Homo sapiens,DRS074128,broth dilution,,EUCAST,ARO_3000637|https://www.ebi.ac.uk/ols4/ontologies/aro/classes/http%253A%252F%252Fpurl.obolibrary.org%252Fobo%252FARO_3000637,BGQV01000002.1,44964,45398,+,GCA_003298325.1_00774,marR,marR_S3N,AMR,POINT,MULTIDRUG,AMPICILLIN/CHLORAMPHENICOL/QUINOLONE/RIFAMPIN/TETRACYCLINE,AMPICILLIN,POINTP,WP_000843414.1,transcriptional regulator MarR,100.00,97.92,,,Annotation|https://ftp.ebi.ac.uk/pub/databases/amr_portal/genomes/GCA/003/298/GCA_003298325.1,1.5.0,Fast,2016,,,,,,,,no,COMPARE_ML,,,
ampicillin,resistant,> 128 mg/L,SAMD00126376,GCA_003298015.1,Escherichia,Escherichia coli,Escherichia coli,562,TUM18551,Homo sapiens,DRS074119,broth dilution,,EUCAST,ARO_3000637|https://www.ebi.ac.uk/ols4/ontologies/aro/classes/http%253A%252F%252Fpurl.obolibrary.org%252Fobo%252FARO_3000637,BGQM01000003.1,290675,291109,-,GCA_003298015.1_01170,marR,marR_S3N,AMR,POINT,MULTIDRUG,AMPICILLIN/CHLORAMPHENICOL/QUINOLONE/RIFAMPIN/TETRACYCLINE,AMPICILLIN,POINTP,WP_000843414.1,transcriptional regulator MarR,100.00,97.92,,,Annotation|https://ftp.ebi.ac.uk/pub/databases/amr_portal/genomes/GCA/003/298/GCA_003298015.1,1.5.0,Fast,2016,,,,,,,,no,COMPARE_ML,,,
ampicillin,resistant,> 128 mg/L,SAMD00126390,GCA_003298535.1,Escherichia,Escherichia coli,Escherichia coli,562,TUM18565,Homo sapiens,DRS074133,broth dilution,,EUCAST,ARO_3000637|https://www.ebi.ac.uk/ols4/ontologies/aro/classes/http%253A%252F%252Fpurl.obolibrary.org%252Fobo%252FARO_3000637,BGRA01000003.1,36897,37331,+,GCA_003298535.1_01110,marR,marR_S3N,AMR,POINT,MULTIDRUG,AMPICILLIN/CHLORAMPHENICOL/QUINOLONE/RIFAMPIN/TETRACYCLINE,AMPICILLIN,POINTP,WP_000843414.1,transcriptional regulator MarR,100.00,97.92,,,Annotation|https://ftp.ebi.ac.uk/pub/databases/amr_portal/genomes/GCA/003/298/GCA_003298535.1,1.5.0,Fast,2016,,,,,,,,no,COMPARE_ML,,,
ampicillin,resistant,> 128 mg/L,SAMD00126383,GCA_003298275.1,Escherichia,Escherichia coli,Escherichia coli,562,TUM18558,Homo sapiens,DRS074126,broth dilution,,EUCAST,ARO_3000637|https://www.ebi.ac.uk/ols4/ontologies/aro/classes/http%253A%252F%252Fpurl.obolibrary.org%252Fobo%252FARO_3000637,BGQT01000011.1,164586,165020,-,GCA_003298275.1_02967,marR,marR_S3N,AMR,POINT,MULTIDRUG,AMPICILLIN/CHLORAMPHENICOL/QUINOLONE/RIFAMPIN/TETRACYCLINE,AMPICILLIN,POINTP,WP_000843414.1,transcriptional regulator MarR,100.00,97.92,,,Annotation|https://ftp.ebi.ac.uk/pub/databases/amr_portal/genomes/GCA/003/298/GCA_003298275.1,1.5.0,Fast,2016,,,,,,,,no,COMPARE_ML,,,
ampicillin,susceptible,== 4 mg/L,SAMN10221074,GCA_003772965.1,Escherichia,Escherichia coli,Escherichia coli,562,CVM N17EC0238,other (non-clinical isolate),SRS3967812,broth dilution,Sensititre,,ARO_3000637|https://www.ebi.ac.uk/ols4/ontologies/aro/classes/http%253A%252F%252Fpurl.obolibrary.org%252Fobo%252FARO_3000637,RNQM01000004.1,14671,15105,+,GCA_003772965.1_01233,marR,marR_S3N,AMR,POINT,MULTIDRUG,AMPICILLIN/CHLORAMPHENICOL/QUINOLONE/RIFAMPIN/TETRACYCLINE,AMPICILLIN,POINTP,WP_000843414.1,transcriptional regulator MarR,100.00,97.92,,,Annotation|https://ftp.ebi.ac.uk/pub/databases/amr_portal/genomes/GCA/003/772/GCA_003772965.1,1.6.0,Full,2017,,,chicken wings,,,,,no,NCBI_antibiogram;NDARO,United States of America,Americas,Northern America
ampicillin,resistant,> 32 mg/L,SAMN07291529,GCA_003073875.1,Escherichia,Escherichia coli,Escherichia coli,562,AR436,,SRS3163144,broth dilution,,CLSI,ARO_3000637|https://www.ebi.ac.uk/ols4/ontologies/aro/classes/http%253A%252F%252Fpurl.obolibrary.org%252Fobo%252FARO_3000637,CP029111.1,2658064,2658387,+,GCA_003073875.1_02522,soxS,soxS_A12S,AMR,POINT,MULTIDRUG,AMPICILLIN/CHLORAMPHENICOL/QUINOLONE/RIFAMPIN/TETRACYCLINE,AMPICILLIN,POINTP,WP_000019358.1,regulatory protein SoxS,100.00,99.07,,,Annotation|https://ftp.ebi.ac.uk/pub/databases/amr_portal/genomes/GCA/003/073/GCA_003073875.1,1.5.0,Fast,,,,,,,,33659219,no,CDC;NCBI_antibiogram;PATRIC;CABBAGE_PubMed_data,,,
ampicillin,resistant,> 32 mg/L,SAMN10221401,GCA_003920895.1,Escherichia,Escherichia coli,Escherichia coli,562,CVM N17EC0918,other (non-clinical isolate),SRS3967587,broth dilution,Sensititre,,ARO_3000637|https://www.ebi.ac.uk/ols4/ontologies/aro/classes/http%253A%252F%252Fpurl.obolibrary.org%252Fobo%252FARO_3000637,RVYJ01000001.1,36780,37214,+,GCA_003920895.1_00035,marR,marR_S3N,AMR,POINT,MULTIDRUG,AMPICILLIN/CHLORAMPHENICOL/QUINOLONE/RIFAMPIN/TETRACYCLINE,AMPICILLIN,POINTP,WP_000843414.1,transcriptional regulator MarR,100.00,97.92,,,Annotation|https://ftp.ebi.ac.uk/pub/databases/amr_portal/genomes/GCA/003/920/GCA_003920895.1,1.6.0,Full,2017,,,turkey patties,,,,,no,NCBI_antibiogram;NDARO,United States of America,Americas,Northern America
ampicillin,resistant,> 128 mg/L,SAMD00126418,GCA_003299705.1,Escherichia,Escherichia coli,Escherichia coli,562,TUM18593,Homo sapiens,DRS074161,broth dilution,,EUCAST,ARO_3000637|https://www.ebi.ac.uk/ols4/ontologies/aro/classes/http%253A%252F%252Fpurl.obolibrary.org%252Fobo%252FARO_3000637,BGSC01000001.1,435733,436167,-,GCA_003299705.1_00429,marR,marR_S3N,AMR,POINT,MULTIDRUG,AMPICILLIN/CHLORAMPHENICOL/QUINOLONE/RIFAMPIN/TETRACYCLINE,AMPICILLIN,POINTP,WP_000843414.1,transcriptional regulator MarR,100.00,97.92,,,Annotation|https://ftp.ebi.ac.uk/pub/databases/amr_portal/genomes/GCA/003/299/GCA_003299705.1,1.5.0,Fast,2017,,,,,,,,no,COMPARE_ML,,,
ampicillin,resistant,> 128 mg/L,SAMD00126401,GCA_003299085.1,Escherichia,Escherichia coli,Escherichia coli,562,TUM18576,Homo sapiens,DRS074144,broth dilution,,EUCAST,ARO_3000637|https://www.ebi.ac.uk/ols4/ontologies/aro/classes/http%253A%252F%252Fpurl.obolibrary.org%252Fobo%252FARO_3000637,BGRL01000025.1,27536,27970,+,GCA_003299085.1_04197,marR,marR_S3N,AMR,POINT,MULTIDRUG,AMPICILLIN/CHLORAMPHENICOL/QUINOLONE/RIFAMPIN/TETRACYCLINE,AMPICILLIN,POINTP,WP_000843414.1,transcriptional regulator MarR,100.00,97.92,,,Annotation|https://ftp.ebi.ac.uk/pub/databases/amr_portal/genomes/GCA/003/299/GCA_003299085.1,1.5.0,Fast,2017,,,,,,,,no,COMPARE_ML,,,
ampicillin,resistant,> 128 mg/L,SAMD00126415,GCA_003299585.1,Escherichia,Escherichia coli,Escherichia coli,562,TUM18590,Homo sapiens,DRS074158,broth dilution,,EUCAST,ARO_3000637|https://www.ebi.ac.uk/ols4/ontologies/aro/classes/http%253A%252F%252Fpurl.obolibrary.org%252Fobo%252FARO_3000637,BGRZ01000001.1,383608,384042,-,GCA_003299585.1_00391,marR,marR_S3N,AMR,POINT,MULTIDRUG,AMPICILLIN/CHLORAMPHENICOL/QUINOLONE/RIFAMPIN/TETRACYCLINE,AMPICILLIN,POINTP,WP_000843414.1,transcriptional regulator MarR,100.00,97.92,,,Annotation|https://ftp.ebi.ac.uk/pub/databases/amr_portal/genomes/GCA/003/299/GCA_003299585.1,1.5.0,Fast,2017,,,,,,,,no,COMPARE_ML,,,
ampicillin,resistant,> 128 mg/L,SAMD00126400,GCA_003299035.1,Escherichia,Escherichia coli,Escherichia coli,562,TUM18575,Homo sapiens,DRS074143,broth dilution,,EUCAST,ARO_3000637|https://www.ebi.ac.uk/ols4/ontologies/aro/classes/http%253A%252F%252Fpurl.obolibrary.org%252Fobo%252FARO_3000637,BGRK01000001.1,13359,13793,+,GCA_003299035.1_00014,marR,marR_S3N,AMR,POINT,MULTIDRUG,AMPICILLIN/CHLORAMPHENICOL/QUINOLONE/RIFAMPIN/TETRACYCLINE,AMPICILLIN,POINTP,WP_000843414.1,transcriptional regulator MarR,100.00,97.92,,,Annotation|https://ftp.ebi.ac.uk/pub/databases/amr_portal/genomes/GCA/003/299/GCA_003299035.1,1.5.0,Fast,2017,,,,,,,,no,COMPARE_ML,,,
ampicillin,resistant,> 128 mg/L,SAMD00126403,GCA_003299165.1,Escherichia,Escherichia coli,Escherichia coli,562,TUM18578,Homo sapiens,DRS074146,broth dilution,,EUCAST,ARO_3000637|https://www.ebi.ac.uk/ols4/ontologies/aro/classes/http%253A%252F%252Fpurl.obolibrary.org%252Fobo%252FARO_3000637,BGRN01000003.1,358392,358826,-,GCA_003299165.1_01510,marR,marR_S3N,AMR,POINT,MULTIDRUG,AMPICILLIN/CHLORAMPHENICOL/QUINOLONE/RIFAMPIN/TETRACYCLINE,AMPICILLIN,POINTP,WP_000843414.1,transcriptional regulator MarR,100.00,97.92,,,Annotation|https://ftp.ebi.ac.uk/pub/databases/amr_portal/genomes/GCA/003/299/GCA_003299165.1,1.5.0,Fast,2017,,,,,,,,no,COMPARE_ML,,,
ampicillin,resistant,> 128 mg/L,SAMD00126423,GCA_003299895.1,Escherichia,Escherichia coli,Escherichia coli,562,TUM18598,Homo sapiens,DRS074166,broth dilution,,EUCAST,ARO_3000637|https://www.ebi.ac.uk/ols4/ontologies/aro/classes/http%253A%252F%252Fpurl.obolibrary.org%252Fobo%252FARO_3000637,BGSH01000027.1,17555,17938,-,GCA_003299895.1_03910,marR,marR_S3N,AMR,POINT,MULTIDRUG,AMPICILLIN/CHLORAMPHENICOL/QUINOLONE/RIFAMPIN/TETRACYCLINE,AMPICILLIN,POINTP,WP_000843414.1,transcriptional regulator MarR,88.19,98.43,,,Annotation|https://ftp.ebi.ac.uk/pub/databases/amr_portal/genomes/GCA/003/299/GCA_003299895.1,1.5.0,Fast,2017,,,,,,,,no,COMPARE_ML,,,
ampicillin,resistant,> 128 mg/L,SAMD00126417,GCA_003299645.1,Escherichia,Escherichia coli,Escherichia coli,562,TUM18592,Homo sapiens,DRS074160,broth dilution,,EUCAST,ARO_3000637|https://www.ebi.ac.uk/ols4/ontologies/aro/classes/http%253A%252F%252Fpurl.obolibrary.org%252Fobo%252FARO_3000637,BGSB01000022.1,25224,25658,-,GCA_003299645.1_04052,marR,marR_S3N,AMR,POINT,MULTIDRUG,AMPICILLIN/CHLORAMPHENICOL/QUINOLONE/RIFAMPIN/TETRACYCLINE,AMPICILLIN,POINTP,WP_000843414.1,transcriptional regulator MarR,100.00,97.92,,,Annotation|https://ftp.ebi.ac.uk/pub/databases/amr_portal/genomes/GCA/003/299/GCA_003299645.1,1.5.0,Fast,2017,,,,,,,,no,COMPARE_ML,,,
ampicillin,resistant,> 128 mg/L,SAMD00126399,GCA_003299005.1,Escherichia,Escherichia coli,Escherichia coli,562,TUM18574,Homo sapiens,DRS074142,broth dilution,,EUCAST,ARO_3000637|https://www.ebi.ac.uk/ols4/ontologies/aro/classes/http%253A%252F%252Fpurl.obolibrary.org%252Fobo%252FARO_3000637,BGRJ01000031.1,27536,27970,+,GCA_003299005.1_04282,marR,marR_S3N,AMR,POINT,MULTIDRUG,AMPICILLIN/CHLORAMPHENICOL/QUINOLONE/RIFAMPIN/TETRACYCLINE,AMPICILLIN,POINTP,WP_000843414.1,transcriptional regulator MarR,100.00,97.92,,,Annotation|https://ftp.ebi.ac.uk/pub/databases/amr_portal/genomes/GCA/003/299/GCA_003299005.1,1.5.0,Fast,2017,,,,,,,,no,COMPARE_ML,,,
ampicillin,susceptible,== 2 mg/L,SAMN03292368,GCA_008516285.1,Salmonella,Salmonella enterica,Salmonella enterica subsp. enterica serovar Javiana,363569,PNUSAS000135,other (non-clinical isolate),SRS834202,broth dilution,,CLSI,ARO_3000637|https://www.ebi.ac.uk/ols4/ontologies/aro/classes/http%253A%252F%252Fpurl.obolibrary.org%252Fobo%252FARO_3000637,AAKQHB010000010.1,80804,81385,+,GCA_008516285.1_03865,,ramR_T18P,AMR,POINT,MULTIDRUG,AMPICILLIN/CHLORAMPHENICOL/QUINOLONE/RIFAMPIN/TETRACYCLINE,AMPICILLIN,POINTP,WP_000113609.1,TetR/AcrR family transcriptional regulator RamR,100.00,99.48,,,Annotation|https://ftp.ebi.ac.uk/pub/databases/amr_portal/genomes/GCA/008/516/GCA_008516285.1,1.5.0,Fast,2014,,,Stool,gastrointestinal system,,,,no,NARMS;NCBI_antibiogram;NDARO;PATRIC,United States of America,Americas,Northern America
ampicillin,resistant,> 32 mg/L,SAMN05907701,GCA_008526055.1,Salmonella,Salmonella enterica,"Salmonella enterica subsp. enterica serovar 4,[5],12:i:-",440524,2014AM-1579,other (non-clinical isolate),SRS1744177,broth dilution,,CLSI,ARO_3000637|https://www.ebi.ac.uk/ols4/ontologies/aro/classes/http%253A%252F%252Fpurl.obolibrary.org%252Fobo%252FARO_3000637,AAKRDE010000004.1,192194,192775,+,GCA_008526055.1_02015,,ramR_T18P,AMR,POINT,MULTIDRUG,AMPICILLIN/CHLORAMPHENICOL/QUINOLONE/RIFAMPIN/TETRACYCLINE,AMPICILLIN,POINTP,WP_000113609.1,TetR/AcrR family transcriptional regulator RamR,100.00,99.48,,,Annotation|https://ftp.ebi.ac.uk/pub/databases/amr_portal/genomes/GCA/008/526/GCA_008526055.1,1.5.0,Fast,2014,,,stool,gastrointestinal system,,,,no,NCBI_antibiogram;NDARO;PATRIC,United States of America,Americas,Northern America
ampicillin,resistant,>= 32 mg/L,SAMN40930688,GCA_038082335.1,Escherichia,Escherichia coli,Escherichia coli,562,,Homo sapiens,SRS20993262,broth dilution,Vitek,CLSI,ARO_3000637|https://www.ebi.ac.uk/ols4/ontologies/aro/classes/http%253A%252F%252Fpurl.obolibrary.org%252Fobo%252FARO_3000637,ABRRJT010000024.1,9400,9834,-,GCA_038082335.1_04397,marR,marR_S3N,AMR,POINT,MULTIDRUG,AMPICILLIN/CHLORAMPHENICOL/QUINOLONE/RIFAMPIN/TETRACYCLINE,AMPICILLIN,POINTP,WP_000843414.1,transcriptional regulator MarR,100.00,97.92,,,Annotation|https://ftp.ebi.ac.uk/pub/databases/amr_portal/genomes/GCA/038/082/GCA_038082335.1,1.5.0,Fast,2024,,,blood,blood,42.3362,-71.1067,,no,NCBI_antibiogram,United States of America,Americas,Northern America
ampicillin,susceptible,<= 2 mg/L,SAMN40930639,GCA_038083455.1,Escherichia,Escherichia coli,Escherichia coli,562,,Homo sapiens,SRS20993268,broth dilution,Vitek,CLSI,ARO_3000637|https://www.ebi.ac.uk/ols4/ontologies/aro/classes/http%253A%252F%252Fpurl.obolibrary.org%252Fobo%252FARO_3000637,ABRRMB010000023.1,9400,9834,-,GCA_038083455.1_04323,marR,marR_S3N,AMR,POINT,MULTIDRUG,AMPICILLIN/CHLORAMPHENICOL/QUINOLONE/RIFAMPIN/TETRACYCLINE,AMPICILLIN,POINTP,WP_000843414.1,transcriptional regulator MarR,100.00,97.92,,,Annotation|https://ftp.ebi.ac.uk/pub/databases/amr_portal/genomes/GCA/038/083/GCA_038083455.1,1.5.0,Fast,2024,,,urine,urinary tract,42.3362,-71.1067,,no,NCBI_antibiogram,United States of America,Americas,Northern America
ampicillin,resistant,>= 32 mg/L,SAMN40930659,GCA_038080355.1,Escherichia,Escherichia coli,Escherichia coli,562,,Homo sapiens,SRS20993232,broth dilution,Vitek,CLSI,ARO_3000637|https://www.ebi.ac.uk/ols4/ontologies/aro/classes/http%253A%252F%252Fpurl.obolibrary.org%252Fobo%252FARO_3000637,ABRRGC010000023.1,8417,8851,-,GCA_038080355.1_04262,marR,marR_S3N,AMR,POINT,MULTIDRUG,AMPICILLIN/CHLORAMPHENICOL/QUINOLONE/RIFAMPIN/TETRACYCLINE,AMPICILLIN,POINTP,WP_000843414.1,transcriptional regulator MarR,100.00,97.92,,,Annotation|https://ftp.ebi.ac.uk/pub/databases/amr_portal/genomes/GCA/038/080/GCA_038080355.1,1.5.0,Fast,2024,,,urine,urinary tract,42.3362,-71.1067,,no,NCBI_antibiogram,United States of America,Americas,Northern America
ampicillin,resistant,>= 32 mg/L,SAMN41091872,GCA_038510605.1,Escherichia,Escherichia coli,Escherichia coli,562,,Homo sapiens,SRS21133305,broth dilution,Vitek,CLSI,ARO_3000637|https://www.ebi.ac.uk/ols4/ontologies/aro/classes/http%253A%252F%252Fpurl.obolibrary.org%252Fobo%252FARO_3000637,ABRXND010000024.1,9703,10137,-,GCA_038510605.1_04445,marR,marR_S3N,AMR,POINT,MULTIDRUG,AMPICILLIN/CHLORAMPHENICOL/QUINOLONE/RIFAMPIN/TETRACYCLINE,AMPICILLIN,POINTP,WP_000843414.1,transcriptional regulator MarR,100.00,97.92,,,Annotation|https://ftp.ebi.ac.uk/pub/databases/amr_portal/genomes/GCA/038/510/GCA_038510605.1,1.5.0,Fast,2024,,,urine,urinary tract,42.3362,-71.1067,,no,NCBI_antibiogram,United States of America,Americas,Northern America
ampicillin,resistant,>= 32 mg/L,SAMN38228836,GCA_034514855.1,Escherichia,Escherichia coli,Escherichia coli,562,,Homo sapiens,SRS19518835,broth dilution,Vitek,CLSI,ARO_3000637|https://www.ebi.ac.uk/ols4/ontologies/aro/classes/http%253A%252F%252Fpurl.obolibrary.org%252Fobo%252FARO_3000637,ABPNVX010000005.1,225239,225703,-,GCA_034514855.1_01843,soxR,soxR_G121D,AMR,POINT,MULTIDRUG,AMPICILLIN/CHLORAMPHENICOL/QUINOLONE/RIFAMPIN/TETRACYCLINE,AMPICILLIN,POINTP,WP_000412428.1,redox-sensitive transcriptional activator SoxR,100.00,99.35,,,Annotation|https://ftp.ebi.ac.uk/pub/databases/amr_portal/genomes/GCA/034/514/GCA_034514855.1,1.5.0,Fast,2023,,,blood,blood,42.3362,-71.1067,,no,NCBI_antibiogram,United States of America,Americas,Northern America
ampicillin,susceptible,== 2 mg/L,SAMN07418917,GCA_009398685.1,Salmonella,Salmonella enterica,Salmonella enterica,28901,2015AM-1842,,SRS2389768,,,,ARO_3000637|https://www.ebi.ac.uk/ols4/ontologies/aro/classes/http%253A%252F%252Fpurl.obolibrary.org%252Fobo%252FARO_3000637,AAMPJP010000002.1,191706,192287,+,GCA_009398685.1_00749,,ramR_T18P,AMR,POINT,MULTIDRUG,AMPICILLIN/CHLORAMPHENICOL/QUINOLONE/RIFAMPIN/TETRACYCLINE,AMPICILLIN,POINTP,WP_000113609.1,TetR/AcrR family transcriptional regulator RamR,100.00,99.48,,,Annotation|https://ftp.ebi.ac.uk/pub/databases/amr_portal/genomes/GCA/009/398/GCA_009398685.1,1.5.0,Fast,2015,,,Stool,gastrointestinal system,,,,no,NARMS,United States of America,Americas,Northern America
ampicillin,susceptible,<= 4 mg/L,SAMN26305263,GCA_023886205.1,Escherichia,Escherichia coli,Escherichia coli,562,750037,Homo sapiens,SRS15351986,broth dilution,BD Phoenix,CLSI,ARO_3000637|https://www.ebi.ac.uk/ols4/ontologies/aro/classes/http%253A%252F%252Fpurl.obolibrary.org%252Fobo%252FARO_3000637,JAKYJN010000026.1,72616,73050,-,GCA_023886205.1_02093,marR,marR_S3N,AMR,POINT,MULTIDRUG,AMPICILLIN/CHLORAMPHENICOL/QUINOLONE/RIFAMPIN/TETRACYCLINE,AMPICILLIN,POINTP,WP_000843414.1,transcriptional regulator MarR,100.00,97.92,,,Annotation|https://ftp.ebi.ac.uk/pub/databases/amr_portal/genomes/GCA/023/886/GCA_023886205.1,1.5.0,Fast,2020,,,urine,urinary tract,38.97,-77.03,,no,NCBI_antibiogram,United States of America,Americas,Northern America
ampicillin,susceptible,<= 4 mg/L,SAMN26308974,GCA_023886385.1,Escherichia,Escherichia coli,Escherichia coli,562,758651,Homo sapiens,SRS15355613,broth dilution,BD Phoenix,CLSI,ARO_3000637|https://www.ebi.ac.uk/ols4/ontologies/aro/classes/http%253A%252F%252Fpurl.obolibrary.org%252Fobo%252FARO_3000637,JAMEJX010000030.1,134630,135064,-,GCA_023886385.1_03045,marR,marR_S3N,AMR,POINT,MULTIDRUG,AMPICILLIN/CHLORAMPHENICOL/QUINOLONE/RIFAMPIN/TETRACYCLINE,AMPICILLIN,POINTP,WP_000843414.1,transcriptional regulator MarR,100.00,97.92,,,Annotation|https://ftp.ebi.ac.uk/pub/databases/amr_portal/genomes/GCA/023/886/GCA_023886385.1,1.5.0,Fast,2020,,,urine,urinary tract,38.97,-77.03,,no,NCBI_antibiogram,United States of America,Americas,Northern America
ampicillin,susceptible,<= 4 mg/L,SAMN26309188,GCA_023886325.1,Escherichia,Escherichia coli,Escherichia coli,562,794363,Homo sapiens,SRS15357734,broth dilution,BD Phoenix,CLSI,ARO_3000637|https://www.ebi.ac.uk/ols4/ontologies/aro/classes/http%253A%252F%252Fpurl.obolibrary.org%252Fobo%252FARO_3000637,JAKYJS010000001.1,27408,27842,+,GCA_023886325.1_00026,marR,marR_S3N,AMR,POINT,MULTIDRUG,AMPICILLIN/CHLORAMPHENICOL/QUINOLONE/RIFAMPIN/TETRACYCLINE,AMPICILLIN,POINTP,WP_000843414.1,transcriptional regulator MarR,100.00,97.92,,,Annotation|https://ftp.ebi.ac.uk/pub/databases/amr_portal/genomes/GCA/023/886/GCA_023886325.1,1.5.0,Fast,2020,,,urine,urinary tract,38.97,-77.03,,no,NCBI_antibiogram,United States of America,Americas,Northern America
ampicillin,susceptible,<= 4 mg/L,SAMN26305141,GCA_023886855.1,Escherichia,Escherichia coli,Escherichia coli,562,805318,Homo sapiens,SRS15358814,broth dilution,BD Phoenix,CLSI,ARO_3000637|https://www.ebi.ac.uk/ols4/ontologies/aro/classes/http%253A%252F%252Fpurl.obolibrary.org%252Fobo%252FARO_3000637,JAMEKW010000001.1,35492,35926,+,GCA_023886855.1_00034,marR,marR_S3N,AMR,POINT,MULTIDRUG,AMPICILLIN/CHLORAMPHENICOL/QUINOLONE/RIFAMPIN/TETRACYCLINE,AMPICILLIN,POINTP,WP_000843414.1,transcriptional regulator MarR,100.00,97.92,,,Annotation|https://ftp.ebi.ac.uk/pub/databases/amr_portal/genomes/GCA/023/886/GCA_023886855.1,1.5.0,Fast,2020,,,urine,urinary tract,38.97,-77.03,,no,NCBI_antibiogram,United States of America,Americas,Northern America
ampicillin,susceptible,<= 4 mg/L,SAMN26305096,GCA_023886905.1,Escherichia,Escherichia coli,Escherichia coli,562,793511,Homo sapiens,SRS15357672,broth dilution,BD Phoenix,CLSI,ARO_3000637|https://www.ebi.ac.uk/ols4/ontologies/aro/classes/http%253A%252F%252Fpurl.obolibrary.org%252Fobo%252FARO_3000637,JAMEKY010000001.1,35206,35640,+,GCA_023886905.1_00027,marR,marR_S3N,AMR,POINT,MULTIDRUG,AMPICILLIN/CHLORAMPHENICOL/QUINOLONE/RIFAMPIN/TETRACYCLINE,AMPICILLIN,POINTP,WP_000843414.1,transcriptional regulator MarR,100.00,97.92,,,Annotation|https://ftp.ebi.ac.uk/pub/databases/amr_portal/genomes/GCA/023/886/GCA_023886905.1,1.5.0,Fast,2020,,,urine,urinary tract,38.97,-77.03,,no,NCBI_antibiogram,United States of America,Americas,Northern America
ampicillin,susceptible,<= 4 mg/L,SAMN26304946,GCA_023886065.1,Escherichia,Escherichia coli,Escherichia coli,562,758589,Homo sapiens,SRS15355674,broth dilution,BD Phoenix,CLSI,ARO_3000637|https://www.ebi.ac.uk/ols4/ontologies/aro/classes/http%253A%252F%252Fpurl.obolibrary.org%252Fobo%252FARO_3000637,JAKYJH010000008.1,72616,73050,-,GCA_023886065.1_01594,marR,marR_S3N,AMR,POINT,MULTIDRUG,AMPICILLIN/CHLORAMPHENICOL/QUINOLONE/RIFAMPIN/TETRACYCLINE,AMPICILLIN,POINTP,WP_000843414.1,transcriptional regulator MarR,100.00,97.92,,,Annotation|https://ftp.ebi.ac.uk/pub/databases/amr_portal/genomes/GCA/023/886/GCA_023886065.1,1.5.0,Fast,2020,,,urine,urinary tract,38.97,-77.03,,no,NCBI_antibiogram,United States of America,Americas,Northern America
ampicillin,resistant,> 16 mg/L,SAMN26305247,GCA_023886215.1,Escherichia,Escherichia coli,Escherichia coli,562,794717,Homo sapiens,SRS15358721,broth dilution,BD Phoenix,CLSI,ARO_3000637|https://www.ebi.ac.uk/ols4/ontologies/aro/classes/http%253A%252F%252Fpurl.obolibrary.org%252Fobo%252FARO_3000637,JAKYJO010000013.1,36770,37204,+,GCA_023886215.1_01507,marR,marR_S3N,AMR,POINT,MULTIDRUG,AMPICILLIN/CHLORAMPHENICOL/QUINOLONE/RIFAMPIN/TETRACYCLINE,AMPICILLIN,POINTP,WP_000843414.1,transcriptional regulator MarR,100.00,97.92,,,Annotation|https://ftp.ebi.ac.uk/pub/databases/amr_portal/genomes/GCA/023/886/GCA_023886215.1,1.5.0,Fast,2020,,,urine,urinary tract,38.97,-77.03,,no,NCBI_antibiogram,United States of America,Americas,Northern America
ampicillin,susceptible,<= 4 mg/L,SAMN26308982,GCA_023886365.1,Escherichia,Escherichia coli,Escherichia coli,562,821882,Homo sapiens,SRS15358685,broth dilution,BD Phoenix,CLSI,ARO_3000637|https://www.ebi.ac.uk/ols4/ontologies/aro/classes/http%253A%252F%252Fpurl.obolibrary.org%252Fobo%252FARO_3000637,JAMEJY010000016.1,34437,34871,+,GCA_023886365.1_02441,marR,marR_S3N,AMR,POINT,MULTIDRUG,AMPICILLIN/CHLORAMPHENICOL/QUINOLONE/RIFAMPIN/TETRACYCLINE,AMPICILLIN,POINTP,WP_000843414.1,transcriptional regulator MarR,100.00,97.92,,,Annotation|https://ftp.ebi.ac.uk/pub/databases/amr_portal/genomes/GCA/023/886/GCA_023886365.1,1.5.0,Fast,2020,,,wound,skin or soft tissue,38.97,-77.03,,no,NCBI_antibiogram,United States of America,Americas,Northern America
ampicillin,resistant,> 16 mg/L,SAMN26304433,GCA_023886885.1,Escherichia,Escherichia coli,Escherichia coli,562,749611,Homo sapiens,SRS15352110,broth dilution,BD Phoenix,CLSI,ARO_3000637|https://www.ebi.ac.uk/ols4/ontologies/aro/classes/http%253A%252F%252Fpurl.obolibrary.org%252Fobo%252FARO_3000637,JAMEKX010000018.1,2627,3061,+,GCA_023886885.1_01289,marR,marR_S3N,AMR,POINT,MULTIDRUG,AMPICILLIN/CHLORAMPHENICOL/QUINOLONE/RIFAMPIN/TETRACYCLINE,AMPICILLIN,POINTP,WP_000843414.1,transcriptional regulator MarR,100.00,97.92,,,Annotation|https://ftp.ebi.ac.uk/pub/databases/amr_portal/genomes/GCA/023/886/GCA_023886885.1,1.5.0,Fast,2020,,,urine,urinary tract,38.97,-77.03,,no,NCBI_antibiogram,United States of America,Americas,Northern America
ampicillin,resistant,> 16 mg/L,SAMN26304857,GCA_023878425.1,Escherichia,Escherichia coli,Escherichia coli,562,794225,Homo sapiens,SRS15357719,broth dilution,BD Phoenix,CLSI,ARO_3000637|https://www.ebi.ac.uk/ols4/ontologies/aro/classes/http%253A%252F%252Fpurl.obolibrary.org%252Fobo%252FARO_3000637,JAKXUM010000007.1,72620,73054,-,GCA_023878425.1_01173,marR,marR_S3N,AMR,POINT,MULTIDRUG,AMPICILLIN/CHLORAMPHENICOL/QUINOLONE/RIFAMPIN/TETRACYCLINE,AMPICILLIN,POINTP,WP_000843414.1,transcriptional regulator MarR,100.00,97.92,,,Annotation|https://ftp.ebi.ac.uk/pub/databases/amr_portal/genomes/GCA/023/878/GCA_023878425.1,1.5.0,Fast,2020,,,urine,urinary tract,38.97,-77.03,,no,NCBI_antibiogram,United States of America,Americas,Northern America
ampicillin,susceptible,<= 4 mg/L,SAMN26309180,GCA_023878625.1,Escherichia,Escherichia coli,Escherichia coli,562,735815,Homo sapiens,SRS15348215,broth dilution,BD Phoenix,CLSI,ARO_3000637|https://www.ebi.ac.uk/ols4/ontologies/aro/classes/http%253A%252F%252Fpurl.obolibrary.org%252Fobo%252FARO_3000637,JAKXUX010000025.1,231226,231660,-,GCA_023878625.1_01116,marR,marR_S3N,AMR,POINT,MULTIDRUG,AMPICILLIN/CHLORAMPHENICOL/QUINOLONE/RIFAMPIN/TETRACYCLINE,AMPICILLIN,POINTP,WP_000843414.1,transcriptional regulator MarR,100.00,97.92,,,Annotation|https://ftp.ebi.ac.uk/pub/databases/amr_portal/genomes/GCA/023/878/GCA_023878625.1,1.5.0,Fast,2019,,,urine,urinary tract,38.97,-77.03,,no,NCBI_antibiogram,United States of America,Americas,Northern America
ampicillin,susceptible,<= 4 mg/L,SAMN26309242,GCA_023878945.1,Escherichia,Escherichia coli,Escherichia coli,562,781319,Homo sapiens,SRS15357556,broth dilution,BD Phoenix,CLSI,ARO_3000637|https://www.ebi.ac.uk/ols4/ontologies/aro/classes/http%253A%252F%252Fpurl.obolibrary.org%252Fobo%252FARO_3000637,JAKXVN010000013.1,9400,9834,-,GCA_023878945.1_01115,marR,marR_S3N,AMR,POINT,MULTIDRUG,AMPICILLIN/CHLORAMPHENICOL/QUINOLONE/RIFAMPIN/TETRACYCLINE,AMPICILLIN,POINTP,WP_000843414.1,transcriptional regulator MarR,100.00,97.92,,,Annotation|https://ftp.ebi.ac.uk/pub/databases/amr_portal/genomes/GCA/023/878/GCA_023878945.1,1.5.0,Fast,2020,,,urine,urinary tract,38.97,-77.03,,no,NCBI_antibiogram,United States of America,Americas,Northern America
ampicillin,susceptible,<= 4 mg/L,SAMN26309081,GCA_023878005.1,Escherichia,Escherichia coli,Escherichia coli,562,709269,Homo sapiens,SRS15339821,broth dilution,BD Phoenix,CLSI,ARO_3000637|https://www.ebi.ac.uk/ols4/ontologies/aro/classes/http%253A%252F%252Fpurl.obolibrary.org%252Fobo%252FARO_3000637,JAKXTT010000016.1,44869,45303,+,GCA_023878005.1_01321,marR,marR_S3N,AMR,POINT,MULTIDRUG,AMPICILLIN/CHLORAMPHENICOL/QUINOLONE/RIFAMPIN/TETRACYCLINE,AMPICILLIN,POINTP,WP_000843414.1,transcriptional regulator MarR,100.00,97.92,,,Annotation|https://ftp.ebi.ac.uk/pub/databases/amr_portal/genomes/GCA/023/878/GCA_023878005.1,1.5.0,Fast,2019,,,tissue,skin or soft tissue,38.97,-77.03,,no,NCBI_antibiogram,United States of America,Americas,Northern America
ampicillin,susceptible,<= 4 mg/L,SAMN26305056,GCA_023878325.1,Escherichia,Escherichia coli,Escherichia coli,562,735865,Homo sapiens,SRS15348285,broth dilution,BD Phoenix,CLSI,ARO_3000637|https://www.ebi.ac.uk/ols4/ontologies/aro/classes/http%253A%252F%252Fpurl.obolibrary.org%252Fobo%252FARO_3000637,JAKXUJ010000056.1,24616,25050,-,GCA_023878325.1_04157,marR,marR_S3N,AMR,POINT,MULTIDRUG,AMPICILLIN/CHLORAMPHENICOL/QUINOLONE/RIFAMPIN/TETRACYCLINE,AMPICILLIN,POINTP,WP_000843414.1,transcriptional regulator MarR,100.00,97.92,,,Annotation|https://ftp.ebi.ac.uk/pub/databases/amr_portal/genomes/GCA/023/878/GCA_023878325.1,1.5.0,Fast,2019,,,urine,urinary tract,38.97,-77.03,,no,NCBI_antibiogram,United States of America,Americas,Northern America
ampicillin,susceptible,<= 4 mg/L,SAMN26308984,GCA_023878085.1,Escherichia,Escherichia coli,Escherichia coli,562,837610,Homo sapiens,SRS15359896,broth dilution,BD Phoenix,CLSI,ARO_3000637|https://www.ebi.ac.uk/ols4/ontologies/aro/classes/http%253A%252F%252Fpurl.obolibrary.org%252Fobo%252FARO_3000637,JAKXTX010000018.1,36140,36574,+,GCA_023878085.1_02705,marR,marR_S3N,AMR,POINT,MULTIDRUG,AMPICILLIN/CHLORAMPHENICOL/QUINOLONE/RIFAMPIN/TETRACYCLINE,AMPICILLIN,POINTP,WP_000843414.1,transcriptional regulator MarR,100.00,97.92,,,Annotation|https://ftp.ebi.ac.uk/pub/databases/amr_portal/genomes/GCA/023/878/GCA_023878085.1,1.5.0,Fast,2020,,,urine,urinary tract,38.97,-77.03,,no,NCBI_antibiogram,United States of America,Americas,Northern America
ampicillin,susceptible,<= 4 mg/L,SAMN26309079,GCA_023878105.1,Escherichia,Escherichia coli,Escherichia coli,562,735849,Homo sapiens,SRS15348219,broth dilution,BD Phoenix,CLSI,ARO_3000637|https://www.ebi.ac.uk/ols4/ontologies/aro/classes/http%253A%252F%252Fpurl.obolibrary.org%252Fobo%252FARO_3000637,JAKXTS010000017.1,13248,13682,+,GCA_023878105.1_01332,marR,marR_S3N,AMR,POINT,MULTIDRUG,AMPICILLIN/CHLORAMPHENICOL/QUINOLONE/RIFAMPIN/TETRACYCLINE,AMPICILLIN,POINTP,WP_000843414.1,transcriptional regulator MarR,100.00,97.92,,,Annotation|https://ftp.ebi.ac.uk/pub/databases/amr_portal/genomes/GCA/023/878/GCA_023878105.1,1.5.0,Fast,2019,,,urine,urinary tract,38.97,-77.03,,no,NCBI_antibiogram,United States of America,Americas,Northern America
ampicillin,resistant,> 16 mg/L,SAMN26305124,GCA_023878305.1,Escherichia,Escherichia coli,Escherichia coli,562,781481,Homo sapiens,SRS15357575,broth dilution,BD Phoenix,CLSI,ARO_3000637|https://www.ebi.ac.uk/ols4/ontologies/aro/classes/http%253A%252F%252Fpurl.obolibrary.org%252Fobo%252FARO_3000637,JAKXUH010000010.1,36117,36551,+,GCA_023878305.1_01498,marR,marR_S3N,AMR,POINT,MULTIDRUG,AMPICILLIN/CHLORAMPHENICOL/QUINOLONE/RIFAMPIN/TETRACYCLINE,AMPICILLIN,POINTP,WP_000843414.1,transcriptional regulator MarR,100.00,97.92,,,Annotation|https://ftp.ebi.ac.uk/pub/databases/amr_portal/genomes/GCA/023/878/GCA_023878305.1,1.5.0,Fast,2020,,,urine,urinary tract,38.97,-77.03,,no,NCBI_antibiogram,United States of America,Americas,Northern America
ampicillin,susceptible,<= 4 mg/L,SAMN26309429,GCA_023878205.1,Escherichia,Escherichia coli,Escherichia coli,562,781407,Homo sapiens,SRS15357566,broth dilution,BD Phoenix,CLSI,ARO_3000637|https://www.ebi.ac.uk/ols4/ontologies/aro/classes/http%253A%252F%252Fpurl.obolibrary.org%252Fobo%252FARO_3000637,JAKXUC010000012.1,241737,242171,-,GCA_023878205.1_01018,marR,marR_S3N,AMR,POINT,MULTIDRUG,AMPICILLIN/CHLORAMPHENICOL/QUINOLONE/RIFAMPIN/TETRACYCLINE,AMPICILLIN,POINTP,WP_000843414.1,transcriptional regulator MarR,100.00,97.92,,,Annotation|https://ftp.ebi.ac.uk/pub/databases/amr_portal/genomes/GCA/023/878/GCA_023878205.1,1.5.0,Fast,2020,,,wound,skin or soft tissue,38.97,-77.03,,no,NCBI_antibiogram,United States of America,Americas,Northern America
ampicillin,susceptible,<= 4 mg/L,SAMN26304804,GCA_023878645.1,Escherichia,Escherichia coli,Escherichia coli,562,757761,Homo sapiens,SRS15351924,broth dilution,BD Phoenix,CLSI,ARO_3000637|https://www.ebi.ac.uk/ols4/ontologies/aro/classes/http%253A%252F%252Fpurl.obolibrary.org%252Fobo%252FARO_3000637,JAKXUY010000014.1,13231,13665,+,GCA_023878645.1_01248,marR,marR_S3N,AMR,POINT,MULTIDRUG,AMPICILLIN/CHLORAMPHENICOL/QUINOLONE/RIFAMPIN/TETRACYCLINE,AMPICILLIN,POINTP,WP_000843414.1,transcriptional regulator MarR,100.00,97.92,,,Annotation|https://ftp.ebi.ac.uk/pub/databases/amr_portal/genomes/GCA/023/878/GCA_023878645.1,1.5.0,Fast,2020,,,urine,urinary tract,38.97,-77.03,,no,NCBI_antibiogram,United States of America,Americas,Northern America
ampicillin,susceptible,<= 4 mg/L,SAMN26308596,GCA_023878825.1,Escherichia,Escherichia coli,Escherichia coli,562,806400,Homo sapiens,SRS15358541,broth dilution,BD Phoenix,CLSI,ARO_3000637|https://www.ebi.ac.uk/ols4/ontologies/aro/classes/http%253A%252F%252Fpurl.obolibrary.org%252Fobo%252FARO_3000637,JAKXVH010000010.1,13248,13682,+,GCA_023878825.1_00777,marR,marR_S3N,AMR,POINT,MULTIDRUG,AMPICILLIN/CHLORAMPHENICOL/QUINOLONE/RIFAMPIN/TETRACYCLINE,AMPICILLIN,POINTP,WP_000843414.1,transcriptional regulator MarR,100.00,97.92,,,Annotation|https://ftp.ebi.ac.uk/pub/databases/amr_portal/genomes/GCA/023/878/GCA_023878825.1,1.5.0,Fast,2020,,,urine,urinary tract,38.97,-77.03,,no,NCBI_antibiogram,United States of America,Americas,Northern America
ampicillin,susceptible,<= 4 mg/L,SAMN26308654,GCA_023878895.1,Escherichia,Escherichia coli,Escherichia coli,562,758677,Homo sapiens,SRS15355540,broth dilution,BD Phoenix,CLSI,ARO_3000637|https://www.ebi.ac.uk/ols4/ontologies/aro/classes/http%253A%252F%252Fpurl.obolibrary.org%252Fobo%252FARO_3000637,JAKXVL010000009.1,36503,36937,+,GCA_023878895.1_00777,marR,marR_S3N,AMR,POINT,MULTIDRUG,AMPICILLIN/CHLORAMPHENICOL/QUINOLONE/RIFAMPIN/TETRACYCLINE,AMPICILLIN,POINTP,WP_000843414.1,transcriptional regulator MarR,100.00,97.92,,,Annotation|https://ftp.ebi.ac.uk/pub/databases/amr_portal/genomes/GCA/023/878/GCA_023878895.1,1.5.0,Fast,2020,,,urine,urinary tract,38.97,-77.03,,no,NCBI_antibiogram,United States of America,Americas,Northern America
ampicillin,susceptible,<= 4 mg/L,SAMN26304741,GCA_023878885.1,Escherichia,Escherichia coli,Escherichia coli,562,767973,Homo sapiens,SRS15355754,broth dilution,BD Phoenix,CLSI,ARO_3000637|https://www.ebi.ac.uk/ols4/ontologies/aro/classes/http%253A%252F%252Fpurl.obolibrary.org%252Fobo%252FARO_3000637,JAKXVK010000005.1,476937,477371,-,GCA_023878885.1_01001,marR,marR_S3N,AMR,POINT,MULTIDRUG,AMPICILLIN/CHLORAMPHENICOL/QUINOLONE/RIFAMPIN/TETRACYCLINE,AMPICILLIN,POINTP,WP_000843414.1,transcriptional regulator MarR,100.00,97.92,,,Annotation|https://ftp.ebi.ac.uk/pub/databases/amr_portal/genomes/GCA/023/878/GCA_023878885.1,1.5.0,Fast,2020,,,urine,urinary tract,38.97,-77.03,,no,NCBI_antibiogram,United States of America,Americas,Northern America
ampicillin,susceptible,<= 4 mg/L,SAMN26308642,GCA_023878405.1,Escherichia,Escherichia coli,Escherichia coli,562,736087,Homo sapiens,SRS15348308,broth dilution,BD Phoenix,CLSI,ARO_3000637|https://www.ebi.ac.uk/ols4/ontologies/aro/classes/http%253A%252F%252Fpurl.obolibrary.org%252Fobo%252FARO_3000637,JAKXUL010000025.1,36503,36937,+,GCA_023878405.1_02297,marR,marR_S3N,AMR,POINT,MULTIDRUG,AMPICILLIN/CHLORAMPHENICOL/QUINOLONE/RIFAMPIN/TETRACYCLINE,AMPICILLIN,POINTP,WP_000843414.1,transcriptional regulator MarR,100.00,97.92,,,Annotation|https://ftp.ebi.ac.uk/pub/databases/amr_portal/genomes/GCA/023/878/GCA_023878405.1,1.5.0,Fast,2020,,,urine,urinary tract,38.97,-77.03,,no,NCBI_antibiogram,United States of America,Americas,Northern America
ampicillin,resistant,> 16 mg/L,SAMN26309095,GCA_023878705.1,Escherichia,Escherichia coli,Escherichia coli,562,750755,Homo sapiens,SRS15352002,broth dilution,BD Phoenix,CLSI,ARO_3000637|https://www.ebi.ac.uk/ols4/ontologies/aro/classes/http%253A%252F%252Fpurl.obolibrary.org%252Fobo%252FARO_3000637,JAKXVB010000017.1,14519,14953,+,GCA_023878705.1_01296,marR,marR_S3N,AMR,POINT,MULTIDRUG,AMPICILLIN/CHLORAMPHENICOL/QUINOLONE/RIFAMPIN/TETRACYCLINE,AMPICILLIN,POINTP,WP_000843414.1,transcriptional regulator MarR,100.00,97.92,,,Annotation|https://ftp.ebi.ac.uk/pub/databases/amr_portal/genomes/GCA/023/878/GCA_023878705.1,1.5.0,Fast,2020,,,urine,urinary tract,38.97,-77.03,,no,NCBI_antibiogram,United States of America,Americas,Northern America
ampicillin,susceptible,<= 4 mg/L,SAMN26304347,GCA_023878985.1,Escherichia,Escherichia coli,Escherichia coli,562,781641,Homo sapiens,SRS15357486,broth dilution,BD Phoenix,CLSI,ARO_3000637|https://www.ebi.ac.uk/ols4/ontologies/aro/classes/http%253A%252F%252Fpurl.obolibrary.org%252Fobo%252FARO_3000637,JAKXVP010000026.1,63418,63852,-,GCA_023878985.1_02263,marR,marR_S3N,AMR,POINT,MULTIDRUG,AMPICILLIN/CHLORAMPHENICOL/QUINOLONE/RIFAMPIN/TETRACYCLINE,AMPICILLIN,POINTP,WP_000843414.1,transcriptional regulator MarR,100.00,97.92,,,Annotation|https://ftp.ebi.ac.uk/pub/databases/amr_portal/genomes/GCA/023/878/GCA_023878985.1,1.5.0,Fast,2020,,,urine,urinary tract,38.97,-77.03,,no,NCBI_antibiogram,United States of America,Americas,Northern America
ampicillin,susceptible,<= 4 mg/L,SAMN26308687,GCA_023874725.1,Escherichia,Escherichia coli,Escherichia coli,562,768313,Homo sapiens,SRS15355622,broth dilution,BD Phoenix,CLSI,ARO_3000637|https://www.ebi.ac.uk/ols4/ontologies/aro/classes/http%253A%252F%252Fpurl.obolibrary.org%252Fobo%252FARO_3000637,JAKXNK010000013.1,13247,13681,+,GCA_023874725.1_01402,marR,marR_S3N,AMR,POINT,MULTIDRUG,AMPICILLIN/CHLORAMPHENICOL/QUINOLONE/RIFAMPIN/TETRACYCLINE,AMPICILLIN,POINTP,WP_000843414.1,transcriptional regulator MarR,100.00,97.92,,,Annotation|https://ftp.ebi.ac.uk/pub/databases/amr_portal/genomes/GCA/023/874/GCA_023874725.1,1.5.0,Fast,2020,,,urine,urinary tract,38.97,-77.03,,no,NCBI_antibiogram,United States of America,Americas,Northern America
ampicillin,resistant,> 16 mg/L,SAMN26304800,GCA_023874655.1,Escherichia,Escherichia coli,Escherichia coli,562,735525,Homo sapiens,SRS15348418,broth dilution,BD Phoenix,CLSI,ARO_3000637|https://www.ebi.ac.uk/ols4/ontologies/aro/classes/http%253A%252F%252Fpurl.obolibrary.org%252Fobo%252FARO_3000637,JAKXNH010000020.1,13248,13682,+,GCA_023874655.1_01254,marR,marR_S3N,AMR,POINT,MULTIDRUG,AMPICILLIN/CHLORAMPHENICOL/QUINOLONE/RIFAMPIN/TETRACYCLINE,AMPICILLIN,POINTP,WP_000843414.1,transcriptional regulator MarR,100.00,97.92,,,Annotation|https://ftp.ebi.ac.uk/pub/databases/amr_portal/genomes/GCA/023/874/GCA_023874655.1,1.5.0,Fast,2019,,,urine,urinary tract,38.97,-77.03,,no,NCBI_antibiogram,United States of America,Americas,Northern America
ampicillin,resistant,> 16 mg/L,SAMN26308563,GCA_023874605.1,Escherichia,Escherichia coli,Escherichia coli,562,734765,Homo sapiens,SRS15348259,broth dilution,BD Phoenix,CLSI,ARO_3000637|https://www.ebi.ac.uk/ols4/ontologies/aro/classes/http%253A%252F%252Fpurl.obolibrary.org%252Fobo%252FARO_3000637,JAKXND010000016.1,9400,9834,-,GCA_023874605.1_01627,marR,marR_S3N,AMR,POINT,MULTIDRUG,AMPICILLIN/CHLORAMPHENICOL/QUINOLONE/RIFAMPIN/TETRACYCLINE,AMPICILLIN,POINTP,WP_000843414.1,transcriptional regulator MarR,100.00,97.92,,,Annotation|https://ftp.ebi.ac.uk/pub/databases/amr_portal/genomes/GCA/023/874/GCA_023874605.1,1.5.0,Fast,2019,,,urine,urinary tract,38.97,-77.03,,no,NCBI_antibiogram,United States of America,Americas,Northern America
ampicillin,resistant,> 16 mg/L,SAMN26308569,GCA_023874465.1,Escherichia,Escherichia coli,Escherichia coli,562,749161,Homo sapiens,SRS15352062,broth dilution,BD Phoenix,CLSI,ARO_3000637|https://www.ebi.ac.uk/ols4/ontologies/aro/classes/http%253A%252F%252Fpurl.obolibrary.org%252Fobo%252FARO_3000637,JAKXMU010000012.1,27410,27844,+,GCA_023874465.1_01035,marR,marR_S3N,AMR,POINT,MULTIDRUG,AMPICILLIN/CHLORAMPHENICOL/QUINOLONE/RIFAMPIN/TETRACYCLINE,AMPICILLIN,POINTP,WP_000843414.1,transcriptional regulator MarR,100.00,97.92,,,Annotation|https://ftp.ebi.ac.uk/pub/databases/amr_portal/genomes/GCA/023/874/GCA_023874465.1,1.5.0,Fast,2020,,,urine,urinary tract,38.97,-77.03,,no,NCBI_antibiogram,United States of America,Americas,Northern America
ampicillin,susceptible,<= 4 mg/L,SAMN26305091,GCA_023874925.1,Escherichia,Escherichia coli,Escherichia coli,562,709823,Homo sapiens,SRS15348343,broth dilution,BD Phoenix,CLSI,ARO_3000637|https://www.ebi.ac.uk/ols4/ontologies/aro/classes/http%253A%252F%252Fpurl.obolibrary.org%252Fobo%252FARO_3000637,JAKXNV010000007.1,73679,74113,-,GCA_023874925.1_01014,marR,marR_S3N,AMR,POINT,MULTIDRUG,AMPICILLIN/CHLORAMPHENICOL/QUINOLONE/RIFAMPIN/TETRACYCLINE,AMPICILLIN,POINTP,WP_000843414.1,transcriptional regulator MarR,100.00,97.92,,,Annotation|https://ftp.ebi.ac.uk/pub/databases/amr_portal/genomes/GCA/023/874/GCA_023874925.1,1.5.0,Fast,2019,,,urine,urinary tract,38.97,-77.03,,no,NCBI_antibiogram,United States of America,Americas,Northern America
ampicillin,susceptible,<= 4 mg/L,SAMN26304401,GCA_023874405.1,Escherichia,Escherichia coli,Escherichia coli,562,734933,Homo sapiens,SRS15348278,broth dilution,BD Phoenix,CLSI,ARO_3000637|https://www.ebi.ac.uk/ols4/ontologies/aro/classes/http%253A%252F%252Fpurl.obolibrary.org%252Fobo%252FARO_3000637,JAKXMT010000029.1,72616,73050,-,GCA_023874405.1_02461,marR,marR_S3N,AMR,POINT,MULTIDRUG,AMPICILLIN/CHLORAMPHENICOL/QUINOLONE/RIFAMPIN/TETRACYCLINE,AMPICILLIN,POINTP,WP_000843414.1,transcriptional regulator MarR,100.00,97.92,,,Annotation|https://ftp.ebi.ac.uk/pub/databases/amr_portal/genomes/GCA/023/874/GCA_023874405.1,1.5.0,Fast,2019,,,urine,urinary tract,38.97,-77.03,,no,NCBI_antibiogram,United States of America,Americas,Northern America
ampicillin,susceptible,<= 4 mg/L,SAMN26304640,GCA_023874685.1,Escherichia,Escherichia coli,Escherichia coli,562,768275,Homo sapiens,SRS15355618,broth dilution,BD Phoenix,CLSI,ARO_3000637|https://www.ebi.ac.uk/ols4/ontologies/aro/classes/http%253A%252F%252Fpurl.obolibrary.org%252Fobo%252FARO_3000637,JAKXNI010000013.1,63429,63863,-,GCA_023874685.1_01749,marR,marR_S3N,AMR,POINT,MULTIDRUG,AMPICILLIN/CHLORAMPHENICOL/QUINOLONE/RIFAMPIN/TETRACYCLINE,AMPICILLIN,POINTP,WP_000843414.1,transcriptional regulator MarR,100.00,97.92,,,Annotation|https://ftp.ebi.ac.uk/pub/databases/amr_portal/genomes/GCA/023/874/GCA_023874685.1,1.5.0,Fast,2020,,,urine,urinary tract,38.97,-77.03,,no,NCBI_antibiogram,United States of America,Americas,Northern America
ampicillin,susceptible,<= 4 mg/L,SAMN26305239,GCA_023874765.1,Escherichia,Escherichia coli,Escherichia coli,562,766461,Homo sapiens,SRS15355732,broth dilution,BD Phoenix,CLSI,ARO_3000637|https://www.ebi.ac.uk/ols4/ontologies/aro/classes/http%253A%252F%252Fpurl.obolibrary.org%252Fobo%252FARO_3000637,JAKXNN010000009.1,72616,73050,-,GCA_023874765.1_01577,marR,marR_S3N,AMR,POINT,MULTIDRUG,AMPICILLIN/CHLORAMPHENICOL/QUINOLONE/RIFAMPIN/TETRACYCLINE,AMPICILLIN,POINTP,WP_000843414.1,transcriptional regulator MarR,100.00,97.92,,,Annotation|https://ftp.ebi.ac.uk/pub/databases/amr_portal/genomes/GCA/023/874/GCA_023874765.1,1.5.0,Fast,2020,,,blood,blood,38.97,-77.03,,no,NCBI_antibiogram,United States of America,Americas,Northern America
ampicillin,susceptible,<= 4 mg/L,SAMN26305233,GCA_023874525.1,Escherichia,Escherichia coli,Escherichia coli,562,758337,Homo sapiens,SRS15352051,broth dilution,BD Phoenix,CLSI,ARO_3000637|https://www.ebi.ac.uk/ols4/ontologies/aro/classes/http%253A%252F%252Fpurl.obolibrary.org%252Fobo%252FARO_3000637,JAKXNA010000012.1,72757,73191,-,GCA_023874525.1_01788,marR,marR_S3N,AMR,POINT,MULTIDRUG,AMPICILLIN/CHLORAMPHENICOL/QUINOLONE/RIFAMPIN/TETRACYCLINE,AMPICILLIN,POINTP,WP_000843414.1,transcriptional regulator MarR,100.00,97.92,,,Annotation|https://ftp.ebi.ac.uk/pub/databases/amr_portal/genomes/GCA/023/874/GCA_023874525.1,1.5.0,Fast,2020,,,urine,urinary tract,38.97,-77.03,,no,NCBI_antibiogram,United States of America,Americas,Northern America
ampicillin,susceptible,<= 4 mg/L,SAMN26308964,GCA_023874485.1,Escherichia,Escherichia coli,Escherichia coli,562,709445,Homo sapiens,SRS15339882,broth dilution,BD Phoenix,CLSI,ARO_3000637|https://www.ebi.ac.uk/ols4/ontologies/aro/classes/http%253A%252F%252Fpurl.obolibrary.org%252Fobo%252FARO_3000637,JAKXNB010000031.1,36140,36574,+,GCA_023874485.1_02508,marR,marR_S3N,AMR,POINT,MULTIDRUG,AMPICILLIN/CHLORAMPHENICOL/QUINOLONE/RIFAMPIN/TETRACYCLINE,AMPICILLIN,POINTP,WP_000843414.1,transcriptional regulator MarR,100.00,97.92,,,Annotation|https://ftp.ebi.ac.uk/pub/databases/amr_portal/genomes/GCA/023/874/GCA_023874485.1,1.5.0,Fast,2019,,,urine,urinary tract,38.97,-77.03,,no,NCBI_antibiogram,United States of America,Americas,Northern America
ampicillin,susceptible,<= 4 mg/L,SAMN26309239,GCA_023874395.1,Escherichia,Escherichia coli,Escherichia coli,562,768137,Homo sapiens,SRS15355604,broth dilution,BD Phoenix,CLSI,ARO_3000637|https://www.ebi.ac.uk/ols4/ontologies/aro/classes/http%253A%252F%252Fpurl.obolibrary.org%252Fobo%252FARO_3000637,JAKXMY010000019.1,27410,27844,+,GCA_023874395.1_01303,marR,marR_S3N,AMR,POINT,MULTIDRUG,AMPICILLIN/CHLORAMPHENICOL/QUINOLONE/RIFAMPIN/TETRACYCLINE,AMPICILLIN,POINTP,WP_000843414.1,transcriptional regulator MarR,100.00,97.92,,,Annotation|https://ftp.ebi.ac.uk/pub/databases/amr_portal/genomes/GCA/023/874/GCA_023874395.1,1.5.0,Fast,2020,,,urine,urinary tract,38.97,-77.03,,no,NCBI_antibiogram,United States of America,Americas,Northern America
ampicillin,susceptible,<= 4 mg/L,SAMN26309085,GCA_023874745.1,Escherichia,Escherichia coli,Escherichia coli,562,794695,Homo sapiens,SRS15358719,broth dilution,BD Phoenix,CLSI,ARO_3000637|https://www.ebi.ac.uk/ols4/ontologies/aro/classes/http%253A%252F%252Fpurl.obolibrary.org%252Fobo%252FARO_3000637,JAKXNM010000005.1,36553,36987,+,GCA_023874745.1_00652,marR,marR_S3N,AMR,POINT,MULTIDRUG,AMPICILLIN/CHLORAMPHENICOL/QUINOLONE/RIFAMPIN/TETRACYCLINE,AMPICILLIN,POINTP,WP_000843414.1,transcriptional regulator MarR,100.00,97.92,,,Annotation|https://ftp.ebi.ac.uk/pub/databases/amr_portal/genomes/GCA/023/874/GCA_023874745.1,1.5.0,Fast,2020,,,urine,urinary tract,38.97,-77.03,,no,NCBI_antibiogram,United States of America,Americas,Northern America
ampicillin,resistant,> 16 mg/L,SAMN26309234,GCA_023866175.1,Escherichia,Escherichia coli,Escherichia coli,562,748037,Homo sapiens,SRS15352012,broth dilution,BD Phoenix,CLSI,ARO_3000637|https://www.ebi.ac.uk/ols4/ontologies/aro/classes/http%253A%252F%252Fpurl.obolibrary.org%252Fobo%252FARO_3000637,JAMEXB010000020.1,9403,9837,-,GCA_023866175.1_01800,marR,marR_S3N,AMR,POINT,MULTIDRUG,AMPICILLIN/CHLORAMPHENICOL/QUINOLONE/RIFAMPIN/TETRACYCLINE,AMPICILLIN,POINTP,WP_000843414.1,transcriptional regulator MarR,100.00,97.92,,,Annotation|https://ftp.ebi.ac.uk/pub/databases/amr_portal/genomes/GCA/023/866/GCA_023866175.1,1.5.0,Fast,2020,,,urine,urinary tract,38.97,-77.03,,no,NCBI_antibiogram,United States of America,Americas,Northern America
ampicillin,resistant,> 16 mg/L,SAMN26309229,GCA_023866655.1,Escherichia,Escherichia coli,Escherichia coli,562,747903,Homo sapiens,SRS15348379,broth dilution,BD Phoenix,CLSI,ARO_3000637|https://www.ebi.ac.uk/ols4/ontologies/aro/classes/http%253A%252F%252Fpurl.obolibrary.org%252Fobo%252FARO_3000637,JAMEXY010000001.1,27410,27844,+,GCA_023866655.1_00027,marR,marR_S3N,AMR,POINT,MULTIDRUG,AMPICILLIN/CHLORAMPHENICOL/QUINOLONE/RIFAMPIN/TETRACYCLINE,AMPICILLIN,POINTP,WP_000843414.1,transcriptional regulator MarR,100.00,97.92,,,Annotation|https://ftp.ebi.ac.uk/pub/databases/amr_portal/genomes/GCA/023/866/GCA_023866655.1,1.5.0,Fast,2020,,,urine,urinary tract,38.97,-77.03,,no,NCBI_antibiogram,United States of America,Americas,Northern America
ampicillin,resistant,> 16 mg/L,SAMN26305220,GCA_023866115.1,Escherichia,Escherichia coli,Escherichia coli,562,698096,Homo sapiens,SRS15339748,broth dilution,BD Phoenix,CLSI,ARO_3000637|https://www.ebi.ac.uk/ols4/ontologies/aro/classes/http%253A%252F%252Fpurl.obolibrary.org%252Fobo%252FARO_3000637,JAMEWZ010000021.1,72616,73050,-,GCA_023866115.1_01773,marR,marR_S3N,AMR,POINT,MULTIDRUG,AMPICILLIN/CHLORAMPHENICOL/QUINOLONE/RIFAMPIN/TETRACYCLINE,AMPICILLIN,POINTP,WP_000843414.1,transcriptional regulator MarR,100.00,97.92,,,Annotation|https://ftp.ebi.ac.uk/pub/databases/amr_portal/genomes/GCA/023/866/GCA_023866115.1,1.5.0,Fast,2019,,,urine,urinary tract,38.97,-77.03,,no,NCBI_antibiogram,United States of America,Americas,Northern America
ampicillin,resistant,> 16 mg/L,SAMN26308579,GCA_023866335.1,Escherichia,Escherichia coli,Escherichia coli,562,698538,Homo sapiens,SRS15339690,broth dilution,BD Phoenix,CLSI,ARO_3000637|https://www.ebi.ac.uk/ols4/ontologies/aro/classes/http%253A%252F%252Fpurl.obolibrary.org%252Fobo%252FARO_3000637,JAMEXG010000027.1,72615,73049,-,GCA_023866335.1_01954,marR,marR_S3N,AMR,POINT,MULTIDRUG,AMPICILLIN/CHLORAMPHENICOL/QUINOLONE/RIFAMPIN/TETRACYCLINE,AMPICILLIN,POINTP,WP_000843414.1,transcriptional regulator MarR,100.00,97.92,,,Annotation|https://ftp.ebi.ac.uk/pub/databases/amr_portal/genomes/GCA/023/866/GCA_023866335.1,1.5.0,Fast,2019,,,urine,urinary tract,38.97,-77.03,,no,NCBI_antibiogram,United States of America,Americas,Northern America
ampicillin,resistant,> 16 mg/L,SAMN26304438,GCA_023866355.1,Escherichia,Escherichia coli,Escherichia coli,562,748999,Homo sapiens,SRS15352085,broth dilution,BD Phoenix,CLSI,ARO_3000637|https://www.ebi.ac.uk/ols4/ontologies/aro/classes/http%253A%252F%252Fpurl.obolibrary.org%252Fobo%252FARO_3000637,JAMEXK010000008.1,9401,9835,-,GCA_023866355.1_01011,marR,marR_S3N,AMR,POINT,MULTIDRUG,AMPICILLIN/CHLORAMPHENICOL/QUINOLONE/RIFAMPIN/TETRACYCLINE,AMPICILLIN,POINTP,WP_000843414.1,transcriptional regulator MarR,100.00,97.92,,,Annotation|https://ftp.ebi.ac.uk/pub/databases/amr_portal/genomes/GCA/023/866/GCA_023866355.1,1.5.0,Fast,2020,,,urine,urinary tract,38.97,-77.03,,no,NCBI_antibiogram,United States of America,Americas,Northern America
ampicillin,susceptible,<= 4 mg/L,SAMN26304368,GCA_023866375.1,Escherichia,Escherichia coli,Escherichia coli,562,698118,Homo sapiens,SRS15339750,broth dilution,BD Phoenix,CLSI,ARO_3000637|https://www.ebi.ac.uk/ols4/ontologies/aro/classes/http%253A%252F%252Fpurl.obolibrary.org%252Fobo%252FARO_3000637,JAMEXL010000030.1,72592,73026,-,GCA_023866375.1_02720,marR,marR_S3N,AMR,POINT,MULTIDRUG,AMPICILLIN/CHLORAMPHENICOL/QUINOLONE/RIFAMPIN/TETRACYCLINE,AMPICILLIN,POINTP,WP_000843414.1,transcriptional regulator MarR,100.00,97.92,,,Annotation|https://ftp.ebi.ac.uk/pub/databases/amr_portal/genomes/GCA/023/866/GCA_023866375.1,1.5.0,Fast,2019,,,urine,urinary tract,38.97,-77.03,,no,NCBI_antibiogram,United States of America,Americas,Northern America
ampicillin,resistant,> 16 mg/L,SAMN26309228,GCA_023866555.1,Escherichia,Escherichia coli,Escherichia coli,562,747929,Homo sapiens,SRS15348382,broth dilution,BD Phoenix,CLSI,ARO_3000637|https://www.ebi.ac.uk/ols4/ontologies/aro/classes/http%253A%252F%252Fpurl.obolibrary.org%252Fobo%252FARO_3000637,JAMEXT010000011.1,9403,9837,-,GCA_023866555.1_00984,marR,marR_S3N,AMR,POINT,MULTIDRUG,AMPICILLIN/CHLORAMPHENICOL/QUINOLONE/RIFAMPIN/TETRACYCLINE,AMPICILLIN,POINTP,WP_000843414.1,transcriptional regulator MarR,100.00,97.92,,,Annotation|https://ftp.ebi.ac.uk/pub/databases/amr_portal/genomes/GCA/023/866/GCA_023866555.1,1.5.0,Fast,2020,,,blood,blood,38.97,-77.03,,no,NCBI_antibiogram,United States of America,Americas,Northern America
ampicillin,resistant,> 16 mg/L,SAMN26308646,GCA_023866425.1,Escherichia,Escherichia coli,Escherichia coli,562,747865,Homo sapiens,SRS15348375,broth dilution,BD Phoenix,CLSI,ARO_3000637|https://www.ebi.ac.uk/ols4/ontologies/aro/classes/http%253A%252F%252Fpurl.obolibrary.org%252Fobo%252FARO_3000637,JAMEXO010000045.1,36504,36938,+,GCA_023866425.1_01800,marR,marR_S3N,AMR,POINT,MULTIDRUG,AMPICILLIN/CHLORAMPHENICOL/QUINOLONE/RIFAMPIN/TETRACYCLINE,AMPICILLIN,POINTP,WP_000843414.1,transcriptional regulator MarR,100.00,97.92,,,Annotation|https://ftp.ebi.ac.uk/pub/databases/amr_portal/genomes/GCA/023/866/GCA_023866425.1,1.5.0,Fast,2020,,,blood,blood,38.97,-77.03,,no,NCBI_antibiogram,United States of America,Americas,Northern America
ampicillin,resistant,> 16 mg/L,SAMN26308577,GCA_023866385.1,Escherichia,Escherichia coli,Escherichia coli,562,697698,Homo sapiens,SRS15339904,broth dilution,BD Phoenix,CLSI,ARO_3000637|https://www.ebi.ac.uk/ols4/ontologies/aro/classes/http%253A%252F%252Fpurl.obolibrary.org%252Fobo%252FARO_3000637,JAMEXM010000017.1,302419,302853,-,GCA_023866385.1_01878,marR,marR_S3N,AMR,POINT,MULTIDRUG,AMPICILLIN/CHLORAMPHENICOL/QUINOLONE/RIFAMPIN/TETRACYCLINE,AMPICILLIN,POINTP,WP_000843414.1,transcriptional regulator MarR,100.00,97.92,,,Annotation|https://ftp.ebi.ac.uk/pub/databases/amr_portal/genomes/GCA/023/866/GCA_023866385.1,1.5.0,Fast,2019,,,urine,urinary tract,38.97,-77.03,,no,NCBI_antibiogram,United States of America,Americas,Northern America
ampicillin,susceptible,<= 4 mg/L,SAMN26305219,GCA_023866035.1,Escherichia,Escherichia coli,Escherichia coli,562,698088,Homo sapiens,SRS15339746,broth dilution,BD Phoenix,CLSI,ARO_3000637|https://www.ebi.ac.uk/ols4/ontologies/aro/classes/http%253A%252F%252Fpurl.obolibrary.org%252Fobo%252FARO_3000637,JAMEWU010000035.1,31996,32430,-,GCA_023866035.1_02471,marR,marR_S3N,AMR,POINT,MULTIDRUG,AMPICILLIN/CHLORAMPHENICOL/QUINOLONE/RIFAMPIN/TETRACYCLINE,AMPICILLIN,POINTP,WP_000843414.1,transcriptional regulator MarR,100.00,97.92,,,Annotation|https://ftp.ebi.ac.uk/pub/databases/amr_portal/genomes/GCA/023/866/GCA_023866035.1,1.5.0,Fast,2019,,,urine,urinary tract,38.97,-77.03,,no,NCBI_antibiogram,United States of America,Americas,Northern America
ampicillin,susceptible,<= 4 mg/L,SAMN26309096,GCA_023866135.1,Escherichia,Escherichia coli,Escherichia coli,562,697744,Homo sapiens,SRS15339941,broth dilution,BD Phoenix,CLSI,ARO_3000637|https://www.ebi.ac.uk/ols4/ontologies/aro/classes/http%253A%252F%252Fpurl.obolibrary.org%252Fobo%252FARO_3000637,JAMEWY010000020.1,13231,13665,+,GCA_023866135.1_01632,marR,marR_S3N,AMR,POINT,MULTIDRUG,AMPICILLIN/CHLORAMPHENICOL/QUINOLONE/RIFAMPIN/TETRACYCLINE,AMPICILLIN,POINTP,WP_000843414.1,transcriptional regulator MarR,100.00,97.92,,,Annotation|https://ftp.ebi.ac.uk/pub/databases/amr_portal/genomes/GCA/023/866/GCA_023866135.1,1.5.0,Fast,2019,,,urine,urinary tract,38.97,-77.03,,no,NCBI_antibiogram,United States of America,Americas,Northern America
ampicillin,resistant,> 16 mg/L,SAMN26304606,GCA_023866955.1,Escherichia,Escherichia coli,Escherichia coli,562,747793,Homo sapiens,SRS15348367,broth dilution,BD Phoenix,CLSI,ARO_3000637|https://www.ebi.ac.uk/ols4/ontologies/aro/classes/http%253A%252F%252Fpurl.obolibrary.org%252Fobo%252FARO_3000637,JAMEYO010000014.1,9399,9833,-,GCA_023866955.1_01210,marR,marR_S3N,AMR,POINT,MULTIDRUG,AMPICILLIN/CHLORAMPHENICOL/QUINOLONE/RIFAMPIN/TETRACYCLINE,AMPICILLIN,POINTP,WP_000843414.1,transcriptional regulator MarR,100.00,97.92,,,Annotation|https://ftp.ebi.ac.uk/pub/databases/amr_portal/genomes/GCA/023/866/GCA_023866955.1,1.5.0,Fast,2020,,,urine,urinary tract,38.97,-77.03,,no,NCBI_antibiogram,United States of America,Americas,Northern America
ampicillin,susceptible,<= 4 mg/L,SAMN26304644,GCA_023866305.1,Escherichia,Escherichia coli,Escherichia coli,562,758151,Homo sapiens,SRS15352191,broth dilution,BD Phoenix,CLSI,ARO_3000637|https://www.ebi.ac.uk/ols4/ontologies/aro/classes/http%253A%252F%252Fpurl.obolibrary.org%252Fobo%252FARO_3000637,JAMEXJ010000037.1,63409,63843,-,GCA_023866305.1_02246,marR,marR_S3N,AMR,POINT,MULTIDRUG,AMPICILLIN/CHLORAMPHENICOL/QUINOLONE/RIFAMPIN/TETRACYCLINE,AMPICILLIN,POINTP,WP_000843414.1,transcriptional regulator MarR,100.00,97.92,,,Annotation|https://ftp.ebi.ac.uk/pub/databases/amr_portal/genomes/GCA/023/866/GCA_023866305.1,1.5.0,Fast,2020,,,urine,urinary tract,38.97,-77.03,,no,NCBI_antibiogram,United States of America,Americas,Northern America
ampicillin,resistant,> 16 mg/L,SAMN26309227,GCA_023866895.1,Escherichia,Escherichia coli,Escherichia coli,562,749485,Homo sapiens,SRS15352096,broth dilution,BD Phoenix,CLSI,ARO_3000637|https://www.ebi.ac.uk/ols4/ontologies/aro/classes/http%253A%252F%252Fpurl.obolibrary.org%252Fobo%252FARO_3000637,JAMEYL010000001.1,27409,27843,+,GCA_023866895.1_00027,marR,marR_S3N,AMR,POINT,MULTIDRUG,AMPICILLIN/CHLORAMPHENICOL/QUINOLONE/RIFAMPIN/TETRACYCLINE,AMPICILLIN,POINTP,WP_000843414.1,transcriptional regulator MarR,100.00,97.92,,,Annotation|https://ftp.ebi.ac.uk/pub/databases/amr_portal/genomes/GCA/023/866/GCA_023866895.1,1.5.0,Fast,2020,,,urine,urinary tract,38.97,-77.03,,no,NCBI_antibiogram,United States of America,Americas,Northern America
ampicillin,resistant,> 16 mg/L,SAMN26309235,GCA_023866255.1,Escherichia,Escherichia coli,Escherichia coli,562,756179,Homo sapiens,SRS15352003,broth dilution,BD Phoenix,CLSI,ARO_3000637|https://www.ebi.ac.uk/ols4/ontologies/aro/classes/http%253A%252F%252Fpurl.obolibrary.org%252Fobo%252FARO_3000637,JAMEXF010000020.1,27410,27844,+,GCA_023866255.1_01368,marR,marR_S3N,AMR,POINT,MULTIDRUG,AMPICILLIN/CHLORAMPHENICOL/QUINOLONE/RIFAMPIN/TETRACYCLINE,AMPICILLIN,POINTP,WP_000843414.1,transcriptional regulator MarR,100.00,97.92,,,Annotation|https://ftp.ebi.ac.uk/pub/databases/amr_portal/genomes/GCA/023/866/GCA_023866255.1,1.5.0,Fast,2020,,,urine,urinary tract,38.97,-77.03,,no,NCBI_antibiogram,United States of America,Americas,Northern America
ampicillin,susceptible,<= 4 mg/L,SAMN26308677,GCA_023866935.1,Escherichia,Escherichia coli,Escherichia coli,562,756363,Homo sapiens,SRS15352022,broth dilution,BD Phoenix,CLSI,ARO_3000637|https://www.ebi.ac.uk/ols4/ontologies/aro/classes/http%253A%252F%252Fpurl.obolibrary.org%252Fobo%252FARO_3000637,JAMEYN010000021.1,73654,74088,-,GCA_023866935.1_02295,marR,marR_S3N,AMR,POINT,MULTIDRUG,AMPICILLIN/CHLORAMPHENICOL/QUINOLONE/RIFAMPIN/TETRACYCLINE,AMPICILLIN,POINTP,WP_000843414.1,transcriptional regulator MarR,100.00,97.92,,,Annotation|https://ftp.ebi.ac.uk/pub/databases/amr_portal/genomes/GCA/023/866/GCA_023866935.1,1.5.0,Fast,2020,,,blood,blood,38.97,-77.03,,no,NCBI_antibiogram,United States of America,Americas,Northern America
ampicillin,resistant,> 16 mg/L,SAMN26305044,GCA_023866775.1,Escherichia,Escherichia coli,Escherichia coli,562,749717,Homo sapiens,SRS15352121,broth dilution,BD Phoenix,CLSI,ARO_3000637|https://www.ebi.ac.uk/ols4/ontologies/aro/classes/http%253A%252F%252Fpurl.obolibrary.org%252Fobo%252FARO_3000637,JAMEYF010000019.1,231224,231658,-,GCA_023866775.1_01530,marR,marR_S3N,AMR,POINT,MULTIDRUG,AMPICILLIN/CHLORAMPHENICOL/QUINOLONE/RIFAMPIN/TETRACYCLINE,AMPICILLIN,POINTP,WP_000843414.1,transcriptional regulator MarR,100.00,97.92,,,Annotation|https://ftp.ebi.ac.uk/pub/databases/amr_portal/genomes/GCA/023/866/GCA_023866775.1,1.5.0,Fast,2020,,,urine,urinary tract,38.97,-77.03,,no,NCBI_antibiogram,United States of America,Americas,Northern America
ampicillin,susceptible,<= 4 mg/L,SAMN26309097,GCA_023866195.1,Escherichia,Escherichia coli,Escherichia coli,562,698432,Homo sapiens,SRS15339679,broth dilution,BD Phoenix,CLSI,ARO_3000637|https://www.ebi.ac.uk/ols4/ontologies/aro/classes/http%253A%252F%252Fpurl.obolibrary.org%252Fobo%252FARO_3000637,JAMEXC010000013.1,63387,63821,-,GCA_023866195.1_00978,marR,marR_S3N,AMR,POINT,MULTIDRUG,AMPICILLIN/CHLORAMPHENICOL/QUINOLONE/RIFAMPIN/TETRACYCLINE,AMPICILLIN,POINTP,WP_000843414.1,transcriptional regulator MarR,100.00,97.92,,,Annotation|https://ftp.ebi.ac.uk/pub/databases/amr_portal/genomes/GCA/023/866/GCA_023866195.1,1.5.0,Fast,2019,,,wound,skin or soft tissue,38.97,-77.03,,no,NCBI_antibiogram,United States of America,Americas,Northern America
ampicillin,susceptible,<= 4 mg/L,SAMN26304825,GCA_023862125.1,Escherichia,Escherichia coli,Escherichia coli,562,735533,Homo sapiens,SRS15348422,broth dilution,BD Phoenix,CLSI,ARO_3000637|https://www.ebi.ac.uk/ols4/ontologies/aro/classes/http%253A%252F%252Fpurl.obolibrary.org%252Fobo%252FARO_3000637,JAKXGB010000001.1,27409,27843,+,GCA_023862125.1_00027,marR,marR_S3N,AMR,POINT,MULTIDRUG,AMPICILLIN/CHLORAMPHENICOL/QUINOLONE/RIFAMPIN/TETRACYCLINE,AMPICILLIN,POINTP,WP_000843414.1,transcriptional regulator MarR,100.00,97.92,,,Annotation|https://ftp.ebi.ac.uk/pub/databases/amr_portal/genomes/GCA/023/862/GCA_023862125.1,1.5.0,Fast,2019,,,urine,urinary tract,38.97,-77.03,,no,NCBI_antibiogram,United States of America,Americas,Northern America
ampicillin,resistant,> 16 mg/L,SAMN26308623,GCA_023862825.1,Escherichia,Escherichia coli,Escherichia coli,562,766285,Homo sapiens,SRS15355713,broth dilution,BD Phoenix,CLSI,ARO_3000637|https://www.ebi.ac.uk/ols4/ontologies/aro/classes/http%253A%252F%252Fpurl.obolibrary.org%252Fobo%252FARO_3000637,JAKXHJ010000010.1,72630,73064,-,GCA_023862825.1_01667,marR,marR_S3N,AMR,POINT,MULTIDRUG,AMPICILLIN/CHLORAMPHENICOL/QUINOLONE/RIFAMPIN/TETRACYCLINE,AMPICILLIN,POINTP,WP_000843414.1,transcriptional regulator MarR,100.00,97.92,,,Annotation|https://ftp.ebi.ac.uk/pub/databases/amr_portal/genomes/GCA/023/862/GCA_023862825.1,1.5.0,Fast,2020,,,urine,urinary tract,38.97,-77.03,,no,NCBI_antibiogram,United States of America,Americas,Northern America
ampicillin,susceptible,<= 4 mg/L,SAMN26309197,GCA_023862805.1,Escherichia,Escherichia coli,Escherichia coli,562,805334,Homo sapiens,SRS15358816,broth dilution,BD Phoenix,CLSI,ARO_3000637|https://www.ebi.ac.uk/ols4/ontologies/aro/classes/http%253A%252F%252Fpurl.obolibrary.org%252Fobo%252FARO_3000637,JAKXHI010000055.1,27410,27844,+,GCA_023862805.1_04363,marR,marR_S3N,AMR,POINT,MULTIDRUG,AMPICILLIN/CHLORAMPHENICOL/QUINOLONE/RIFAMPIN/TETRACYCLINE,AMPICILLIN,POINTP,WP_000843414.1,transcriptional regulator MarR,100.00,97.92,,,Annotation|https://ftp.ebi.ac.uk/pub/databases/amr_portal/genomes/GCA/023/862/GCA_023862805.1,1.5.0,Fast,2020,,,urine,urinary tract,38.97,-77.03,,no,NCBI_antibiogram,United States of America,Americas,Northern America
ampicillin,resistant,> 16 mg/L,SAMN26309233,GCA_023862225.1,Escherichia,Escherichia coli,Escherichia coli,562,750579,Homo sapiens,SRS15352142,broth dilution,BD Phoenix,CLSI,ARO_3000637|https://www.ebi.ac.uk/ols4/ontologies/aro/classes/http%253A%252F%252Fpurl.obolibrary.org%252Fobo%252FARO_3000637,JAKXGG010000001.1,27409,27843,+,GCA_023862225.1_00027,marR,marR_S3N,AMR,POINT,MULTIDRUG,AMPICILLIN/CHLORAMPHENICOL/QUINOLONE/RIFAMPIN/TETRACYCLINE,AMPICILLIN,POINTP,WP_000843414.1,transcriptional regulator MarR,100.00,97.92,,,Annotation|https://ftp.ebi.ac.uk/pub/databases/amr_portal/genomes/GCA/023/862/GCA_023862225.1,1.5.0,Fast,2020,,,urine,urinary tract,38.97,-77.03,,no,NCBI_antibiogram,United States of America,Americas,Northern America
ampicillin,resistant,> 16 mg/L,SAMN26304516,GCA_023862665.1,Escherichia,Escherichia coli,Escherichia coli,562,735541,Homo sapiens,SRS15348421,broth dilution,BD Phoenix,CLSI,ARO_3000637|https://www.ebi.ac.uk/ols4/ontologies/aro/classes/http%253A%252F%252Fpurl.obolibrary.org%252Fobo%252FARO_3000637,JAKXHB010000020.1,63436,63870,-,GCA_023862665.1_01386,marR,marR_S3N,AMR,POINT,MULTIDRUG,AMPICILLIN/CHLORAMPHENICOL/QUINOLONE/RIFAMPIN/TETRACYCLINE,AMPICILLIN,POINTP,WP_000843414.1,transcriptional regulator MarR,100.00,97.92,,,Annotation|https://ftp.ebi.ac.uk/pub/databases/amr_portal/genomes/GCA/023/862/GCA_023862665.1,1.5.0,Fast,2019,,,urine,urinary tract,38.97,-77.03,,no,NCBI_antibiogram,United States of America,Americas,Northern America
ampicillin,susceptible,<= 4 mg/L,SAMN26308979,GCA_023862445.1,Escherichia,Escherichia coli,Escherichia coli,562,805914,Homo sapiens,SRS15358620,broth dilution,BD Phoenix,CLSI,ARO_3000637|https://www.ebi.ac.uk/ols4/ontologies/aro/classes/http%253A%252F%252Fpurl.obolibrary.org%252Fobo%252FARO_3000637,JAKXGQ010000018.1,36140,36574,+,GCA_023862445.1_02622,marR,marR_S3N,AMR,POINT,MULTIDRUG,AMPICILLIN/CHLORAMPHENICOL/QUINOLONE/RIFAMPIN/TETRACYCLINE,AMPICILLIN,POINTP,WP_000843414.1,transcriptional regulator MarR,100.00,97.92,,,Annotation|https://ftp.ebi.ac.uk/pub/databases/amr_portal/genomes/GCA/023/862/GCA_023862445.1,1.5.0,Fast,2020,,,urine,urinary tract,38.97,-77.03,,no,NCBI_antibiogram,United States of America,Americas,Northern America
ampicillin,susceptible,<= 4 mg/L,SAMN26309128,GCA_023862875.1,Escherichia,Escherichia coli,Escherichia coli,562,781247,Homo sapiens,SRS15357548,broth dilution,BD Phoenix,CLSI,ARO_3000637|https://www.ebi.ac.uk/ols4/ontologies/aro/classes/http%253A%252F%252Fpurl.obolibrary.org%252Fobo%252FARO_3000637,JAKXHL010000012.1,44870,45304,+,GCA_023862875.1_01637,marR,marR_S3N,AMR,POINT,MULTIDRUG,AMPICILLIN/CHLORAMPHENICOL/QUINOLONE/RIFAMPIN/TETRACYCLINE,AMPICILLIN,POINTP,WP_000843414.1,transcriptional regulator MarR,100.00,97.92,,,Annotation|https://ftp.ebi.ac.uk/pub/databases/amr_portal/genomes/GCA/023/862/GCA_023862875.1,1.5.0,Fast,2020,,,urine,urinary tract,38.97,-77.03,,no,NCBI_antibiogram,United States of America,Americas,Northern America
ampicillin,susceptible,<= 4 mg/L,SAMN26308636,GCA_023862305.1,Escherichia,Escherichia coli,Escherichia coli,562,749401,Homo sapiens,SRS15351959,broth dilution,BD Phoenix,CLSI,ARO_3000637|https://www.ebi.ac.uk/ols4/ontologies/aro/classes/http%253A%252F%252Fpurl.obolibrary.org%252Fobo%252FARO_3000637,JAKXGJ010000017.1,36504,36938,+,GCA_023862305.1_02197,marR,marR_S3N,AMR,POINT,MULTIDRUG,AMPICILLIN/CHLORAMPHENICOL/QUINOLONE/RIFAMPIN/TETRACYCLINE,AMPICILLIN,POINTP,WP_000843414.1,transcriptional regulator MarR,100.00,97.92,,,Annotation|https://ftp.ebi.ac.uk/pub/databases/amr_portal/genomes/GCA/023/862/GCA_023862305.1,1.5.0,Fast,2020,,,urine,urinary tract,38.97,-77.03,,no,NCBI_antibiogram,United States of America,Americas,Northern America
ampicillin,resistant,> 16 mg/L,SAMN26309202,GCA_023862585.1,Escherichia,Escherichia coli,Escherichia coli,562,836738,Homo sapiens,SRS15360019,broth dilution,BD Phoenix,CLSI,ARO_3000637|https://www.ebi.ac.uk/ols4/ontologies/aro/classes/http%253A%252F%252Fpurl.obolibrary.org%252Fobo%252FARO_3000637,JAKXGY010000001.1,27410,27844,+,GCA_023862585.1_00027,marR,marR_S3N,AMR,POINT,MULTIDRUG,AMPICILLIN/CHLORAMPHENICOL/QUINOLONE/RIFAMPIN/TETRACYCLINE,AMPICILLIN,POINTP,WP_000843414.1,transcriptional regulator MarR,100.00,97.92,,,Annotation|https://ftp.ebi.ac.uk/pub/databases/amr_portal/genomes/GCA/023/862/GCA_023862585.1,1.5.0,Fast,2020,,,fluid,,38.97,-77.03,,no,NCBI_antibiogram,United States of America,Americas,Northern America
ampicillin,resistant,> 16 mg/L,SAMN26309231,GCA_023862985.1,Escherichia,Escherichia coli,Escherichia coli,562,750247,Homo sapiens,SRS15352073,broth dilution,BD Phoenix,CLSI,ARO_3000637|https://www.ebi.ac.uk/ols4/ontologies/aro/classes/http%253A%252F%252Fpurl.obolibrary.org%252Fobo%252FARO_3000637,JAKXHS010000001.1,27410,27844,+,GCA_023862985.1_00027,marR,marR_S3N,AMR,POINT,MULTIDRUG,AMPICILLIN/CHLORAMPHENICOL/QUINOLONE/RIFAMPIN/TETRACYCLINE,AMPICILLIN,POINTP,WP_000843414.1,transcriptional regulator MarR,100.00,97.92,,,Annotation|https://ftp.ebi.ac.uk/pub/databases/amr_portal/genomes/GCA/023/862/GCA_023862985.1,1.5.0,Fast,2020,,,urine,urinary tract,38.97,-77.03,,no,NCBI_antibiogram,United States of America,Americas,Northern America
ampicillin,susceptible,<= 4 mg/L,SAMN26309105,GCA_023862905.1,Escherichia,Escherichia coli,Escherichia coli,562,710475,Homo sapiens,SRS15348245,broth dilution,BD Phoenix,CLSI,ARO_3000637|https://www.ebi.ac.uk/ols4/ontologies/aro/classes/http%253A%252F%252Fpurl.obolibrary.org%252Fobo%252FARO_3000637,JAKXHM010000015.1,44810,45244,+,GCA_023862905.1_01320,marR,marR_S3N,AMR,POINT,MULTIDRUG,AMPICILLIN/CHLORAMPHENICOL/QUINOLONE/RIFAMPIN/TETRACYCLINE,AMPICILLIN,POINTP,WP_000843414.1,transcriptional regulator MarR,100.00,97.92,,,Annotation|https://ftp.ebi.ac.uk/pub/databases/amr_portal/genomes/GCA/023/862/GCA_023862905.1,1.5.0,Fast,2019,,,urine,urinary tract,38.97,-77.03,,no,NCBI_antibiogram,United States of America,Americas,Northern America
ampicillin,susceptible,<= 4 mg/L,SAMN26308593,GCA_023862165.1,Escherichia,Escherichia coli,Escherichia coli,562,772491,Homo sapiens,SRS15355785,broth dilution,BD Phoenix,CLSI,ARO_3000637|https://www.ebi.ac.uk/ols4/ontologies/aro/classes/http%253A%252F%252Fpurl.obolibrary.org%252Fobo%252FARO_3000637,JAKXGD010000011.1,45789,46223,+,GCA_023862165.1_01492,marR,marR_S3N,AMR,POINT,MULTIDRUG,AMPICILLIN/CHLORAMPHENICOL/QUINOLONE/RIFAMPIN/TETRACYCLINE,AMPICILLIN,POINTP,WP_000843414.1,transcriptional regulator MarR,100.00,97.92,,,Annotation|https://ftp.ebi.ac.uk/pub/databases/amr_portal/genomes/GCA/023/862/GCA_023862165.1,1.5.0,Fast,2020,,,urine,urinary tract,38.97,-77.03,,no,NCBI_antibiogram,United States of America,Americas,Northern America
ampicillin,susceptible,<= 4 mg/L,SAMN26304802,GCA_023862025.1,Escherichia,Escherichia coli,Escherichia coli,562,736095,Homo sapiens,SRS15348309,broth dilution,BD Phoenix,CLSI,ARO_3000637|https://www.ebi.ac.uk/ols4/ontologies/aro/classes/http%253A%252F%252Fpurl.obolibrary.org%252Fobo%252FARO_3000637,JAKXFW010000015.1,13248,13682,+,GCA_023862025.1_01275,marR,marR_S3N,AMR,POINT,MULTIDRUG,AMPICILLIN/CHLORAMPHENICOL/QUINOLONE/RIFAMPIN/TETRACYCLINE,AMPICILLIN,POINTP,WP_000843414.1,transcriptional regulator MarR,100.00,97.92,,,Annotation|https://ftp.ebi.ac.uk/pub/databases/amr_portal/genomes/GCA/023/862/GCA_023862025.1,1.5.0,Fast,2020,,,urine,urinary tract,38.97,-77.03,,no,NCBI_antibiogram,United States of America,Americas,Northern America
ampicillin,susceptible,<= 4 mg/L,SAMN26305090,GCA_023862045.1,Escherichia,Escherichia coli,Escherichia coli,562,781609,Homo sapiens,SRS15357482,broth dilution,BD Phoenix,CLSI,ARO_3000637|https://www.ebi.ac.uk/ols4/ontologies/aro/classes/http%253A%252F%252Fpurl.obolibrary.org%252Fobo%252FARO_3000637,JAKXFT010000011.1,36504,36938,+,GCA_023862045.1_01434,marR,marR_S3N,AMR,POINT,MULTIDRUG,AMPICILLIN/CHLORAMPHENICOL/QUINOLONE/RIFAMPIN/TETRACYCLINE,AMPICILLIN,POINTP,WP_000843414.1,transcriptional regulator MarR,100.00,97.92,,,Annotation|https://ftp.ebi.ac.uk/pub/databases/amr_portal/genomes/GCA/023/862/GCA_023862045.1,1.5.0,Fast,2020,,,wound,skin or soft tissue,38.97,-77.03,,no,NCBI_antibiogram,United States of America,Americas,Northern America
ampicillin,susceptible,<= 4 mg/L,SAMN26304816,GCA_023862245.1,Escherichia,Escherichia coli,Escherichia coli,562,772387,Homo sapiens,SRS15355774,broth dilution,BD Phoenix,CLSI,ARO_3000637|https://www.ebi.ac.uk/ols4/ontologies/aro/classes/http%253A%252F%252Fpurl.obolibrary.org%252Fobo%252FARO_3000637,JAKXGE010000026.1,10365,10799,+,GCA_023862245.1_02276,marR,marR_S3N,AMR,POINT,MULTIDRUG,AMPICILLIN/CHLORAMPHENICOL/QUINOLONE/RIFAMPIN/TETRACYCLINE,AMPICILLIN,POINTP,WP_000843414.1,transcriptional regulator MarR,100.00,97.92,,,Annotation|https://ftp.ebi.ac.uk/pub/databases/amr_portal/genomes/GCA/023/862/GCA_023862245.1,1.5.0,Fast,2020,,,urine,urinary tract,38.97,-77.03,,no,NCBI_antibiogram,United States of America,Americas,Northern America
ampicillin,susceptible,<= 4 mg/L,SAMN26304369,GCA_023892095.1,Escherichia,Escherichia coli,Escherichia coli,562,759139,Homo sapiens,SRS15355704,broth dilution,BD Phoenix,CLSI,ARO_3000637|https://www.ebi.ac.uk/ols4/ontologies/aro/classes/http%253A%252F%252Fpurl.obolibrary.org%252Fobo%252FARO_3000637,JAMEQO010000035.1,72604,73038,-,GCA_023892095.1_02494,marR,marR_S3N,AMR,POINT,MULTIDRUG,AMPICILLIN/CHLORAMPHENICOL/QUINOLONE/RIFAMPIN/TETRACYCLINE,AMPICILLIN,POINTP,WP_000843414.1,transcriptional regulator MarR,100.00,97.92,,,Annotation|https://ftp.ebi.ac.uk/pub/databases/amr_portal/genomes/GCA/023/892/GCA_023892095.1,1.5.0,Fast,2020,,,urine,urinary tract,38.97,-77.03,,no,NCBI_antibiogram,United States of America,Americas,Northern America
ampicillin,susceptible,<= 4 mg/L,SAMN26305216,GCA_023892205.1,Escherichia,Escherichia coli,Escherichia coli,562,838988,Homo sapiens,SRS15359949,broth dilution,BD Phoenix,CLSI,ARO_3000637|https://www.ebi.ac.uk/ols4/ontologies/aro/classes/http%253A%252F%252Fpurl.obolibrary.org%252Fobo%252FARO_3000637,JAMEQV010000017.1,36770,37204,+,GCA_023892205.1_01660,marR,marR_S3N,AMR,POINT,MULTIDRUG,AMPICILLIN/CHLORAMPHENICOL/QUINOLONE/RIFAMPIN/TETRACYCLINE,AMPICILLIN,POINTP,WP_000843414.1,transcriptional regulator MarR,100.00,97.92,,,Annotation|https://ftp.ebi.ac.uk/pub/databases/amr_portal/genomes/GCA/023/892/GCA_023892205.1,1.5.0,Fast,2020,,,urine,urinary tract,38.97,-77.03,,no,NCBI_antibiogram,United States of America,Americas,Northern America
ampicillin,susceptible,<= 4 mg/L,SAMN26304548,GCA_023892465.1,Escherichia,Escherichia coli,Escherichia coli,562,767191,Homo sapiens,SRS15355532,broth dilution,BD Phoenix,CLSI,ARO_3000637|https://www.ebi.ac.uk/ols4/ontologies/aro/classes/http%253A%252F%252Fpurl.obolibrary.org%252Fobo%252FARO_3000637,JAMERN010000016.1,72616,73050,-,GCA_023892465.1_01935,marR,marR_S3N,AMR,POINT,MULTIDRUG,AMPICILLIN/CHLORAMPHENICOL/QUINOLONE/RIFAMPIN/TETRACYCLINE,AMPICILLIN,POINTP,WP_000843414.1,transcriptional regulator MarR,100.00,97.92,,,Annotation|https://ftp.ebi.ac.uk/pub/databases/amr_portal/genomes/GCA/023/892/GCA_023892465.1,1.5.0,Fast,2020,,,urine,urinary tract,38.97,-77.03,,no,NCBI_antibiogram,United States of America,Americas,Northern America
ampicillin,susceptible,<= 4 mg/L,SAMN26305236,GCA_023892525.1,Escherichia,Escherichia coli,Escherichia coli,562,767183,Homo sapiens,SRS15355531,broth dilution,BD Phoenix,CLSI,ARO_3000637|https://www.ebi.ac.uk/ols4/ontologies/aro/classes/http%253A%252F%252Fpurl.obolibrary.org%252Fobo%252FARO_3000637,JAMERP010000018.1,36770,37204,+,GCA_023892525.1_02173,marR,marR_S3N,AMR,POINT,MULTIDRUG,AMPICILLIN/CHLORAMPHENICOL/QUINOLONE/RIFAMPIN/TETRACYCLINE,AMPICILLIN,POINTP,WP_000843414.1,transcriptional regulator MarR,100.00,97.92,,,Annotation|https://ftp.ebi.ac.uk/pub/databases/amr_portal/genomes/GCA/023/892/GCA_023892525.1,1.5.0,Fast,2020,,,urine,urinary tract,38.97,-77.03,,no,NCBI_antibiogram,United States of America,Americas,Northern America
ampicillin,susceptible,<= 4 mg/L,SAMN26304364,GCA_023892235.1,Escherichia,Escherichia coli,Escherichia coli,562,767319,Homo sapiens,SRS15355578,broth dilution,BD Phoenix,CLSI,ARO_3000637|https://www.ebi.ac.uk/ols4/ontologies/aro/classes/http%253A%252F%252Fpurl.obolibrary.org%252Fobo%252FARO_3000637,JAMEQT010000020.1,36770,37204,+,GCA_023892235.1_02222,marR,marR_S3N,AMR,POINT,MULTIDRUG,AMPICILLIN/CHLORAMPHENICOL/QUINOLONE/RIFAMPIN/TETRACYCLINE,AMPICILLIN,POINTP,WP_000843414.1,transcriptional regulator MarR,100.00,97.92,,,Annotation|https://ftp.ebi.ac.uk/pub/databases/amr_portal/genomes/GCA/023/892/GCA_023892235.1,1.5.0,Fast,2020,,,urine,urinary tract,38.97,-77.03,,no,NCBI_antibiogram,United States of America,Americas,Northern America
ampicillin,resistant,> 16 mg/L,SAMN26304893,GCA_023892085.1,Escherichia,Escherichia coli,Escherichia coli,562,838954,Homo sapiens,SRS15359946,broth dilution,BD Phoenix,CLSI,ARO_3000637|https://www.ebi.ac.uk/ols4/ontologies/aro/classes/http%253A%252F%252Fpurl.obolibrary.org%252Fobo%252FARO_3000637,JAMEQM010000001.1,27410,27844,+,GCA_023892085.1_00027,marR,marR_S3N,AMR,POINT,MULTIDRUG,AMPICILLIN/CHLORAMPHENICOL/QUINOLONE/RIFAMPIN/TETRACYCLINE,AMPICILLIN,POINTP,WP_000843414.1,transcriptional regulator MarR,100.00,97.92,,,Annotation|https://ftp.ebi.ac.uk/pub/databases/amr_portal/genomes/GCA/023/892/GCA_023892085.1,1.5.0,Fast,2020,,,urine,urinary tract,38.97,-77.03,,no,NCBI_antibiogram,United States of America,Americas,Northern America
ampicillin,resistant,> 16 mg/L,SAMN26309178,GCA_023880725.1,Escherichia,Escherichia coli,Escherichia coli,562,709365,Homo sapiens,SRS15339833,broth dilution,BD Phoenix,CLSI,ARO_3000637|https://www.ebi.ac.uk/ols4/ontologies/aro/classes/http%253A%252F%252Fpurl.obolibrary.org%252Fobo%252FARO_3000637,JAKYBX010000026.1,27409,27843,+,GCA_023880725.1_01692,marR,marR_S3N,AMR,POINT,MULTIDRUG,AMPICILLIN/CHLORAMPHENICOL/QUINOLONE/RIFAMPIN/TETRACYCLINE,AMPICILLIN,POINTP,WP_000843414.1,transcriptional regulator MarR,100.00,97.92,,,Annotation|https://ftp.ebi.ac.uk/pub/databases/amr_portal/genomes/GCA/023/880/GCA_023880725.1,1.5.0,Fast,2019,,,urine,urinary tract,38.97,-77.03,,no,NCBI_antibiogram,United States of America,Americas,Northern America
ampicillin,resistant,> 16 mg/L,SAMN26304656,GCA_023880365.1,Escherichia,Escherichia coli,Escherichia coli,562,794233,Homo sapiens,SRS15357720,broth dilution,BD Phoenix,CLSI,ARO_3000637|https://www.ebi.ac.uk/ols4/ontologies/aro/classes/http%253A%252F%252Fpurl.obolibrary.org%252Fobo%252FARO_3000637,JAKXYH010000059.1,51864,52298,-,GCA_023880365.1_04094,marR,marR_S3N,AMR,POINT,MULTIDRUG,AMPICILLIN/CHLORAMPHENICOL/QUINOLONE/RIFAMPIN/TETRACYCLINE,AMPICILLIN,POINTP,WP_000843414.1,transcriptional regulator MarR,100.00,97.92,,,Annotation|https://ftp.ebi.ac.uk/pub/databases/amr_portal/genomes/GCA/023/880/GCA_023880365.1,1.5.0,Fast,2020,,,urine,urinary tract,38.97,-77.03,,no,NCBI_antibiogram,United States of America,Americas,Northern America
ampicillin,susceptible,<= 4 mg/L,SAMN26305092,GCA_023880845.1,Escherichia,Escherichia coli,Escherichia coli,562,794275,Homo sapiens,SRS15357725,broth dilution,BD Phoenix,CLSI,ARO_3000637|https://www.ebi.ac.uk/ols4/ontologies/aro/classes/http%253A%252F%252Fpurl.obolibrary.org%252Fobo%252FARO_3000637,JAKYCJ010000016.1,71071,71505,-,GCA_023880845.1_01477,marR,marR_S3N,AMR,POINT,MULTIDRUG,AMPICILLIN/CHLORAMPHENICOL/QUINOLONE/RIFAMPIN/TETRACYCLINE,AMPICILLIN,POINTP,WP_000843414.1,transcriptional regulator MarR,100.00,97.92,,,Annotation|https://ftp.ebi.ac.uk/pub/databases/amr_portal/genomes/GCA/023/880/GCA_023880845.1,1.5.0,Fast,2020,,,urine,urinary tract,38.97,-77.03,,no,NCBI_antibiogram,United States of America,Americas,Northern America
ampicillin,susceptible,<= 4 mg/L,SAMN26309329,GCA_023880705.1,Escherichia,Escherichia coli,Escherichia coli,562,757779,Homo sapiens,SRS15351925,broth dilution,BD Phoenix,CLSI,ARO_3000637|https://www.ebi.ac.uk/ols4/ontologies/aro/classes/http%253A%252F%252Fpurl.obolibrary.org%252Fobo%252FARO_3000637,JAKYBW010000007.1,73788,74222,-,GCA_023880705.1_01048,marR,marR_S3N,AMR,POINT,MULTIDRUG,AMPICILLIN/CHLORAMPHENICOL/QUINOLONE/RIFAMPIN/TETRACYCLINE,AMPICILLIN,POINTP,WP_000843414.1,transcriptional regulator MarR,100.00,97.92,,,Annotation|https://ftp.ebi.ac.uk/pub/databases/amr_portal/genomes/GCA/023/880/GCA_023880705.1,1.5.0,Fast,2020,,,urine,urinary tract,38.97,-77.03,,no,NCBI_antibiogram,United States of America,Americas,Northern America
ampicillin,susceptible,<= 4 mg/L,SAMN26309175,GCA_023880225.1,Escherichia,Escherichia coli,Escherichia coli,562,838180,Homo sapiens,SRS15359925,broth dilution,BD Phoenix,CLSI,ARO_3000637|https://www.ebi.ac.uk/ols4/ontologies/aro/classes/http%253A%252F%252Fpurl.obolibrary.org%252Fobo%252FARO_3000637,JAKXXZ010000019.1,231228,231662,-,GCA_023880225.1_01728,marR,marR_S3N,AMR,POINT,MULTIDRUG,AMPICILLIN/CHLORAMPHENICOL/QUINOLONE/RIFAMPIN/TETRACYCLINE,AMPICILLIN,POINTP,WP_000843414.1,transcriptional regulator MarR,100.00,97.92,,,Annotation|https://ftp.ebi.ac.uk/pub/databases/amr_portal/genomes/GCA/023/880/GCA_023880225.1,1.5.0,Fast,2020,,,urine,urinary tract,38.97,-77.03,,no,NCBI_antibiogram,United States of America,Americas,Northern America
ampicillin,susceptible,<= 4 mg/L,SAMN26305258,GCA_023880435.1,Escherichia,Escherichia coli,Escherichia coli,562,838382,Homo sapiens,SRS15360062,broth dilution,BD Phoenix,CLSI,ARO_3000637|https://www.ebi.ac.uk/ols4/ontologies/aro/classes/http%253A%252F%252Fpurl.obolibrary.org%252Fobo%252FARO_3000637,JAKXYI010000052.1,34833,35267,+,GCA_023880435.1_04221,marR,marR_S3N,AMR,POINT,MULTIDRUG,AMPICILLIN/CHLORAMPHENICOL/QUINOLONE/RIFAMPIN/TETRACYCLINE,AMPICILLIN,POINTP,WP_000843414.1,transcriptional regulator MarR,100.00,97.92,,,Annotation|https://ftp.ebi.ac.uk/pub/databases/amr_portal/genomes/GCA/023/880/GCA_023880435.1,1.5.0,Fast,2020,,,urine,urinary tract,38.97,-77.03,,no,NCBI_antibiogram,United States of America,Americas,Northern America
ampicillin,susceptible,<= 4 mg/L,SAMN26305080,GCA_023880055.1,Escherichia,Escherichia coli,Escherichia coli,562,772845,Homo sapiens,SRS15357640,broth dilution,BD Phoenix,CLSI,ARO_3000637|https://www.ebi.ac.uk/ols4/ontologies/aro/classes/http%253A%252F%252Fpurl.obolibrary.org%252Fobo%252FARO_3000637,JAKXXR010000011.1,34875,35309,+,GCA_023880055.1_01439,marR,marR_S3N,AMR,POINT,MULTIDRUG,AMPICILLIN/CHLORAMPHENICOL/QUINOLONE/RIFAMPIN/TETRACYCLINE,AMPICILLIN,POINTP,WP_000843414.1,transcriptional regulator MarR,100.00,97.92,,,Annotation|https://ftp.ebi.ac.uk/pub/databases/amr_portal/genomes/GCA/023/880/GCA_023880055.1,1.5.0,Fast,2020,,,urine,urinary tract,38.97,-77.03,,no,NCBI_antibiogram,United States of America,Americas,Northern America
ampicillin,resistant,> 16 mg/L,SAMN26304632,GCA_023880665.1,Escherichia,Escherichia coli,Escherichia coli,562,710257,Homo sapiens,SRS15348221,broth dilution,BD Phoenix,CLSI,ARO_3000637|https://www.ebi.ac.uk/ols4/ontologies/aro/classes/http%253A%252F%252Fpurl.obolibrary.org%252Fobo%252FARO_3000637,JAKYBV010000024.1,36140,36574,+,GCA_023880665.1_02474,marR,marR_S3N,AMR,POINT,MULTIDRUG,AMPICILLIN/CHLORAMPHENICOL/QUINOLONE/RIFAMPIN/TETRACYCLINE,AMPICILLIN,POINTP,WP_000843414.1,transcriptional regulator MarR,100.00,97.92,,,Annotation|https://ftp.ebi.ac.uk/pub/databases/amr_portal/genomes/GCA/023/880/GCA_023880665.1,1.5.0,Fast,2019,,,urine,urinary tract,38.97,-77.03,,no,NCBI_antibiogram,United States of America,Americas,Northern America
ampicillin,susceptible,<= 4 mg/L,SAMN26309149,GCA_023880405.1,Escherichia,Escherichia coli,Escherichia coli,562,838068,Homo sapiens,SRS15359913,broth dilution,BD Phoenix,CLSI,ARO_3000637|https://www.ebi.ac.uk/ols4/ontologies/aro/classes/http%253A%252F%252Fpurl.obolibrary.org%252Fobo%252FARO_3000637,JAKXYK010000007.1,13231,13665,+,GCA_023880405.1_01296,marR,marR_S3N,AMR,POINT,MULTIDRUG,AMPICILLIN/CHLORAMPHENICOL/QUINOLONE/RIFAMPIN/TETRACYCLINE,AMPICILLIN,POINTP,WP_000843414.1,transcriptional regulator MarR,100.00,97.92,,,Annotation|https://ftp.ebi.ac.uk/pub/databases/amr_portal/genomes/GCA/023/880/GCA_023880405.1,1.5.0,Fast,2020,,,urine,urinary tract,38.97,-77.03,,no,NCBI_antibiogram,United States of America,Americas,Northern America
ampicillin,susceptible,<= 4 mg/L,SAMN26308659,GCA_023880185.1,Escherichia,Escherichia coli,Escherichia coli,562,793931,Homo sapiens,SRS15357622,broth dilution,BD Phoenix,CLSI,ARO_3000637|https://www.ebi.ac.uk/ols4/ontologies/aro/classes/http%253A%252F%252Fpurl.obolibrary.org%252Fobo%252FARO_3000637,JAKXXY010000008.1,35986,36420,+,GCA_023880185.1_01396,marR,marR_S3N,AMR,POINT,MULTIDRUG,AMPICILLIN/CHLORAMPHENICOL/QUINOLONE/RIFAMPIN/TETRACYCLINE,AMPICILLIN,POINTP,WP_000843414.1,transcriptional regulator MarR,100.00,97.92,,,Annotation|https://ftp.ebi.ac.uk/pub/databases/amr_portal/genomes/GCA/023/880/GCA_023880185.1,1.5.0,Fast,2020,,,urine,urinary tract,38.97,-77.03,,no,NCBI_antibiogram,United States of America,Americas,Northern America
ampicillin,susceptible,<= 4 mg/L,SAMN26304687,GCA_023880265.1,Escherichia,Escherichia coli,Escherichia coli,562,805948,Homo sapiens,SRS15358621,broth dilution,BD Phoenix,CLSI,ARO_3000637|https://www.ebi.ac.uk/ols4/ontologies/aro/classes/http%253A%252F%252Fpurl.obolibrary.org%252Fobo%252FARO_3000637,JAKXYB010000014.1,72606,73040,-,GCA_023880265.1_02330,marR,marR_S3N,AMR,POINT,MULTIDRUG,AMPICILLIN/CHLORAMPHENICOL/QUINOLONE/RIFAMPIN/TETRACYCLINE,AMPICILLIN,POINTP,WP_000843414.1,transcriptional regulator MarR,100.00,97.92,,,Annotation|https://ftp.ebi.ac.uk/pub/databases/amr_portal/genomes/GCA/023/880/GCA_023880265.1,1.5.0,Fast,2020,,,urine,urinary tract,38.97,-77.03,,no,NCBI_antibiogram,United States of America,Americas,Northern America
ampicillin,resistant,> 16 mg/L,SAMN26308635,GCA_023880545.1,Escherichia,Escherichia coli,Escherichia coli,562,806530,Homo sapiens,SRS15358549,broth dilution,BD Phoenix,CLSI,ARO_3000637|https://www.ebi.ac.uk/ols4/ontologies/aro/classes/http%253A%252F%252Fpurl.obolibrary.org%252Fobo%252FARO_3000637,JAKYBB010000018.1,36771,37205,+,GCA_023880545.1_01766,marR,marR_S3N,AMR,POINT,MULTIDRUG,AMPICILLIN/CHLORAMPHENICOL/QUINOLONE/RIFAMPIN/TETRACYCLINE,AMPICILLIN,POINTP,WP_000843414.1,transcriptional regulator MarR,100.00,97.92,,,Annotation|https://ftp.ebi.ac.uk/pub/databases/amr_portal/genomes/GCA/023/880/GCA_023880545.1,1.5.0,Fast,2020,,,urine,urinary tract,38.97,-77.03,,no,NCBI_antibiogram,United States of America,Americas,Northern America
ampicillin,susceptible,<= 4 mg/L,SAMN26308675,GCA_023880905.1,Escherichia,Escherichia coli,Escherichia coli,562,749805,Homo sapiens,SRS15352195,broth dilution,BD Phoenix,CLSI,ARO_3000637|https://www.ebi.ac.uk/ols4/ontologies/aro/classes/http%253A%252F%252Fpurl.obolibrary.org%252Fobo%252FARO_3000637,JAKYCM010000017.1,88621,89055,-,GCA_023880905.1_01549,marR,marR_S3N,AMR,POINT,MULTIDRUG,AMPICILLIN/CHLORAMPHENICOL/QUINOLONE/RIFAMPIN/TETRACYCLINE,AMPICILLIN,POINTP,WP_000843414.1,transcriptional regulator MarR,100.00,97.92,,,Annotation|https://ftp.ebi.ac.uk/pub/databases/amr_portal/genomes/GCA/023/880/GCA_023880905.1,1.5.0,Fast,2020,,,urine,urinary tract,38.97,-77.03,,no,NCBI_antibiogram,United States of America,Americas,Northern America
ampicillin,susceptible,<= 4 mg/L,SAMN26304819,GCA_023880095.1,Escherichia,Escherichia coli,Escherichia coli,562,750659,Homo sapiens,SRS15352151,broth dilution,BD Phoenix,CLSI,ARO_3000637|https://www.ebi.ac.uk/ols4/ontologies/aro/classes/http%253A%252F%252Fpurl.obolibrary.org%252Fobo%252FARO_3000637,JAKXXT010000009.1,9400,9834,-,GCA_023880095.1_00972,marR,marR_S3N,AMR,POINT,MULTIDRUG,AMPICILLIN/CHLORAMPHENICOL/QUINOLONE/RIFAMPIN/TETRACYCLINE,AMPICILLIN,POINTP,WP_000843414.1,transcriptional regulator MarR,100.00,97.92,,,Annotation|https://ftp.ebi.ac.uk/pub/databases/amr_portal/genomes/GCA/023/880/GCA_023880095.1,1.5.0,Fast,2020,,,urine,urinary tract,38.97,-77.03,,no,NCBI_antibiogram,United States of America,Americas,Northern America
ampicillin,susceptible,<= 4 mg/L,SAMN26305147,GCA_023880335.1,Escherichia,Escherichia coli,Escherichia coli,562,806426,Homo sapiens,SRS15358542,broth dilution,BD Phoenix,CLSI,ARO_3000637|https://www.ebi.ac.uk/ols4/ontologies/aro/classes/http%253A%252F%252Fpurl.obolibrary.org%252Fobo%252FARO_3000637,JAKXYF010000065.1,13231,13665,+,GCA_023880335.1_04176,marR,marR_S3N,AMR,POINT,MULTIDRUG,AMPICILLIN/CHLORAMPHENICOL/QUINOLONE/RIFAMPIN/TETRACYCLINE,AMPICILLIN,POINTP,WP_000843414.1,transcriptional regulator MarR,100.00,97.92,,,Annotation|https://ftp.ebi.ac.uk/pub/databases/amr_portal/genomes/GCA/023/880/GCA_023880335.1,1.5.0,Fast,2020,,,urine,urinary tract,38.97,-77.03,,no,NCBI_antibiogram,United States of America,Americas,Northern America
ampicillin,resistant,> 16 mg/L,SAMN26304799,GCA_023880965.1,Escherichia,Escherichia coli,Escherichia coli,562,709525,Homo sapiens,SRS15339890,broth dilution,BD Phoenix,CLSI,ARO_3000637|https://www.ebi.ac.uk/ols4/ontologies/aro/classes/http%253A%252F%252Fpurl.obolibrary.org%252Fobo%252FARO_3000637,JAKYGK010000004.1,305104,305538,-,GCA_023880965.1_00794,marR,marR_S3N,AMR,POINT,MULTIDRUG,AMPICILLIN/CHLORAMPHENICOL/QUINOLONE/RIFAMPIN/TETRACYCLINE,AMPICILLIN,POINTP,WP_000843414.1,transcriptional regulator MarR,100.00,97.92,,,Annotation|https://ftp.ebi.ac.uk/pub/databases/amr_portal/genomes/GCA/023/880/GCA_023880965.1,1.5.0,Fast,2019,,,urine,urinary tract,38.97,-77.03,,no,NCBI_antibiogram,United States of America,Americas,Northern America
ampicillin,susceptible,<= 4 mg/L,SAMN26304370,GCA_023880005.1,Escherichia,Escherichia coli,Escherichia coli,562,781457,Homo sapiens,SRS15357572,broth dilution,BD Phoenix,CLSI,ARO_3000637|https://www.ebi.ac.uk/ols4/ontologies/aro/classes/http%253A%252F%252Fpurl.obolibrary.org%252Fobo%252FARO_3000637,JAKXXP010000019.1,36771,37205,+,GCA_023880005.1_02288,marR,marR_S3N,AMR,POINT,MULTIDRUG,AMPICILLIN/CHLORAMPHENICOL/QUINOLONE/RIFAMPIN/TETRACYCLINE,AMPICILLIN,POINTP,WP_000843414.1,transcriptional regulator MarR,100.00,97.92,,,Annotation|https://ftp.ebi.ac.uk/pub/databases/amr_portal/genomes/GCA/023/880/GCA_023880005.1,1.5.0,Fast,2020,,,urine,urinary tract,38.97,-77.03,,no,NCBI_antibiogram,United States of America,Americas,Northern America
ampicillin,susceptible,<= 4 mg/L,SAMN26308655,GCA_023879745.1,Escherichia,Escherichia coli,Escherichia coli,562,758693,Homo sapiens,SRS15355562,broth dilution,BD Phoenix,CLSI,ARO_3000637|https://www.ebi.ac.uk/ols4/ontologies/aro/classes/http%253A%252F%252Fpurl.obolibrary.org%252Fobo%252FARO_3000637,JAKXXA010000009.1,36503,36937,+,GCA_023879745.1_00775,marR,marR_S3N,AMR,POINT,MULTIDRUG,AMPICILLIN/CHLORAMPHENICOL/QUINOLONE/RIFAMPIN/TETRACYCLINE,AMPICILLIN,POINTP,WP_000843414.1,transcriptional regulator MarR,100.00,97.92,,,Annotation|https://ftp.ebi.ac.uk/pub/databases/amr_portal/genomes/GCA/023/879/GCA_023879745.1,1.5.0,Fast,2020,,,urine,urinary tract,38.97,-77.03,,no,NCBI_antibiogram,United States of America,Americas,Northern America
ampicillin,resistant,> 16 mg/L,SAMN26309209,GCA_023879585.1,Escherichia,Escherichia coli,Escherichia coli,562,698100,Homo sapiens,SRS15339749,broth dilution,BD Phoenix,CLSI,ARO_3000637|https://www.ebi.ac.uk/ols4/ontologies/aro/classes/http%253A%252F%252Fpurl.obolibrary.org%252Fobo%252FARO_3000637,JAKXWT010000010.1,9403,9837,-,GCA_023879585.1_01099,marR,marR_S3N,AMR,POINT,MULTIDRUG,AMPICILLIN/CHLORAMPHENICOL/QUINOLONE/RIFAMPIN/TETRACYCLINE,AMPICILLIN,POINTP,WP_000843414.1,transcriptional regulator MarR,100.00,97.92,,,Annotation|https://ftp.ebi.ac.uk/pub/databases/amr_portal/genomes/GCA/023/879/GCA_023879585.1,1.5.0,Fast,2019,,,urine,urinary tract,38.97,-77.03,,no,NCBI_antibiogram,United States of America,Americas,Northern America
ampicillin,resistant,> 16 mg/L,SAMN26309261,GCA_023879945.1,Escherichia,Escherichia coli,Escherichia coli,562,805288,Homo sapiens,SRS15358810,broth dilution,BD Phoenix,CLSI,ARO_3000637|https://www.ebi.ac.uk/ols4/ontologies/aro/classes/http%253A%252F%252Fpurl.obolibrary.org%252Fobo%252FARO_3000637,JAKXXE010000031.1,231223,231657,-,GCA_023879945.1_01748,marR,marR_S3N,AMR,POINT,MULTIDRUG,AMPICILLIN/CHLORAMPHENICOL/QUINOLONE/RIFAMPIN/TETRACYCLINE,AMPICILLIN,POINTP,WP_000843414.1,transcriptional regulator MarR,100.00,97.92,,,Annotation|https://ftp.ebi.ac.uk/pub/databases/amr_portal/genomes/GCA/023/879/GCA_023879945.1,1.5.0,Fast,2020,,,urine,urinary tract,38.97,-77.03,,no,NCBI_antibiogram,United States of America,Americas,Northern America
ampicillin,susceptible,<= 4 mg/L,SAMN26304796,GCA_023879905.1,Escherichia,Escherichia coli,Escherichia coli,562,767957,Homo sapiens,SRS15355752,broth dilution,BD Phoenix,CLSI,ARO_3000637|https://www.ebi.ac.uk/ols4/ontologies/aro/classes/http%253A%252F%252Fpurl.obolibrary.org%252Fobo%252FARO_3000637,JAKXXM010000001.1,471838,472272,-,GCA_023879905.1_00459,marR,marR_S3N,AMR,POINT,MULTIDRUG,AMPICILLIN/CHLORAMPHENICOL/QUINOLONE/RIFAMPIN/TETRACYCLINE,AMPICILLIN,POINTP,WP_000843414.1,transcriptional regulator MarR,100.00,97.92,,,Annotation|https://ftp.ebi.ac.uk/pub/databases/amr_portal/genomes/GCA/023/879/GCA_023879905.1,1.5.0,Fast,2020,,,urine,urinary tract,38.97,-77.03,,no,NCBI_antibiogram,United States of America,Americas,Northern America
ampicillin,resistant,> 16 mg/L,SAMN26305089,GCA_023879325.1,Escherichia,Escherichia coli,Escherichia coli,562,758345,Homo sapiens,SRS15352052,broth dilution,BD Phoenix,CLSI,ARO_3000637|https://www.ebi.ac.uk/ols4/ontologies/aro/classes/http%253A%252F%252Fpurl.obolibrary.org%252Fobo%252FARO_3000637,JAKXWG010000009.1,72616,73050,-,GCA_023879325.1_01956,marR,marR_S3N,AMR,POINT,MULTIDRUG,AMPICILLIN/CHLORAMPHENICOL/QUINOLONE/RIFAMPIN/TETRACYCLINE,AMPICILLIN,POINTP,WP_000843414.1,transcriptional regulator MarR,100.00,97.92,,,Annotation|https://ftp.ebi.ac.uk/pub/databases/amr_portal/genomes/GCA/023/879/GCA_023879325.1,1.5.0,Fast,2020,,,urine,urinary tract,38.97,-77.03,,no,NCBI_antibiogram,United States of America,Americas,Northern America
ampicillin,susceptible,<= 4 mg/L,SAMN26304821,GCA_023879185.1,Escherichia,Escherichia coli,Escherichia coli,562,709785,Homo sapiens,SRS15348255,broth dilution,BD Phoenix,CLSI,ARO_3000637|https://www.ebi.ac.uk/ols4/ontologies/aro/classes/http%253A%252F%252Fpurl.obolibrary.org%252Fobo%252FARO_3000637,JAKXVY010000008.1,9400,9834,-,GCA_023879185.1_00979,marR,marR_S3N,AMR,POINT,MULTIDRUG,AMPICILLIN/CHLORAMPHENICOL/QUINOLONE/RIFAMPIN/TETRACYCLINE,AMPICILLIN,POINTP,WP_000843414.1,transcriptional regulator MarR,100.00,97.22,,,Annotation|https://ftp.ebi.ac.uk/pub/databases/amr_portal/genomes/GCA/023/879/GCA_023879185.1,1.5.0,Fast,2019,,,urine,urinary tract,38.97,-77.03,,no,NCBI_antibiogram,United States of America,Americas,Northern America
ampicillin,susceptible,<= 4 mg/L,SAMN26308584,GCA_023879805.1,Escherichia,Escherichia coli,Escherichia coli,562,710387,Homo sapiens,SRS15348235,broth dilution,BD Phoenix,CLSI,ARO_3000637|https://www.ebi.ac.uk/ols4/ontologies/aro/classes/http%253A%252F%252Fpurl.obolibrary.org%252Fobo%252FARO_3000637,JAKXXH010000006.1,87637,88071,-,GCA_023879805.1_01027,marR,marR_S3N,AMR,POINT,MULTIDRUG,AMPICILLIN/CHLORAMPHENICOL/QUINOLONE/RIFAMPIN/TETRACYCLINE,AMPICILLIN,POINTP,WP_000843414.1,transcriptional regulator MarR,100.00,97.92,,,Annotation|https://ftp.ebi.ac.uk/pub/databases/amr_portal/genomes/GCA/023/879/GCA_023879805.1,1.5.0,Fast,2019,,,urine,urinary tract,38.97,-77.03,,no,NCBI_antibiogram,United States of America,Americas,Northern America
ampicillin,susceptible,<= 4 mg/L,SAMN26309082,GCA_023879285.1,Escherichia,Escherichia coli,Escherichia coli,562,710231,Homo sapiens,SRS15348454,broth dilution,BD Phoenix,CLSI,ARO_3000637|https://www.ebi.ac.uk/ols4/ontologies/aro/classes/http%253A%252F%252Fpurl.obolibrary.org%252Fobo%252FARO_3000637,JAKXWE010000016.1,63369,63803,-,GCA_023879285.1_01724,marR,marR_S3N,AMR,POINT,MULTIDRUG,AMPICILLIN/CHLORAMPHENICOL/QUINOLONE/RIFAMPIN/TETRACYCLINE,AMPICILLIN,POINTP,WP_000843414.1,transcriptional regulator MarR,100.00,97.92,,,Annotation|https://ftp.ebi.ac.uk/pub/databases/amr_portal/genomes/GCA/023/879/GCA_023879285.1,1.5.0,Fast,2019,,,urine,urinary tract,38.97,-77.03,,no,NCBI_antibiogram,United States of America,Americas,Northern America
ampicillin,resistant,> 16 mg/L,SAMN26304655,GCA_023879525.1,Escherichia,Escherichia coli,Escherichia coli,562,768291,Homo sapiens,SRS15355621,broth dilution,BD Phoenix,CLSI,ARO_3000637|https://www.ebi.ac.uk/ols4/ontologies/aro/classes/http%253A%252F%252Fpurl.obolibrary.org%252Fobo%252FARO_3000637,JAKXWQ010000008.1,231226,231660,-,GCA_023879525.1_00994,marR,marR_S3N,AMR,POINT,MULTIDRUG,AMPICILLIN/CHLORAMPHENICOL/QUINOLONE/RIFAMPIN/TETRACYCLINE,AMPICILLIN,POINTP,WP_000843414.1,transcriptional regulator MarR,100.00,97.92,,,Annotation|https://ftp.ebi.ac.uk/pub/databases/amr_portal/genomes/GCA/023/879/GCA_023879525.1,1.5.0,Fast,2020,,,urine,urinary tract,38.97,-77.03,,no,NCBI_antibiogram,United States of America,Americas,Northern America
ampicillin,susceptible,<= 4 mg/L,SAMN26304772,GCA_023879025.1,Escherichia,Escherichia coli,Escherichia coli,562,822378,Homo sapiens,SRS15358777,broth dilution,BD Phoenix,CLSI,ARO_3000637|https://www.ebi.ac.uk/ols4/ontologies/aro/classes/http%253A%252F%252Fpurl.obolibrary.org%252Fobo%252FARO_3000637,JAKXVR010000013.1,460929,461363,-,GCA_023879025.1_02895,marR,marR_S3N,AMR,POINT,MULTIDRUG,AMPICILLIN/CHLORAMPHENICOL/QUINOLONE/RIFAMPIN/TETRACYCLINE,AMPICILLIN,POINTP,WP_000843414.1,transcriptional regulator MarR,100.00,97.92,,,Annotation|https://ftp.ebi.ac.uk/pub/databases/amr_portal/genomes/GCA/023/879/GCA_023879025.1,1.5.0,Fast,2020,,,urine,urinary tract,38.97,-77.03,,no,NCBI_antibiogram,United States of America,Americas,Northern America
ampicillin,susceptible,<= 4 mg/L,SAMN26304647,GCA_023879225.1,Escherichia,Escherichia coli,Escherichia coli,562,794565,Homo sapiens,SRS15358742,broth dilution,BD Phoenix,CLSI,ARO_3000637|https://www.ebi.ac.uk/ols4/ontologies/aro/classes/http%253A%252F%252Fpurl.obolibrary.org%252Fobo%252FARO_3000637,JAKXWB010000010.1,63437,63871,-,GCA_023879225.1_01712,marR,marR_S3N,AMR,POINT,MULTIDRUG,AMPICILLIN/CHLORAMPHENICOL/QUINOLONE/RIFAMPIN/TETRACYCLINE,AMPICILLIN,POINTP,WP_000843414.1,transcriptional regulator MarR,100.00,97.92,,,Annotation|https://ftp.ebi.ac.uk/pub/databases/amr_portal/genomes/GCA/023/879/GCA_023879225.1,1.5.0,Fast,2020,,,urine,urinary tract,38.97,-77.03,,no,NCBI_antibiogram,United States of America,Americas,Northern America
ampicillin,susceptible,<= 4 mg/L,SAMN26308643,GCA_023879305.1,Escherichia,Escherichia coli,Escherichia coli,562,749195,Homo sapiens,SRS15351937,broth dilution,BD Phoenix,CLSI,ARO_3000637|https://www.ebi.ac.uk/ols4/ontologies/aro/classes/http%253A%252F%252Fpurl.obolibrary.org%252Fobo%252FARO_3000637,JAKXWF010000022.1,72616,73050,-,GCA_023879305.1_02193,marR,marR_S3N,AMR,POINT,MULTIDRUG,AMPICILLIN/CHLORAMPHENICOL/QUINOLONE/RIFAMPIN/TETRACYCLINE,AMPICILLIN,POINTP,WP_000843414.1,transcriptional regulator MarR,100.00,97.92,,,Annotation|https://ftp.ebi.ac.uk/pub/databases/amr_portal/genomes/GCA/023/879/GCA_023879305.1,1.5.0,Fast,2020,,,urine,urinary tract,38.97,-77.03,,no,NCBI_antibiogram,United States of America,Americas,Northern America
ampicillin,resistant,> 16 mg/L,SAMN26309110,GCA_023879125.1,Escherichia,Escherichia coli,Escherichia coli,562,749065,Homo sapiens,SRS15351907,broth dilution,BD Phoenix,CLSI,ARO_3000637|https://www.ebi.ac.uk/ols4/ontologies/aro/classes/http%253A%252F%252Fpurl.obolibrary.org%252Fobo%252FARO_3000637,JAKXVX010000015.1,13248,13682,+,GCA_023879125.1_01316,marR,marR_S3N,AMR,POINT,MULTIDRUG,AMPICILLIN/CHLORAMPHENICOL/QUINOLONE/RIFAMPIN/TETRACYCLINE,AMPICILLIN,POINTP,WP_000843414.1,transcriptional regulator MarR,100.00,97.92,,,Annotation|https://ftp.ebi.ac.uk/pub/databases/amr_portal/genomes/GCA/023/879/GCA_023879125.1,1.5.0,Fast,2020,,,urine,urinary tract,38.97,-77.03,,no,NCBI_antibiogram,United States of America,Americas,Northern America
ampicillin,susceptible,<= 4 mg/L,SAMN26305109,GCA_023879925.1,Escherichia,Escherichia coli,Escherichia coli,562,781633,Homo sapiens,SRS15357485,broth dilution,BD Phoenix,CLSI,ARO_3000637|https://www.ebi.ac.uk/ols4/ontologies/aro/classes/http%253A%252F%252Fpurl.obolibrary.org%252Fobo%252FARO_3000637,JAKXXI010000003.1,400109,400543,-,GCA_023879925.1_01132,marR,marR_S3N,AMR,POINT,MULTIDRUG,AMPICILLIN/CHLORAMPHENICOL/QUINOLONE/RIFAMPIN/TETRACYCLINE,AMPICILLIN,POINTP,WP_000843414.1,transcriptional regulator MarR,100.00,97.92,,,Annotation|https://ftp.ebi.ac.uk/pub/databases/amr_portal/genomes/GCA/023/879/GCA_023879925.1,1.5.0,Fast,2020,,,urine,urinary tract,38.97,-77.03,,no,NCBI_antibiogram,United States of America,Americas,Northern America
ampicillin,resistant,> 16 mg/L,SAMN26309182,GCA_023879885.1,Escherichia,Escherichia coli,Escherichia coli,562,735899,Homo sapiens,SRS15348288,broth dilution,BD Phoenix,CLSI,ARO_3000637|https://www.ebi.ac.uk/ols4/ontologies/aro/classes/http%253A%252F%252Fpurl.obolibrary.org%252Fobo%252FARO_3000637,JAKXXL010000009.1,15532,15966,+,GCA_023879885.1_00727,marR,marR_S3N,AMR,POINT,MULTIDRUG,AMPICILLIN/CHLORAMPHENICOL/QUINOLONE/RIFAMPIN/TETRACYCLINE,AMPICILLIN,POINTP,WP_000843414.1,transcriptional regulator MarR,100.00,97.92,,,Annotation|https://ftp.ebi.ac.uk/pub/databases/amr_portal/genomes/GCA/023/879/GCA_023879885.1,1.5.0,Fast,2019,,,urine,urinary tract,38.97,-77.03,,no,NCBI_antibiogram,United States of America,Americas,Northern America
ampicillin,susceptible,<= 4 mg/L,SAMN26304476,GCA_023879205.1,Escherichia,Escherichia coli,Escherichia coli,562,794451,Homo sapiens,SRS15358823,broth dilution,BD Phoenix,CLSI,ARO_3000637|https://www.ebi.ac.uk/ols4/ontologies/aro/classes/http%253A%252F%252Fpurl.obolibrary.org%252Fobo%252FARO_3000637,JAKXWA010000018.1,72615,73049,-,GCA_023879205.1_02677,marR,marR_S3N,AMR,POINT,MULTIDRUG,AMPICILLIN/CHLORAMPHENICOL/QUINOLONE/RIFAMPIN/TETRACYCLINE,AMPICILLIN,POINTP,WP_000843414.1,transcriptional regulator MarR,100.00,97.92,,,Annotation|https://ftp.ebi.ac.uk/pub/databases/amr_portal/genomes/GCA/023/879/GCA_023879205.1,1.5.0,Fast,2020,,,urine,urinary tract,38.97,-77.03,,no,NCBI_antibiogram,United States of America,Americas,Northern America
ampicillin,susceptible,<= 4 mg/L,SAMN26305023,GCA_023879245.1,Escherichia,Escherichia coli,Escherichia coli,562,794679,Homo sapiens,SRS15358696,broth dilution,BD Phoenix,CLSI,ARO_3000637|https://www.ebi.ac.uk/ols4/ontologies/aro/classes/http%253A%252F%252Fpurl.obolibrary.org%252Fobo%252FARO_3000637,JAKXWC010000006.1,72616,73050,-,GCA_023879245.1_01261,marR,marR_S3N,AMR,POINT,MULTIDRUG,AMPICILLIN/CHLORAMPHENICOL/QUINOLONE/RIFAMPIN/TETRACYCLINE,AMPICILLIN,POINTP,WP_000843414.1,transcriptional regulator MarR,100.00,97.92,,,Annotation|https://ftp.ebi.ac.uk/pub/databases/amr_portal/genomes/GCA/023/879/GCA_023879245.1,1.5.0,Fast,2020,,,urine,urinary tract,38.97,-77.03,,no,NCBI_antibiogram,United States of America,Americas,Northern America
ampicillin,susceptible,<= 4 mg/L,SAMN26309257,GCA_023875945.1,Escherichia,Escherichia coli,Escherichia coli,562,824392,Homo sapiens,SRS15360153,broth dilution,BD Phoenix,CLSI,ARO_3000637|https://www.ebi.ac.uk/ols4/ontologies/aro/classes/http%253A%252F%252Fpurl.obolibrary.org%252Fobo%252FARO_3000637,JAKXPU010000001.1,26124,26558,+,GCA_023875945.1_00025,marR,marR_S3N,AMR,POINT,MULTIDRUG,AMPICILLIN/CHLORAMPHENICOL/QUINOLONE/RIFAMPIN/TETRACYCLINE,AMPICILLIN,POINTP,WP_000843414.1,transcriptional regulator MarR,100.00,97.92,,,Annotation|https://ftp.ebi.ac.uk/pub/databases/amr_portal/genomes/GCA/023/875/GCA_023875945.1,1.5.0,Fast,2020,,,urine,urinary tract,38.97,-77.03,,no,NCBI_antibiogram,United States of America,Americas,Northern America
ampicillin,susceptible,<= 4 mg/L,SAMN26309117,GCA_023875685.1,Escherichia,Escherichia coli,Escherichia coli,562,757699,Homo sapiens,SRS15351916,broth dilution,BD Phoenix,CLSI,ARO_3000637|https://www.ebi.ac.uk/ols4/ontologies/aro/classes/http%253A%252F%252Fpurl.obolibrary.org%252Fobo%252FARO_3000637,JAKXPG010000010.1,13231,13665,+,GCA_023875685.1_01262,marR,marR_S3N,AMR,POINT,MULTIDRUG,AMPICILLIN/CHLORAMPHENICOL/QUINOLONE/RIFAMPIN/TETRACYCLINE,AMPICILLIN,POINTP,WP_000843414.1,transcriptional regulator MarR,100.00,97.92,,,Annotation|https://ftp.ebi.ac.uk/pub/databases/amr_portal/genomes/GCA/023/875/GCA_023875685.1,1.5.0,Fast,2020,,,tissue,skin or soft tissue,38.97,-77.03,,no,NCBI_antibiogram,United States of America,Americas,Northern America
ampicillin,resistant,> 16 mg/L,SAMN26309183,GCA_023875165.1,Escherichia,Escherichia coli,Escherichia coli,562,749145,Homo sapiens,SRS15352060,broth dilution,BD Phoenix,CLSI,ARO_3000637|https://www.ebi.ac.uk/ols4/ontologies/aro/classes/http%253A%252F%252Fpurl.obolibrary.org%252Fobo%252FARO_3000637,JAKXOF010000029.1,148963,149397,-,GCA_023875165.1_01643,marR,marR_S3N,AMR,POINT,MULTIDRUG,AMPICILLIN/CHLORAMPHENICOL/QUINOLONE/RIFAMPIN/TETRACYCLINE,AMPICILLIN,POINTP,WP_000843414.1,transcriptional regulator MarR,100.00,97.92,,,Annotation|https://ftp.ebi.ac.uk/pub/databases/amr_portal/genomes/GCA/023/875/GCA_023875165.1,1.5.0,Fast,2020,,,urine,urinary tract,38.97,-77.03,,no,NCBI_antibiogram,United States of America,Americas,Northern America
ampicillin,resistant,> 16 mg/L,SAMN26309213,GCA_023875085.1,Escherichia,Escherichia coli,Escherichia coli,562,698676,Homo sapiens,SRS15339704,broth dilution,BD Phoenix,CLSI,ARO_3000637|https://www.ebi.ac.uk/ols4/ontologies/aro/classes/http%253A%252F%252Fpurl.obolibrary.org%252Fobo%252FARO_3000637,JAKXOB010000001.1,27409,27843,+,GCA_023875085.1_00027,marR,marR_S3N,AMR,POINT,MULTIDRUG,AMPICILLIN/CHLORAMPHENICOL/QUINOLONE/RIFAMPIN/TETRACYCLINE,AMPICILLIN,POINTP,WP_000843414.1,transcriptional regulator MarR,100.00,97.92,,,Annotation|https://ftp.ebi.ac.uk/pub/databases/amr_portal/genomes/GCA/023/875/GCA_023875085.1,1.5.0,Fast,2019,,,urine,urinary tract,38.97,-77.03,,no,NCBI_antibiogram,United States of America,Americas,Northern America
ampicillin,susceptible,<= 4 mg/L,SAMN26304634,GCA_023875025.1,Escherichia,Escherichia coli,Escherichia coli,562,807202,Homo sapiens,SRS15358651,broth dilution,BD Phoenix,CLSI,ARO_3000637|https://www.ebi.ac.uk/ols4/ontologies/aro/classes/http%253A%252F%252Fpurl.obolibrary.org%252Fobo%252FARO_3000637,JAKXNZ010000017.1,460933,461367,-,GCA_023875025.1_02938,marR,marR_S3N,AMR,POINT,MULTIDRUG,AMPICILLIN/CHLORAMPHENICOL/QUINOLONE/RIFAMPIN/TETRACYCLINE,AMPICILLIN,POINTP,WP_000843414.1,transcriptional regulator MarR,100.00,97.92,,,Annotation|https://ftp.ebi.ac.uk/pub/databases/amr_portal/genomes/GCA/023/875/GCA_023875025.1,1.5.0,Fast,2020,,,urine,urinary tract,38.97,-77.03,,no,NCBI_antibiogram,United States of America,Americas,Northern America
ampicillin,susceptible,<= 4 mg/L,SAMN26304970,GCA_023875285.1,Escherichia,Escherichia coli,Escherichia coli,562,781327,Homo sapiens,SRS15357557,broth dilution,BD Phoenix,CLSI,ARO_3000637|https://www.ebi.ac.uk/ols4/ontologies/aro/classes/http%253A%252F%252Fpurl.obolibrary.org%252Fobo%252FARO_3000637,JAKXOM010000011.1,72616,73050,-,GCA_023875285.1_01739,marR,marR_S3N,AMR,POINT,MULTIDRUG,AMPICILLIN/CHLORAMPHENICOL/QUINOLONE/RIFAMPIN/TETRACYCLINE,AMPICILLIN,POINTP,WP_000843414.1,transcriptional regulator MarR,100.00,97.92,,,Annotation|https://ftp.ebi.ac.uk/pub/databases/amr_portal/genomes/GCA/023/875/GCA_023875285.1,1.5.0,Fast,2020,,,urine,urinary tract,38.97,-77.03,,no,NCBI_antibiogram,United States of America,Americas,Northern America
ampicillin,susceptible,<= 4 mg/L,SAMN26305108,GCA_023875325.1,Escherichia,Escherichia coli,Escherichia coli,562,781343,Homo sapiens,SRS15357559,broth dilution,BD Phoenix,CLSI,ARO_3000637|https://www.ebi.ac.uk/ols4/ontologies/aro/classes/http%253A%252F%252Fpurl.obolibrary.org%252Fobo%252FARO_3000637,JAKXOO010000014.1,460878,461312,-,GCA_023875325.1_02846,marR,marR_S3N,AMR,POINT,MULTIDRUG,AMPICILLIN/CHLORAMPHENICOL/QUINOLONE/RIFAMPIN/TETRACYCLINE,AMPICILLIN,POINTP,WP_000843414.1,transcriptional regulator MarR,100.00,97.92,,,Annotation|https://ftp.ebi.ac.uk/pub/databases/amr_portal/genomes/GCA/023/875/GCA_023875325.1,1.5.0,Fast,2020,,,urine,urinary tract,38.97,-77.03,,no,NCBI_antibiogram,United States of America,Americas,Northern America
ampicillin,resistant,> 16 mg/L,SAMN26304528,GCA_023875965.1,Escherichia,Escherichia coli,Escherichia coli,562,807664,Homo sapiens,SRS15358754,broth dilution,BD Phoenix,CLSI,ARO_3000637|https://www.ebi.ac.uk/ols4/ontologies/aro/classes/http%253A%252F%252Fpurl.obolibrary.org%252Fobo%252FARO_3000637,JAKXPT010000059.1,27410,27844,+,GCA_023875965.1_04328,marR,marR_S3N,AMR,POINT,MULTIDRUG,AMPICILLIN/CHLORAMPHENICOL/QUINOLONE/RIFAMPIN/TETRACYCLINE,AMPICILLIN,POINTP,WP_000843414.1,transcriptional regulator MarR,100.00,97.92,,,Annotation|https://ftp.ebi.ac.uk/pub/databases/amr_portal/genomes/GCA/023/875/GCA_023875965.1,1.5.0,Fast,2020,,,urine,urinary tract,38.97,-77.03,,no,NCBI_antibiogram,United States of America,Americas,Northern America
ampicillin,susceptible,<= 4 mg/L,SAMN26304801,GCA_023875875.1,Escherichia,Escherichia coli,Escherichia coli,562,735953,Homo sapiens,SRS15348295,broth dilution,BD Phoenix,CLSI,ARO_3000637|https://www.ebi.ac.uk/ols4/ontologies/aro/classes/http%253A%252F%252Fpurl.obolibrary.org%252Fobo%252FARO_3000637,JAKXPQ010000025.1,5501,5935,-,GCA_023875875.1_01761,marR,marR_S3N,AMR,POINT,MULTIDRUG,AMPICILLIN/CHLORAMPHENICOL/QUINOLONE/RIFAMPIN/TETRACYCLINE,AMPICILLIN,POINTP,WP_000843414.1,transcriptional regulator MarR,100.00,97.92,,,Annotation|https://ftp.ebi.ac.uk/pub/databases/amr_portal/genomes/GCA/023/875/GCA_023875875.1,1.5.0,Fast,2019,,,urine,urinary tract,38.97,-77.03,,no,NCBI_antibiogram,United States of America,Americas,Northern America
ampicillin,susceptible,<= 4 mg/L,SAMN26308968,GCA_023875765.1,Escherichia,Escherichia coli,Escherichia coli,562,736079,Homo sapiens,SRS15348307,broth dilution,BD Phoenix,CLSI,ARO_3000637|https://www.ebi.ac.uk/ols4/ontologies/aro/classes/http%253A%252F%252Fpurl.obolibrary.org%252Fobo%252FARO_3000637,JAKXPK010000022.1,36140,36574,+,GCA_023875765.1_02894,marR,marR_S3N,AMR,POINT,MULTIDRUG,AMPICILLIN/CHLORAMPHENICOL/QUINOLONE/RIFAMPIN/TETRACYCLINE,AMPICILLIN,POINTP,WP_000843414.1,transcriptional regulator MarR,100.00,97.92,,,Annotation|https://ftp.ebi.ac.uk/pub/databases/amr_portal/genomes/GCA/023/875/GCA_023875765.1,1.5.0,Fast,2020,,,urine,urinary tract,38.97,-77.03,,no,NCBI_antibiogram,United States of America,Americas,Northern America
ampicillin,resistant,> 16 mg/L,SAMN26308634,GCA_023875385.1,Escherichia,Escherichia coli,Escherichia coli,562,794179,Homo sapiens,SRS15357713,broth dilution,BD Phoenix,CLSI,ARO_3000637|https://www.ebi.ac.uk/ols4/ontologies/aro/classes/http%253A%252F%252Fpurl.obolibrary.org%252Fobo%252FARO_3000637,JAKXOQ010000012.1,36771,37205,+,GCA_023875385.1_01744,marR,marR_S3N,AMR,POINT,MULTIDRUG,AMPICILLIN/CHLORAMPHENICOL/QUINOLONE/RIFAMPIN/TETRACYCLINE,AMPICILLIN,POINTP,WP_000843414.1,transcriptional regulator MarR,100.00,97.92,,,Annotation|https://ftp.ebi.ac.uk/pub/databases/amr_portal/genomes/GCA/023/875/GCA_023875385.1,1.5.0,Fast,2020,,,wound,skin or soft tissue,38.97,-77.03,,no,NCBI_antibiogram,United States of America,Americas,Northern America
ampicillin,susceptible,<= 4 mg/L,SAMN26304847,GCA_023875305.1,Escherichia,Escherichia coli,Escherichia coli,562,794137,Homo sapiens,SRS15357645,broth dilution,BD Phoenix,CLSI,ARO_3000637|https://www.ebi.ac.uk/ols4/ontologies/aro/classes/http%253A%252F%252Fpurl.obolibrary.org%252Fobo%252FARO_3000637,JAKXON010000020.1,365155,365589,-,GCA_023875305.1_02221,marR,marR_S3N,AMR,POINT,MULTIDRUG,AMPICILLIN/CHLORAMPHENICOL/QUINOLONE/RIFAMPIN/TETRACYCLINE,AMPICILLIN,POINTP,WP_000843414.1,transcriptional regulator MarR,100.00,97.92,,,Annotation|https://ftp.ebi.ac.uk/pub/databases/amr_portal/genomes/GCA/023/875/GCA_023875305.1,1.5.0,Fast,2020,,,urine,urinary tract,38.97,-77.03,,no,NCBI_antibiogram,United States of America,Americas,Northern America
ampicillin,susceptible,<= 4 mg/L,SAMN26304641,GCA_023875525.1,Escherichia,Escherichia coli,Escherichia coli,562,734731,Homo sapiens,SRS15348256,broth dilution,BD Phoenix,CLSI,ARO_3000637|https://www.ebi.ac.uk/ols4/ontologies/aro/classes/http%253A%252F%252Fpurl.obolibrary.org%252Fobo%252FARO_3000637,JAKXOZ010000016.1,67359,67793,-,GCA_023875525.1_02278,marR,marR_S3N,AMR,POINT,MULTIDRUG,AMPICILLIN/CHLORAMPHENICOL/QUINOLONE/RIFAMPIN/TETRACYCLINE,AMPICILLIN,POINTP,WP_000843414.1,transcriptional regulator MarR,100.00,97.92,,,Annotation|https://ftp.ebi.ac.uk/pub/databases/amr_portal/genomes/GCA/023/875/GCA_023875525.1,1.5.0,Fast,2019,,,urine,urinary tract,38.97,-77.03,,no,NCBI_antibiogram,United States of America,Americas,Northern America
ampicillin,resistant,> 16 mg/L,SAMN26308653,GCA_023875485.1,Escherichia,Escherichia coli,Escherichia coli,562,758101,Homo sapiens,SRS15352185,broth dilution,BD Phoenix,CLSI,ARO_3000637|https://www.ebi.ac.uk/ols4/ontologies/aro/classes/http%253A%252F%252Fpurl.obolibrary.org%252Fobo%252FARO_3000637,JAKXOX010000023.1,72616,73050,-,GCA_023875485.1_02735,marR,marR_S3N,AMR,POINT,MULTIDRUG,AMPICILLIN/CHLORAMPHENICOL/QUINOLONE/RIFAMPIN/TETRACYCLINE,AMPICILLIN,POINTP,WP_000843414.1,transcriptional regulator MarR,100.00,97.92,,,Annotation|https://ftp.ebi.ac.uk/pub/databases/amr_portal/genomes/GCA/023/875/GCA_023875485.1,1.5.0,Fast,2020,,,urine,urinary tract,38.97,-77.03,,no,NCBI_antibiogram,United States of America,Americas,Northern America
ampicillin,resistant,> 16 mg/L,SAMN26304474,GCA_023875725.1,Escherichia,Escherichia coli,Escherichia coli,562,757615,Homo sapiens,SRS15351909,broth dilution,BD Phoenix,CLSI,ARO_3000637|https://www.ebi.ac.uk/ols4/ontologies/aro/classes/http%253A%252F%252Fpurl.obolibrary.org%252Fobo%252FARO_3000637,JAKXPJ010000015.1,36770,37204,+,GCA_023875725.1_01446,marR,marR_S3N,AMR,POINT,MULTIDRUG,AMPICILLIN/CHLORAMPHENICOL/QUINOLONE/RIFAMPIN/TETRACYCLINE,AMPICILLIN,POINTP,WP_000843414.1,transcriptional regulator MarR,100.00,97.92,,,Annotation|https://ftp.ebi.ac.uk/pub/databases/amr_portal/genomes/GCA/023/875/GCA_023875725.1,1.5.0,Fast,2020,,,urine,urinary tract,38.97,-77.03,,no,NCBI_antibiogram,United States of America,Americas,Northern America
ampicillin,susceptible,<= 4 mg/L,SAMN26304518,GCA_023875435.1,Escherichia,Escherichia coli,Escherichia coli,562,750529,Homo sapiens,SRS15352136,broth dilution,BD Phoenix,CLSI,ARO_3000637|https://www.ebi.ac.uk/ols4/ontologies/aro/classes/http%253A%252F%252Fpurl.obolibrary.org%252Fobo%252FARO_3000637,JAKXOT010000011.1,472704,473138,-,GCA_023875435.1_01772,marR,marR_S3N,AMR,POINT,MULTIDRUG,AMPICILLIN/CHLORAMPHENICOL/QUINOLONE/RIFAMPIN/TETRACYCLINE,AMPICILLIN,POINTP,WP_000843414.1,transcriptional regulator MarR,100.00,97.92,,,Annotation|https://ftp.ebi.ac.uk/pub/databases/amr_portal/genomes/GCA/023/875/GCA_023875435.1,1.5.0,Fast,2020,,,urine,urinary tract,38.97,-77.03,,no,NCBI_antibiogram,United States of America,Americas,Northern America
ampicillin,resistant,> 16 mg/L,SAMN26309226,GCA_023875845.1,Escherichia,Escherichia coli,Escherichia coli,562,749321,Homo sapiens,SRS15351950,broth dilution,BD Phoenix,CLSI,ARO_3000637|https://www.ebi.ac.uk/ols4/ontologies/aro/classes/http%253A%252F%252Fpurl.obolibrary.org%252Fobo%252FARO_3000637,JAKXPO010000001.1,27409,27843,+,GCA_023875845.1_00027,marR,marR_S3N,AMR,POINT,MULTIDRUG,AMPICILLIN/CHLORAMPHENICOL/QUINOLONE/RIFAMPIN/TETRACYCLINE,AMPICILLIN,POINTP,WP_000843414.1,transcriptional regulator MarR,100.00,97.92,,,Annotation|https://ftp.ebi.ac.uk/pub/databases/amr_portal/genomes/GCA/023/875/GCA_023875845.1,1.5.0,Fast,2020,,,urine,urinary tract,38.97,-77.03,,no,NCBI_antibiogram,United States of America,Americas,Northern America
ampicillin,susceptible,<= 4 mg/L,SAMN26304914,GCA_023867035.1,Escherichia,Escherichia coli,Escherichia coli,562,697404,Homo sapiens,SRS15339673,broth dilution,BD Phoenix,CLSI,ARO_3000637|https://www.ebi.ac.uk/ols4/ontologies/aro/classes/http%253A%252F%252Fpurl.obolibrary.org%252Fobo%252FARO_3000637,JAMEYR010000001.1,28241,28675,+,GCA_023867035.1_00028,marR,marR_S3N,AMR,POINT,MULTIDRUG,AMPICILLIN/CHLORAMPHENICOL/QUINOLONE/RIFAMPIN/TETRACYCLINE,AMPICILLIN,POINTP,WP_000843414.1,transcriptional regulator MarR,100.00,97.92,,,Annotation|https://ftp.ebi.ac.uk/pub/databases/amr_portal/genomes/GCA/023/867/GCA_023867035.1,1.5.0,Fast,2019,,,,,38.97,-77.03,,no,NCBI_antibiogram,United States of America,Americas,Northern America
ampicillin,susceptible,<= 4 mg/L,SAMN26304805,GCA_023867905.1,Escherichia,Escherichia coli,Escherichia coli,562,758513,Homo sapiens,SRS15355500,broth dilution,BD Phoenix,CLSI,ARO_3000637|https://www.ebi.ac.uk/ols4/ontologies/aro/classes/http%253A%252F%252Fpurl.obolibrary.org%252Fobo%252FARO_3000637,JAMFAJ010000017.1,14519,14953,+,GCA_023867905.1_01312,marR,marR_S3N,AMR,POINT,MULTIDRUG,AMPICILLIN/CHLORAMPHENICOL/QUINOLONE/RIFAMPIN/TETRACYCLINE,AMPICILLIN,POINTP,WP_000843414.1,transcriptional regulator MarR,100.00,97.92,,,Annotation|https://ftp.ebi.ac.uk/pub/databases/amr_portal/genomes/GCA/023/867/GCA_023867905.1,1.5.0,Fast,2020,,,urine,urinary tract,38.97,-77.03,,no,NCBI_antibiogram,United States of America,Americas,Northern America
ampicillin,resistant,> 16 mg/L,SAMN26309204,GCA_023867835.1,Escherichia,Escherichia coli,Escherichia coli,562,756225,Homo sapiens,SRS15352008,broth dilution,BD Phoenix,CLSI,ARO_3000637|https://www.ebi.ac.uk/ols4/ontologies/aro/classes/http%253A%252F%252Fpurl.obolibrary.org%252Fobo%252FARO_3000637,JAMFAE010000001.1,27410,27844,+,GCA_023867835.1_00027,marR,marR_S3N,AMR,POINT,MULTIDRUG,AMPICILLIN/CHLORAMPHENICOL/QUINOLONE/RIFAMPIN/TETRACYCLINE,AMPICILLIN,POINTP,WP_000843414.1,transcriptional regulator MarR,100.00,97.92,,,Annotation|https://ftp.ebi.ac.uk/pub/databases/amr_portal/genomes/GCA/023/867/GCA_023867835.1,1.5.0,Fast,2020,,,urine,urinary tract,38.97,-77.03,,no,NCBI_antibiogram,United States of America,Americas,Northern America
ampicillin,resistant,> 16 mg/L,SAMN26304810,GCA_023867615.1,Escherichia,Escherichia coli,Escherichia coli,562,756443,Homo sapiens,SRS15351904,broth dilution,BD Phoenix,CLSI,ARO_3000637|https://www.ebi.ac.uk/ols4/ontologies/aro/classes/http%253A%252F%252Fpurl.obolibrary.org%252Fobo%252FARO_3000637,JAMEZW010000012.1,231221,231655,-,GCA_023867615.1_00992,marR,marR_S3N,AMR,POINT,MULTIDRUG,AMPICILLIN/CHLORAMPHENICOL/QUINOLONE/RIFAMPIN/TETRACYCLINE,AMPICILLIN,POINTP,WP_000843414.1,transcriptional regulator MarR,100.00,97.92,,,Annotation|https://ftp.ebi.ac.uk/pub/databases/amr_portal/genomes/GCA/023/867/GCA_023867615.1,1.5.0,Fast,2020,,,urine,urinary tract,38.97,-77.03,,no,NCBI_antibiogram,United States of America,Americas,Northern America
ampicillin,susceptible,<= 4 mg/L,SAMN26304864,GCA_023867335.1,Escherichia,Escherichia coli,Escherichia coli,562,708879,Homo sapiens,SRS15339915,broth dilution,BD Phoenix,CLSI,ARO_3000637|https://www.ebi.ac.uk/ols4/ontologies/aro/classes/http%253A%252F%252Fpurl.obolibrary.org%252Fobo%252FARO_3000637,JAMEZH010000015.1,36770,37204,+,GCA_023867335.1_01508,marR,marR_S3N,AMR,POINT,MULTIDRUG,AMPICILLIN/CHLORAMPHENICOL/QUINOLONE/RIFAMPIN/TETRACYCLINE,AMPICILLIN,POINTP,WP_000843414.1,transcriptional regulator MarR,100.00,97.92,,,Annotation|https://ftp.ebi.ac.uk/pub/databases/amr_portal/genomes/GCA/023/867/GCA_023867335.1,1.5.0,Fast,2019,,,urine,urinary tract,38.97,-77.03,,no,NCBI_antibiogram,United States of America,Americas,Northern America
ampicillin,susceptible,<= 4 mg/L,SAMN26308682,GCA_023867165.1,Escherichia,Escherichia coli,Escherichia coli,562,708983,Homo sapiens,SRS15339927,broth dilution,BD Phoenix,CLSI,ARO_3000637|https://www.ebi.ac.uk/ols4/ontologies/aro/classes/http%253A%252F%252Fpurl.obolibrary.org%252Fobo%252FARO_3000637,JAMEYZ010000042.1,131901,132335,-,GCA_023867165.1_03452,marR,marR_S3N,AMR,POINT,MULTIDRUG,AMPICILLIN/CHLORAMPHENICOL/QUINOLONE/RIFAMPIN/TETRACYCLINE,AMPICILLIN,POINTP,WP_000843414.1,transcriptional regulator MarR,100.00,97.92,,,Annotation|https://ftp.ebi.ac.uk/pub/databases/amr_portal/genomes/GCA/023/867/GCA_023867165.1,1.5.0,Fast,2019,,,urine,urinary tract,38.97,-77.03,,no,NCBI_antibiogram,United States of America,Americas,Northern America
ampicillin,susceptible,<= 4 mg/L,SAMN26304775,GCA_023867115.1,Escherichia,Escherichia coli,Escherichia coli,562,749023,Homo sapiens,SRS15352150,broth dilution,BD Phoenix,CLSI,ARO_3000637|https://www.ebi.ac.uk/ols4/ontologies/aro/classes/http%253A%252F%252Fpurl.obolibrary.org%252Fobo%252FARO_3000637,JAMEYV010000026.1,172058,172492,-,GCA_023867115.1_02920,marR,marR_S3N,AMR,POINT,MULTIDRUG,AMPICILLIN/CHLORAMPHENICOL/QUINOLONE/RIFAMPIN/TETRACYCLINE,AMPICILLIN,POINTP,WP_000843414.1,transcriptional regulator MarR,100.00,97.92,,,Annotation|https://ftp.ebi.ac.uk/pub/databases/amr_portal/genomes/GCA/023/867/GCA_023867115.1,1.5.0,Fast,2020,,,urine,urinary tract,38.97,-77.03,,no,NCBI_antibiogram,United States of America,Americas,Northern America
ampicillin,resistant,> 16 mg/L,SAMN26304527,GCA_023867655.1,Escherichia,Escherichia coli,Escherichia coli,562,758909,Homo sapiens,SRS15355646,broth dilution,BD Phoenix,CLSI,ARO_3000637|https://www.ebi.ac.uk/ols4/ontologies/aro/classes/http%253A%252F%252Fpurl.obolibrary.org%252Fobo%252FARO_3000637,JAMEZX010000008.1,9400,9834,-,GCA_023867655.1_00981,marR,marR_S3N,AMR,POINT,MULTIDRUG,AMPICILLIN/CHLORAMPHENICOL/QUINOLONE/RIFAMPIN/TETRACYCLINE,AMPICILLIN,POINTP,WP_000843414.1,transcriptional regulator MarR,100.00,97.92,,,Annotation|https://ftp.ebi.ac.uk/pub/databases/amr_portal/genomes/GCA/023/867/GCA_023867655.1,1.5.0,Fast,2020,,,urine,urinary tract,38.97,-77.03,,no,NCBI_antibiogram,United States of America,Americas,Northern America
ampicillin,resistant,> 16 mg/L,SAMN26309122,GCA_023867695.1,Escherichia,Escherichia coli,Escherichia coli,562,758395,Homo sapiens,SRS15352057,broth dilution,BD Phoenix,CLSI,ARO_3000637|https://www.ebi.ac.uk/ols4/ontologies/aro/classes/http%253A%252F%252Fpurl.obolibrary.org%252Fobo%252FARO_3000637,JAMEZY010000029.1,63369,63803,-,GCA_023867695.1_03222,marR,marR_S3N,AMR,POINT,MULTIDRUG,AMPICILLIN/CHLORAMPHENICOL/QUINOLONE/RIFAMPIN/TETRACYCLINE,AMPICILLIN,POINTP,WP_000843414.1,transcriptional regulator MarR,100.00,97.92,,,Annotation|https://ftp.ebi.ac.uk/pub/databases/amr_portal/genomes/GCA/023/867/GCA_023867695.1,1.5.0,Fast,2020,,,urine,urinary tract,38.97,-77.03,,no,NCBI_antibiogram,United States of America,Americas,Northern America
ampicillin,resistant,> 16 mg/L,SAMN26309230,GCA_023867475.1,Escherichia,Escherichia coli,Escherichia coli,562,747911,Homo sapiens,SRS15348381,broth dilution,BD Phoenix,CLSI,ARO_3000637|https://www.ebi.ac.uk/ols4/ontologies/aro/classes/http%253A%252F%252Fpurl.obolibrary.org%252Fobo%252FARO_3000637,JAMEZN010000008.1,9400,9834,-,GCA_023867475.1_00998,marR,marR_S3N,AMR,POINT,MULTIDRUG,AMPICILLIN/CHLORAMPHENICOL/QUINOLONE/RIFAMPIN/TETRACYCLINE,AMPICILLIN,POINTP,WP_000843414.1,transcriptional regulator MarR,100.00,97.92,,,Annotation|https://ftp.ebi.ac.uk/pub/databases/amr_portal/genomes/GCA/023/867/GCA_023867475.1,1.5.0,Fast,2020,,,urine,urinary tract,38.97,-77.03,,no,NCBI_antibiogram,United States of America,Americas,Northern America
ampicillin,susceptible,<= 4 mg/L,SAMN26308651,GCA_023867775.1,Escherichia,Escherichia coli,Escherichia coli,562,757939,Homo sapiens,SRS15352168,broth dilution,BD Phoenix,CLSI,ARO_3000637|https://www.ebi.ac.uk/ols4/ontologies/aro/classes/http%253A%252F%252Fpurl.obolibrary.org%252Fobo%252FARO_3000637,JAMFAD010000034.1,34343,34777,+,GCA_023867775.1_02003,marR,marR_S3N,AMR,POINT,MULTIDRUG,AMPICILLIN/CHLORAMPHENICOL/QUINOLONE/RIFAMPIN/TETRACYCLINE,AMPICILLIN,POINTP,WP_000843414.1,transcriptional regulator MarR,100.00,97.92,,,Annotation|https://ftp.ebi.ac.uk/pub/databases/amr_portal/genomes/GCA/023/867/GCA_023867775.1,1.5.0,Fast,2020,,,urine,urinary tract,38.97,-77.03,,no,NCBI_antibiogram,United States of America,Americas,Northern America
ampicillin,resistant,> 16 mg/L,SAMN26309080,GCA_023863065.1,Escherichia,Escherichia coli,Escherichia coli,562,838260,Homo sapiens,SRS15359934,broth dilution,BD Phoenix,CLSI,ARO_3000637|https://www.ebi.ac.uk/ols4/ontologies/aro/classes/http%253A%252F%252Fpurl.obolibrary.org%252Fobo%252FARO_3000637,JAKXHT010000016.1,13231,13665,+,GCA_023863065.1_01340,marR,marR_S3N,AMR,POINT,MULTIDRUG,AMPICILLIN/CHLORAMPHENICOL/QUINOLONE/RIFAMPIN/TETRACYCLINE,AMPICILLIN,POINTP,WP_000843414.1,transcriptional regulator MarR,100.00,97.92,,,Annotation|https://ftp.ebi.ac.uk/pub/databases/amr_portal/genomes/GCA/023/863/GCA_023863065.1,1.5.0,Fast,2020,,,urine,urinary tract,38.97,-77.03,,no,NCBI_antibiogram,United States of America,Americas,Northern America
ampicillin,susceptible,<= 4 mg/L,SAMN26308978,GCA_023863105.1,Escherichia,Escherichia coli,Escherichia coli,562,805086,Homo sapiens,SRS15358802,broth dilution,BD Phoenix,CLSI,ARO_3000637|https://www.ebi.ac.uk/ols4/ontologies/aro/classes/http%253A%252F%252Fpurl.obolibrary.org%252Fobo%252FARO_3000637,JAKXHW010000015.1,460928,461362,-,GCA_023863105.1_02862,marR,marR_S3N,AMR,POINT,MULTIDRUG,AMPICILLIN/CHLORAMPHENICOL/QUINOLONE/RIFAMPIN/TETRACYCLINE,AMPICILLIN,POINTP,WP_000843414.1,transcriptional regulator MarR,100.00,97.92,,,Annotation|https://ftp.ebi.ac.uk/pub/databases/amr_portal/genomes/GCA/023/863/GCA_023863105.1,1.5.0,Fast,2020,,,wound,skin or soft tissue,38.97,-77.03,,no,NCBI_antibiogram,United States of America,Americas,Northern America
ampicillin,resistant,> 16 mg/L,SAMN26309414,GCA_023863565.1,Escherichia,Escherichia coli,Escherichia coli,562,806862,Homo sapiens,SRS15358633,broth dilution,BD Phoenix,CLSI,ARO_3000637|https://www.ebi.ac.uk/ols4/ontologies/aro/classes/http%253A%252F%252Fpurl.obolibrary.org%252Fobo%252FARO_3000637,JAKXIV010000011.1,72616,73050,-,GCA_023863565.1_01646,marR,marR_S3N,AMR,POINT,MULTIDRUG,AMPICILLIN/CHLORAMPHENICOL/QUINOLONE/RIFAMPIN/TETRACYCLINE,AMPICILLIN,POINTP,WP_000843414.1,transcriptional regulator MarR,100.00,97.92,,,Annotation|https://ftp.ebi.ac.uk/pub/databases/amr_portal/genomes/GCA/023/863/GCA_023863565.1,1.5.0,Fast,2020,,,urine,urinary tract,38.97,-77.03,,no,NCBI_antibiogram,United States of America,Americas,Northern America
ampicillin,resistant,> 16 mg/L,SAMN26304346,GCA_023863525.1,Escherichia,Escherichia coli,Escherichia coli,562,750335,Homo sapiens,SRS15352083,broth dilution,BD Phoenix,CLSI,ARO_3000637|https://www.ebi.ac.uk/ols4/ontologies/aro/classes/http%253A%252F%252Fpurl.obolibrary.org%252Fobo%252FARO_3000637,JAKXIR010000018.1,13231,13665,+,GCA_023863525.1_01315,marR,marR_S3N,AMR,POINT,MULTIDRUG,AMPICILLIN/CHLORAMPHENICOL/QUINOLONE/RIFAMPIN/TETRACYCLINE,AMPICILLIN,POINTP,WP_000843414.1,transcriptional regulator MarR,100.00,97.92,,,Annotation|https://ftp.ebi.ac.uk/pub/databases/amr_portal/genomes/GCA/023/863/GCA_023863525.1,1.5.0,Fast,2020,,,urine,urinary tract,38.97,-77.03,,no,NCBI_antibiogram,United States of America,Americas,Northern America
ampicillin,susceptible,<= 4 mg/L,SAMN26305273,GCA_023863345.1,Escherichia,Escherichia coli,Escherichia coli,562,806918,Homo sapiens,SRS15358634,broth dilution,BD Phoenix,CLSI,ARO_3000637|https://www.ebi.ac.uk/ols4/ontologies/aro/classes/http%253A%252F%252Fpurl.obolibrary.org%252Fobo%252FARO_3000637,JAKXIH010000032.1,72756,73190,-,GCA_023863345.1_03837,marR,marR_S3N,AMR,POINT,MULTIDRUG,AMPICILLIN/CHLORAMPHENICOL/QUINOLONE/RIFAMPIN/TETRACYCLINE,AMPICILLIN,POINTP,WP_000843414.1,transcriptional regulator MarR,100.00,97.92,,,Annotation|https://ftp.ebi.ac.uk/pub/databases/amr_portal/genomes/GCA/023/863/GCA_023863345.1,1.5.0,Fast,2020,,,urine,urinary tract,38.97,-77.03,,no,NCBI_antibiogram,United States of America,Americas,Northern America
ampicillin,susceptible,<= 4 mg/L,SAMN26304949,GCA_023863905.1,Escherichia,Escherichia coli,Escherichia coli,562,698836,Homo sapiens,SRS15339787,broth dilution,BD Phoenix,CLSI,ARO_3000637|https://www.ebi.ac.uk/ols4/ontologies/aro/classes/http%253A%252F%252Fpurl.obolibrary.org%252Fobo%252FARO_3000637,JAKXJL010000001.1,36771,37205,+,GCA_023863905.1_00033,marR,marR_S3N,AMR,POINT,MULTIDRUG,AMPICILLIN/CHLORAMPHENICOL/QUINOLONE/RIFAMPIN/TETRACYCLINE,AMPICILLIN,POINTP,WP_000843414.1,transcriptional regulator MarR,100.00,97.92,,,Annotation|https://ftp.ebi.ac.uk/pub/databases/amr_portal/genomes/GCA/023/863/GCA_023863905.1,1.5.0,Fast,2019,,,urine,urinary tract,38.97,-77.03,,no,NCBI_antibiogram,United States of America,Americas,Northern America
ampicillin,resistant,> 16 mg/L,SAMN26304646,GCA_023863385.1,Escherichia,Escherichia coli,Escherichia coli,562,794195,Homo sapiens,SRS15357716,broth dilution,BD Phoenix,CLSI,ARO_3000637|https://www.ebi.ac.uk/ols4/ontologies/aro/classes/http%253A%252F%252Fpurl.obolibrary.org%252Fobo%252FARO_3000637,JAKXIM010000010.1,13248,13682,+,GCA_023863385.1_01206,marR,marR_S3N,AMR,POINT,MULTIDRUG,AMPICILLIN/CHLORAMPHENICOL/QUINOLONE/RIFAMPIN/TETRACYCLINE,AMPICILLIN,POINTP,WP_000843414.1,transcriptional regulator MarR,100.00,97.92,,,Annotation|https://ftp.ebi.ac.uk/pub/databases/amr_portal/genomes/GCA/023/863/GCA_023863385.1,1.5.0,Fast,2020,,,urine,urinary tract,38.97,-77.03,,no,NCBI_antibiogram,United States of America,Americas,Northern America
ampicillin,susceptible,<= 4 mg/L,SAMN26308625,GCA_023863145.1,Escherichia,Escherichia coli,Escherichia coli,562,823066,Homo sapiens,SRS15359975,broth dilution,BD Phoenix,CLSI,ARO_3000637|https://www.ebi.ac.uk/ols4/ontologies/aro/classes/http%253A%252F%252Fpurl.obolibrary.org%252Fobo%252FARO_3000637,JAKXIA010000007.1,72618,73052,-,GCA_023863145.1_01117,marR,marR_S3N,AMR,POINT,MULTIDRUG,AMPICILLIN/CHLORAMPHENICOL/QUINOLONE/RIFAMPIN/TETRACYCLINE,AMPICILLIN,POINTP,WP_000843414.1,transcriptional regulator MarR,100.00,97.92,,,Annotation|https://ftp.ebi.ac.uk/pub/databases/amr_portal/genomes/GCA/023/863/GCA_023863145.1,1.5.0,Fast,2020,,,blood,blood,38.97,-77.03,,no,NCBI_antibiogram,United States of America,Americas,Northern America
ampicillin,susceptible,<= 4 mg/L,SAMN26309138,GCA_023863765.1,Escherichia,Escherichia coli,Escherichia coli,562,807180,Homo sapiens,SRS15358649,broth dilution,BD Phoenix,CLSI,ARO_3000637|https://www.ebi.ac.uk/ols4/ontologies/aro/classes/http%253A%252F%252Fpurl.obolibrary.org%252Fobo%252FARO_3000637,JAKXJD010000014.1,13231,13665,+,GCA_023863765.1_01259,marR,marR_S3N,AMR,POINT,MULTIDRUG,AMPICILLIN/CHLORAMPHENICOL/QUINOLONE/RIFAMPIN/TETRACYCLINE,AMPICILLIN,POINTP,WP_000843414.1,transcriptional regulator MarR,100.00,97.92,,,Annotation|https://ftp.ebi.ac.uk/pub/databases/amr_portal/genomes/GCA/023/863/GCA_023863765.1,1.5.0,Fast,2020,,,urine,urinary tract,38.97,-77.03,,no,NCBI_antibiogram,United States of America,Americas,Northern America
ampicillin,resistant,> 16 mg/L,SAMN26305237,GCA_023863645.1,Escherichia,Escherichia coli,Escherichia coli,562,767407,Homo sapiens,SRS15355587,broth dilution,BD Phoenix,CLSI,ARO_3000637|https://www.ebi.ac.uk/ols4/ontologies/aro/classes/http%253A%252F%252Fpurl.obolibrary.org%252Fobo%252FARO_3000637,JAKXIZ010000008.1,72617,73051,-,GCA_023863645.1_01275,marR,marR_S3N,AMR,POINT,MULTIDRUG,AMPICILLIN/CHLORAMPHENICOL/QUINOLONE/RIFAMPIN/TETRACYCLINE,AMPICILLIN,POINTP,WP_000843414.1,transcriptional regulator MarR,100.00,97.92,,,Annotation|https://ftp.ebi.ac.uk/pub/databases/amr_portal/genomes/GCA/023/863/GCA_023863645.1,1.5.0,Fast,2020,,,urine,urinary tract,38.97,-77.03,,no,NCBI_antibiogram,United States of America,Americas,Northern America
ampicillin,resistant,> 16 mg/L,SAMN26304453,GCA_023863245.1,Escherichia,Escherichia coli,Escherichia coli,562,750053,Homo sapiens,SRS15351989,broth dilution,BD Phoenix,CLSI,ARO_3000637|https://www.ebi.ac.uk/ols4/ontologies/aro/classes/http%253A%252F%252Fpurl.obolibrary.org%252Fobo%252FARO_3000637,JAKXIE010000015.1,36770,37204,+,GCA_023863245.1_01279,marR,marR_S3N,AMR,POINT,MULTIDRUG,AMPICILLIN/CHLORAMPHENICOL/QUINOLONE/RIFAMPIN/TETRACYCLINE,AMPICILLIN,POINTP,WP_000843414.1,transcriptional regulator MarR,100.00,97.92,,,Annotation|https://ftp.ebi.ac.uk/pub/databases/amr_portal/genomes/GCA/023/863/GCA_023863245.1,1.5.0,Fast,2020,,,urine,urinary tract,38.97,-77.03,,no,NCBI_antibiogram,United States of America,Americas,Northern America
ampicillin,susceptible,<= 4 mg/L,SAMN26305245,GCA_023863585.1,Escherichia,Escherichia coli,Escherichia coli,562,781907,Homo sapiens,SRS15357586,broth dilution,BD Phoenix,CLSI,ARO_3000637|https://www.ebi.ac.uk/ols4/ontologies/aro/classes/http%253A%252F%252Fpurl.obolibrary.org%252Fobo%252FARO_3000637,JAKXIU010000024.1,36770,37204,+,GCA_023863585.1_02589,marR,marR_S3N,AMR,POINT,MULTIDRUG,AMPICILLIN/CHLORAMPHENICOL/QUINOLONE/RIFAMPIN/TETRACYCLINE,AMPICILLIN,POINTP,WP_000843414.1,transcriptional regulator MarR,100.00,97.92,,,Annotation|https://ftp.ebi.ac.uk/pub/databases/amr_portal/genomes/GCA/023/863/GCA_023863585.1,1.5.0,Fast,2020,,,urine,urinary tract,38.97,-77.03,,no,NCBI_antibiogram,United States of America,Americas,Northern America
ampicillin,susceptible,<= 4 mg/L,SAMN26305256,GCA_023863265.1,Escherichia,Escherichia coli,Escherichia coli,562,838122,Homo sapiens,SRS15359921,broth dilution,BD Phoenix,CLSI,ARO_3000637|https://www.ebi.ac.uk/ols4/ontologies/aro/classes/http%253A%252F%252Fpurl.obolibrary.org%252Fobo%252FARO_3000637,JAKXIF010000005.1,35815,36249,+,GCA_023863265.1_00769,marR,marR_S3N,AMR,POINT,MULTIDRUG,AMPICILLIN/CHLORAMPHENICOL/QUINOLONE/RIFAMPIN/TETRACYCLINE,AMPICILLIN,POINTP,WP_000843414.1,transcriptional regulator MarR,100.00,97.92,,,Annotation|https://ftp.ebi.ac.uk/pub/databases/amr_portal/genomes/GCA/023/863/GCA_023863265.1,1.5.0,Fast,2020,,,urine,urinary tract,38.97,-77.03,,no,NCBI_antibiogram,United States of America,Americas,Northern America
ampicillin,susceptible,<= 4 mg/L,SAMN26308648,GCA_023863625.1,Escherichia,Escherichia coli,Escherichia coli,562,750061,Homo sapiens,SRS15351990,broth dilution,BD Phoenix,CLSI,ARO_3000637|https://www.ebi.ac.uk/ols4/ontologies/aro/classes/http%253A%252F%252Fpurl.obolibrary.org%252Fobo%252FARO_3000637,JAKXIX010000016.1,36503,36937,+,GCA_023863625.1_01816,marR,marR_S3N,AMR,POINT,MULTIDRUG,AMPICILLIN/CHLORAMPHENICOL/QUINOLONE/RIFAMPIN/TETRACYCLINE,AMPICILLIN,POINTP,WP_000843414.1,transcriptional regulator MarR,100.00,97.92,,,Annotation|https://ftp.ebi.ac.uk/pub/databases/amr_portal/genomes/GCA/023/863/GCA_023863625.1,1.5.0,Fast,2020,,,urine,urinary tract,38.97,-77.03,,no,NCBI_antibiogram,United States of America,Americas,Northern America
ampicillin,susceptible,<= 4 mg/L,SAMN26304483,GCA_023863325.1,Escherichia,Escherichia coli,Escherichia coli,562,710101,Homo sapiens,SRS15348440,broth dilution,BD Phoenix,CLSI,ARO_3000637|https://www.ebi.ac.uk/ols4/ontologies/aro/classes/http%253A%252F%252Fpurl.obolibrary.org%252Fobo%252FARO_3000637,JAKXIJ010000012.1,72610,73044,-,GCA_023863325.1_01608,marR,marR_S3N,AMR,POINT,MULTIDRUG,AMPICILLIN/CHLORAMPHENICOL/QUINOLONE/RIFAMPIN/TETRACYCLINE,AMPICILLIN,POINTP,WP_000843414.1,transcriptional regulator MarR,100.00,97.92,,,Annotation|https://ftp.ebi.ac.uk/pub/databases/amr_portal/genomes/GCA/023/863/GCA_023863325.1,1.5.0,Fast,2019,,,urine,urinary tract,38.97,-77.03,,no,NCBI_antibiogram,United States of America,Americas,Northern America
ampicillin,resistant,> 16 mg/L,SAMN26305231,GCA_023863485.1,Escherichia,Escherichia coli,Escherichia coli,562,757795,Homo sapiens,SRS15351927,broth dilution,BD Phoenix,CLSI,ARO_3000637|https://www.ebi.ac.uk/ols4/ontologies/aro/classes/http%253A%252F%252Fpurl.obolibrary.org%252Fobo%252FARO_3000637,JAKXIQ010000023.1,24324,24758,-,GCA_023863485.1_04391,marR,marR_S3N,AMR,POINT,MULTIDRUG,AMPICILLIN/CHLORAMPHENICOL/QUINOLONE/RIFAMPIN/TETRACYCLINE,AMPICILLIN,POINTP,WP_000843414.1,transcriptional regulator MarR,100.00,97.92,,,Annotation|https://ftp.ebi.ac.uk/pub/databases/amr_portal/genomes/GCA/023/863/GCA_023863485.1,1.5.0,Fast,2020,,,urine,urinary tract,38.97,-77.03,,no,NCBI_antibiogram,United States of America,Americas,Northern America
ampicillin,susceptible,<= 4 mg/L,SAMN26304865,GCA_023863805.1,Escherichia,Escherichia coli,Escherichia coli,562,709937,Homo sapiens,SRS15348369,broth dilution,BD Phoenix,CLSI,ARO_3000637|https://www.ebi.ac.uk/ols4/ontologies/aro/classes/http%253A%252F%252Fpurl.obolibrary.org%252Fobo%252FARO_3000637,JAKXJF010000011.1,72615,73049,-,GCA_023863805.1_01522,marR,marR_S3N,AMR,POINT,MULTIDRUG,AMPICILLIN/CHLORAMPHENICOL/QUINOLONE/RIFAMPIN/TETRACYCLINE,AMPICILLIN,POINTP,WP_000843414.1,transcriptional regulator MarR,100.00,97.92,,,Annotation|https://ftp.ebi.ac.uk/pub/databases/amr_portal/genomes/GCA/023/863/GCA_023863805.1,1.5.0,Fast,2019,,,wound,skin or soft tissue,38.97,-77.03,,no,NCBI_antibiogram,United States of America,Americas,Northern America
ampicillin,resistant,> 16 mg/L,SAMN26308618,GCA_023881385.1,Escherichia,Escherichia coli,Escherichia coli,562,704849,Homo sapiens,SRS15339715,broth dilution,BD Phoenix,CLSI,ARO_3000637|https://www.ebi.ac.uk/ols4/ontologies/aro/classes/http%253A%252F%252Fpurl.obolibrary.org%252Fobo%252FARO_3000637,JAKXZH010000006.1,36771,37205,+,GCA_023881385.1_00791,marR,marR_S3N,AMR,POINT,MULTIDRUG,AMPICILLIN/CHLORAMPHENICOL/QUINOLONE/RIFAMPIN/TETRACYCLINE,AMPICILLIN,POINTP,WP_000843414.1,transcriptional regulator MarR,100.00,97.92,,,Annotation|https://ftp.ebi.ac.uk/pub/databases/amr_portal/genomes/GCA/023/881/GCA_023881385.1,1.5.0,Fast,2019,,,blood,blood,38.97,-77.03,,no,NCBI_antibiogram,United States of America,Americas,Northern America
ampicillin,susceptible,<= 4 mg/L,SAMN26304891,GCA_023881245.1,Escherichia,Escherichia coli,Escherichia coli,562,749305,Homo sapiens,SRS15351948,broth dilution,BD Phoenix,CLSI,ARO_3000637|https://www.ebi.ac.uk/ols4/ontologies/aro/classes/http%253A%252F%252Fpurl.obolibrary.org%252Fobo%252FARO_3000637,JAKXYZ010000013.1,17001,17435,+,GCA_023881245.1_01548,marR,marR_S3N,AMR,POINT,MULTIDRUG,AMPICILLIN/CHLORAMPHENICOL/QUINOLONE/RIFAMPIN/TETRACYCLINE,AMPICILLIN,POINTP,WP_000843414.1,transcriptional regulator MarR,100.00,97.92,,,Annotation|https://ftp.ebi.ac.uk/pub/databases/amr_portal/genomes/GCA/023/881/GCA_023881245.1,1.5.0,Fast,2020,,,urine,urinary tract,38.97,-77.03,,no,NCBI_antibiogram,United States of America,Americas,Northern America
ampicillin,susceptible,<= 4 mg/L,SAMN26304367,GCA_023881285.1,Escherichia,Escherichia coli,Escherichia coli,562,749081,Homo sapiens,SRS15351929,broth dilution,BD Phoenix,CLSI,ARO_3000637|https://www.ebi.ac.uk/ols4/ontologies/aro/classes/http%253A%252F%252Fpurl.obolibrary.org%252Fobo%252FARO_3000637,JAKXZB010000067.1,22215,22649,-,GCA_023881285.1_04335,marR,marR_S3N,AMR,POINT,MULTIDRUG,AMPICILLIN/CHLORAMPHENICOL/QUINOLONE/RIFAMPIN/TETRACYCLINE,AMPICILLIN,POINTP,WP_000843414.1,transcriptional regulator MarR,100.00,97.92,,,Annotation|https://ftp.ebi.ac.uk/pub/databases/amr_portal/genomes/GCA/023/881/GCA_023881285.1,1.5.0,Fast,2020,,,urine,urinary tract,38.97,-77.03,,no,NCBI_antibiogram,United States of America,Americas,Northern America
ampicillin,resistant,> 16 mg/L,SAMN26305134,GCA_023881475.1,Escherichia,Escherichia coli,Escherichia coli,562,807672,Homo sapiens,SRS15358755,broth dilution,BD Phoenix,CLSI,ARO_3000637|https://www.ebi.ac.uk/ols4/ontologies/aro/classes/http%253A%252F%252Fpurl.obolibrary.org%252Fobo%252FARO_3000637,JAKYCI010000024.1,9401,9835,-,GCA_023881475.1_02692,marR,marR_S3N,AMR,POINT,MULTIDRUG,AMPICILLIN/CHLORAMPHENICOL/QUINOLONE/RIFAMPIN/TETRACYCLINE,AMPICILLIN,POINTP,WP_000843414.1,transcriptional regulator MarR,100.00,97.92,,,Annotation|https://ftp.ebi.ac.uk/pub/databases/amr_portal/genomes/GCA/023/881/GCA_023881475.1,1.5.0,Fast,2020,,,urine,urinary tract,38.97,-77.03,,no,NCBI_antibiogram,United States of America,Americas,Northern America
ampicillin,susceptible,<= 4 mg/L,SAMN26309216,GCA_023881265.1,Escherichia,Escherichia coli,Escherichia coli,562,708959,Homo sapiens,SRS15339924,broth dilution,BD Phoenix,CLSI,ARO_3000637|https://www.ebi.ac.uk/ols4/ontologies/aro/classes/http%253A%252F%252Fpurl.obolibrary.org%252Fobo%252FARO_3000637,JAKXZD010000001.1,27410,27844,+,GCA_023881265.1_00027,marR,marR_S3N,AMR,POINT,MULTIDRUG,AMPICILLIN/CHLORAMPHENICOL/QUINOLONE/RIFAMPIN/TETRACYCLINE,AMPICILLIN,POINTP,WP_000843414.1,transcriptional regulator MarR,100.00,97.92,,,Annotation|https://ftp.ebi.ac.uk/pub/databases/amr_portal/genomes/GCA/023/881/GCA_023881265.1,1.5.0,Fast,2019,,,urine,urinary tract,38.97,-77.03,,no,NCBI_antibiogram,United States of America,Americas,Northern America
ampicillin,resistant,> 16 mg/L,SAMN26304860,GCA_023881345.1,Escherichia,Escherichia coli,Escherichia coli,562,749275,Homo sapiens,SRS15351946,broth dilution,BD Phoenix,CLSI,ARO_3000637|https://www.ebi.ac.uk/ols4/ontologies/aro/classes/http%253A%252F%252Fpurl.obolibrary.org%252Fobo%252FARO_3000637,JAKXZG010000058.1,25581,26015,-,GCA_023881345.1_04444,marR,marR_S3N,AMR,POINT,MULTIDRUG,AMPICILLIN/CHLORAMPHENICOL/QUINOLONE/RIFAMPIN/TETRACYCLINE,AMPICILLIN,POINTP,WP_000843414.1,transcriptional regulator MarR,100.00,97.92,,,Annotation|https://ftp.ebi.ac.uk/pub/databases/amr_portal/genomes/GCA/023/881/GCA_023881345.1,1.5.0,Fast,2020,,,urine,urinary tract,38.97,-77.03,,no,NCBI_antibiogram,United States of America,Americas,Northern America
ampicillin,susceptible,<= 4 mg/L,SAMN26308594,GCA_023881565.1,Escherichia,Escherichia coli,Escherichia coli,562,793827,Homo sapiens,SRS15357708,broth dilution,BD Phoenix,CLSI,ARO_3000637|https://www.ebi.ac.uk/ols4/ontologies/aro/classes/http%253A%252F%252Fpurl.obolibrary.org%252Fobo%252FARO_3000637,JAKYCX010000007.1,14420,14854,+,GCA_023881565.1_01404,marR,marR_S3N,AMR,POINT,MULTIDRUG,AMPICILLIN/CHLORAMPHENICOL/QUINOLONE/RIFAMPIN/TETRACYCLINE,AMPICILLIN,POINTP,WP_000843414.1,transcriptional regulator MarR,100.00,97.92,,,Annotation|https://ftp.ebi.ac.uk/pub/databases/amr_portal/genomes/GCA/023/881/GCA_023881565.1,1.5.0,Fast,2020,,,urine,urinary tract,38.97,-77.03,,no,NCBI_antibiogram,United States of America,Americas,Northern America
ampicillin,resistant,> 16 mg/L,SAMN26305264,GCA_023881425.1,Escherichia,Escherichia coli,Escherichia coli,562,750415,Homo sapiens,SRS15352092,broth dilution,BD Phoenix,CLSI,ARO_3000637|https://www.ebi.ac.uk/ols4/ontologies/aro/classes/http%253A%252F%252Fpurl.obolibrary.org%252Fobo%252FARO_3000637,JAKXZK010000030.1,72616,73050,-,GCA_023881425.1_02375,marR,marR_S3N,AMR,POINT,MULTIDRUG,AMPICILLIN/CHLORAMPHENICOL/QUINOLONE/RIFAMPIN/TETRACYCLINE,AMPICILLIN,POINTP,WP_000843414.1,transcriptional regulator MarR,100.00,97.92,,,Annotation|https://ftp.ebi.ac.uk/pub/databases/amr_portal/genomes/GCA/023/881/GCA_023881425.1,1.5.0,Fast,2020,,,urine,urinary tract,38.97,-77.03,,no,NCBI_antibiogram,United States of America,Americas,Northern America
ampicillin,susceptible,<= 4 mg/L,SAMN26308562,GCA_023881665.1,Escherichia,Escherichia coli,Escherichia coli,562,806678,Homo sapiens,SRS15358558,broth dilution,BD Phoenix,CLSI,ARO_3000637|https://www.ebi.ac.uk/ols4/ontologies/aro/classes/http%253A%252F%252Fpurl.obolibrary.org%252Fobo%252FARO_3000637,JAKYDC010000027.1,193999,194433,-,GCA_023881665.1_03376,marR,marR_S3N,AMR,POINT,MULTIDRUG,AMPICILLIN/CHLORAMPHENICOL/QUINOLONE/RIFAMPIN/TETRACYCLINE,AMPICILLIN,POINTP,WP_000843414.1,transcriptional regulator MarR,100.00,97.92,,,Annotation|https://ftp.ebi.ac.uk/pub/databases/amr_portal/genomes/GCA/023/881/GCA_023881665.1,1.5.0,Fast,2020,,,urine,urinary tract,38.97,-77.03,,no,NCBI_antibiogram,United States of America,Americas,Northern America
ampicillin,resistant,> 16 mg/L,SAMN26308674,GCA_023881865.1,Escherichia,Escherichia coli,Escherichia coli,562,735509,Homo sapiens,SRS15348417,broth dilution,BD Phoenix,CLSI,ARO_3000637|https://www.ebi.ac.uk/ols4/ontologies/aro/classes/http%253A%252F%252Fpurl.obolibrary.org%252Fobo%252FARO_3000637,JAKYDQ010000022.1,13231,13665,+,GCA_023881865.1_01111,marR,marR_S3N,AMR,POINT,MULTIDRUG,AMPICILLIN/CHLORAMPHENICOL/QUINOLONE/RIFAMPIN/TETRACYCLINE,AMPICILLIN,POINTP,WP_000843414.1,transcriptional regulator MarR,100.00,97.92,,,Annotation|https://ftp.ebi.ac.uk/pub/databases/amr_portal/genomes/GCA/023/881/GCA_023881865.1,1.5.0,Fast,2019,,,urine,urinary tract,38.97,-77.03,,no,NCBI_antibiogram,United States of America,Americas,Northern America
ampicillin,susceptible,<= 4 mg/L,SAMN26308986,GCA_023881825.1,Escherichia,Escherichia coli,Escherichia coli,562,710281,Homo sapiens,SRS15348224,broth dilution,BD Phoenix,CLSI,ARO_3000637|https://www.ebi.ac.uk/ols4/ontologies/aro/classes/http%253A%252F%252Fpurl.obolibrary.org%252Fobo%252FARO_3000637,JAKYDL010000005.1,67315,67749,-,GCA_023881825.1_01081,marR,marR_S3N,AMR,POINT,MULTIDRUG,AMPICILLIN/CHLORAMPHENICOL/QUINOLONE/RIFAMPIN/TETRACYCLINE,AMPICILLIN,POINTP,WP_000843414.1,transcriptional regulator MarR,100.00,97.92,,,Annotation|https://ftp.ebi.ac.uk/pub/databases/amr_portal/genomes/GCA/023/881/GCA_023881825.1,1.5.0,Fast,2019,,,urine,urinary tract,38.97,-77.03,,no,NCBI_antibiogram,United States of America,Americas,Northern America
ampicillin,resistant,> 16 mg/L,SAMN26304923,GCA_023868465.1,Escherichia,Escherichia coli,Escherichia coli,562,730399,Homo sapiens,SRS15348326,broth dilution,BD Phoenix,CLSI,ARO_3000637|https://www.ebi.ac.uk/ols4/ontologies/aro/classes/http%253A%252F%252Fpurl.obolibrary.org%252Fobo%252FARO_3000637,JAMFBL010000010.1,9403,9837,-,GCA_023868465.1_00999,marR,marR_S3N,AMR,POINT,MULTIDRUG,AMPICILLIN/CHLORAMPHENICOL/QUINOLONE/RIFAMPIN/TETRACYCLINE,AMPICILLIN,POINTP,WP_000843414.1,transcriptional regulator MarR,100.00,97.92,,,Annotation|https://ftp.ebi.ac.uk/pub/databases/amr_portal/genomes/GCA/023/868/GCA_023868465.1,1.5.0,Fast,2019,,,urine,urinary tract,38.97,-77.03,,no,NCBI_antibiogram,United States of America,Americas,Northern America
ampicillin,susceptible,<= 4 mg/L,SAMN26304822,GCA_023868495.1,Escherichia,Escherichia coli,Escherichia coli,562,749267,Homo sapiens,SRS15351945,broth dilution,BD Phoenix,CLSI,ARO_3000637|https://www.ebi.ac.uk/ols4/ontologies/aro/classes/http%253A%252F%252Fpurl.obolibrary.org%252Fobo%252FARO_3000637,JAMFBN010000032.1,9403,9837,-,GCA_023868495.1_02700,marR,marR_S3N,AMR,POINT,MULTIDRUG,AMPICILLIN/CHLORAMPHENICOL/QUINOLONE/RIFAMPIN/TETRACYCLINE,AMPICILLIN,POINTP,WP_000843414.1,transcriptional regulator MarR,100.00,97.92,,,Annotation|https://ftp.ebi.ac.uk/pub/databases/amr_portal/genomes/GCA/023/868/GCA_023868495.1,1.5.0,Fast,2020,,,urine,urinary tract,38.97,-77.03,,no,NCBI_antibiogram,United States of America,Americas,Northern America
ampicillin,resistant,> 16 mg/L,SAMN26304662,GCA_023868765.1,Escherichia,Escherichia coli,Escherichia coli,562,756283,Homo sapiens,SRS15352015,broth dilution,BD Phoenix,CLSI,ARO_3000637|https://www.ebi.ac.uk/ols4/ontologies/aro/classes/http%253A%252F%252Fpurl.obolibrary.org%252Fobo%252FARO_3000637,JAMFBW010000012.1,9403,9837,-,GCA_023868765.1_01062,marR,marR_S3N,AMR,POINT,MULTIDRUG,AMPICILLIN/CHLORAMPHENICOL/QUINOLONE/RIFAMPIN/TETRACYCLINE,AMPICILLIN,POINTP,WP_000843414.1,transcriptional regulator MarR,100.00,97.92,,,Annotation|https://ftp.ebi.ac.uk/pub/databases/amr_portal/genomes/GCA/023/868/GCA_023868765.1,1.5.0,Fast,2020,,,urine,urinary tract,38.97,-77.03,,no,NCBI_antibiogram,United States of America,Americas,Northern America
ampicillin,susceptible,<= 4 mg/L,SAMN26305229,GCA_023868275.1,Escherichia,Escherichia coli,Escherichia coli,562,749897,Homo sapiens,SRS15351971,broth dilution,BD Phoenix,CLSI,ARO_3000637|https://www.ebi.ac.uk/ols4/ontologies/aro/classes/http%253A%252F%252Fpurl.obolibrary.org%252Fobo%252FARO_3000637,JAMFBC010000016.1,22678,23112,-,GCA_023868275.1_01129,marR,marR_S3N,AMR,POINT,MULTIDRUG,AMPICILLIN/CHLORAMPHENICOL/QUINOLONE/RIFAMPIN/TETRACYCLINE,AMPICILLIN,POINTP,WP_000843414.1,transcriptional regulator MarR,100.00,97.92,,,Annotation|https://ftp.ebi.ac.uk/pub/databases/amr_portal/genomes/GCA/023/868/GCA_023868275.1,1.5.0,Fast,2020,,,urine,urinary tract,38.97,-77.03,,no,NCBI_antibiogram,United States of America,Americas,Northern America
ampicillin,susceptible,<= 4 mg/L,SAMN26309123,GCA_023868835.1,Escherichia,Escherichia coli,Escherichia coli,562,758417,Homo sapiens,SRS15355499,broth dilution,BD Phoenix,CLSI,ARO_3000637|https://www.ebi.ac.uk/ols4/ontologies/aro/classes/http%253A%252F%252Fpurl.obolibrary.org%252Fobo%252FARO_3000637,JAMFCD010000017.1,63369,63803,-,GCA_023868835.1_01653,marR,marR_S3N,AMR,POINT,MULTIDRUG,AMPICILLIN/CHLORAMPHENICOL/QUINOLONE/RIFAMPIN/TETRACYCLINE,AMPICILLIN,POINTP,WP_000843414.1,transcriptional regulator MarR,100.00,97.92,,,Annotation|https://ftp.ebi.ac.uk/pub/databases/amr_portal/genomes/GCA/023/868/GCA_023868835.1,1.5.0,Fast,2020,,,urine,urinary tract,38.97,-77.03,,no,NCBI_antibiogram,United States of America,Americas,Northern America
ampicillin,susceptible,<= 4 mg/L,SAMN26305079,GCA_023868095.1,Escherichia,Escherichia coli,Escherichia coli,562,709575,Homo sapiens,SRS15339896,broth dilution,BD Phoenix,CLSI,ARO_3000637|https://www.ebi.ac.uk/ols4/ontologies/aro/classes/http%253A%252F%252Fpurl.obolibrary.org%252Fobo%252FARO_3000637,JAMFAT010000007.1,72615,73049,-,GCA_023868095.1_00984,marR,marR_S3N,AMR,POINT,MULTIDRUG,AMPICILLIN/CHLORAMPHENICOL/QUINOLONE/RIFAMPIN/TETRACYCLINE,AMPICILLIN,POINTP,WP_000843414.1,transcriptional regulator MarR,100.00,97.92,,,Annotation|https://ftp.ebi.ac.uk/pub/databases/amr_portal/genomes/GCA/023/868/GCA_023868095.1,1.5.0,Fast,2019,,,urine,urinary tract,38.97,-77.03,,no,NCBI_antibiogram,United States of America,Americas,Northern America
ampicillin,resistant,> 16 mg/L,SAMN26309100,GCA_023868635.1,Escherichia,Escherichia coli,Escherichia coli,562,708933,Homo sapiens,SRS15339921,broth dilution,BD Phoenix,CLSI,ARO_3000637|https://www.ebi.ac.uk/ols4/ontologies/aro/classes/http%253A%252F%252Fpurl.obolibrary.org%252Fobo%252FARO_3000637,JAMFBY010000054.1,32831,33265,-,GCA_023868635.1_03511,marR,marR_S3N,AMR,POINT,MULTIDRUG,AMPICILLIN/CHLORAMPHENICOL/QUINOLONE/RIFAMPIN/TETRACYCLINE,AMPICILLIN,POINTP,WP_000843414.1,transcriptional regulator MarR,100.00,97.92,,,Annotation|https://ftp.ebi.ac.uk/pub/databases/amr_portal/genomes/GCA/023/868/GCA_023868635.1,1.5.0,Fast,2019,,,urine,urinary tract,38.97,-77.03,,no,NCBI_antibiogram,United States of America,Americas,Northern America
ampicillin,susceptible,<= 4 mg/L,SAMN26305222,GCA_023868335.1,Escherichia,Escherichia coli,Escherichia coli,562,698176,Homo sapiens,SRS15339756,broth dilution,BD Phoenix,CLSI,ARO_3000637|https://www.ebi.ac.uk/ols4/ontologies/aro/classes/http%253A%252F%252Fpurl.obolibrary.org%252Fobo%252FARO_3000637,JAMFBF010000022.1,310841,311275,-,GCA_023868335.1_01895,marR,marR_S3N,AMR,POINT,MULTIDRUG,AMPICILLIN/CHLORAMPHENICOL/QUINOLONE/RIFAMPIN/TETRACYCLINE,AMPICILLIN,POINTP,WP_000843414.1,transcriptional regulator MarR,100.00,97.92,,,Annotation|https://ftp.ebi.ac.uk/pub/databases/amr_portal/genomes/GCA/023/868/GCA_023868335.1,1.5.0,Fast,2019,,,urine,urinary tract,38.97,-77.03,,no,NCBI_antibiogram,United States of America,Americas,Northern America
ampicillin,susceptible,<= 4 mg/L,SAMN26305265,GCA_023868615.1,Escherichia,Escherichia coli,Escherichia coli,562,758185,Homo sapiens,SRS15352034,broth dilution,BD Phoenix,CLSI,ARO_3000637|https://www.ebi.ac.uk/ols4/ontologies/aro/classes/http%253A%252F%252Fpurl.obolibrary.org%252Fobo%252FARO_3000637,JAMFBU010000028.1,36771,37205,+,GCA_023868615.1_01376,marR,marR_S3N,AMR,POINT,MULTIDRUG,AMPICILLIN/CHLORAMPHENICOL/QUINOLONE/RIFAMPIN/TETRACYCLINE,AMPICILLIN,POINTP,WP_000843414.1,transcriptional regulator MarR,100.00,97.92,,,Annotation|https://ftp.ebi.ac.uk/pub/databases/amr_portal/genomes/GCA/023/868/GCA_023868615.1,1.5.0,Fast,2020,,,urine,urinary tract,38.97,-77.03,,no,NCBI_antibiogram,United States of America,Americas,Northern America
ampicillin,susceptible,<= 4 mg/L,SAMN26304732,GCA_023868995.1,Escherichia,Escherichia coli,Escherichia coli,562,759075,Homo sapiens,SRS15355697,broth dilution,BD Phoenix,CLSI,ARO_3000637|https://www.ebi.ac.uk/ols4/ontologies/aro/classes/http%253A%252F%252Fpurl.obolibrary.org%252Fobo%252FARO_3000637,JAMFCN010000014.1,36504,36938,+,GCA_023868995.1_01430,marR,marR_S3N,AMR,POINT,MULTIDRUG,AMPICILLIN/CHLORAMPHENICOL/QUINOLONE/RIFAMPIN/TETRACYCLINE,AMPICILLIN,POINTP,WP_000843414.1,transcriptional regulator MarR,100.00,97.92,,,Annotation|https://ftp.ebi.ac.uk/pub/databases/amr_portal/genomes/GCA/023/868/GCA_023868995.1,1.5.0,Fast,2020,,,urine,urinary tract,38.97,-77.03,,no,NCBI_antibiogram,United States of America,Americas,Northern America
ampicillin,susceptible,<= 4 mg/L,SAMN26308436,GCA_023868515.1,Escherichia,Escherichia coli,Escherichia coli,562,709701,Homo sapiens,SRS15348445,broth dilution,BD Phoenix,CLSI,ARO_3000637|https://www.ebi.ac.uk/ols4/ontologies/aro/classes/http%253A%252F%252Fpurl.obolibrary.org%252Fobo%252FARO_3000637,JAMFBO010000010.1,36714,37148,+,GCA_023868515.1_01208,marR,marR_S3N,AMR,POINT,MULTIDRUG,AMPICILLIN/CHLORAMPHENICOL/QUINOLONE/RIFAMPIN/TETRACYCLINE,AMPICILLIN,POINTP,WP_000843414.1,transcriptional regulator MarR,100.00,97.92,,,Annotation|https://ftp.ebi.ac.uk/pub/databases/amr_portal/genomes/GCA/023/868/GCA_023868515.1,1.5.0,Fast,2019,,,urine,urinary tract,38.97,-77.03,,no,NCBI_antibiogram,United States of America,Americas,Northern America
ampicillin,resistant,> 16 mg/L,SAMN26308571,GCA_023868075.1,Escherichia,Escherichia coli,Escherichia coli,562,756209,Homo sapiens,SRS15352006,broth dilution,BD Phoenix,CLSI,ARO_3000637|https://www.ebi.ac.uk/ols4/ontologies/aro/classes/http%253A%252F%252Fpurl.obolibrary.org%252Fobo%252FARO_3000637,JAMFAQ010000004.1,9400,9834,-,GCA_023868075.1_00503,marR,marR_S3N,AMR,POINT,MULTIDRUG,AMPICILLIN/CHLORAMPHENICOL/QUINOLONE/RIFAMPIN/TETRACYCLINE,AMPICILLIN,POINTP,WP_000843414.1,transcriptional regulator MarR,100.00,97.92,,,Annotation|https://ftp.ebi.ac.uk/pub/databases/amr_portal/genomes/GCA/023/868/GCA_023868075.1,1.5.0,Fast,2020,,,urine,urinary tract,38.97,-77.03,,no,NCBI_antibiogram,United States of America,Americas,Northern America
ampicillin,susceptible,<= 4 mg/L,SAMN26304484,GCA_023868755.1,Escherichia,Escherichia coli,Escherichia coli,562,758669,Homo sapiens,SRS15355624,broth dilution,BD Phoenix,CLSI,ARO_3000637|https://www.ebi.ac.uk/ols4/ontologies/aro/classes/http%253A%252F%252Fpurl.obolibrary.org%252Fobo%252FARO_3000637,JAMFBZ010000016.1,72670,73104,-,GCA_023868755.1_01767,marR,marR_S3N,AMR,POINT,MULTIDRUG,AMPICILLIN/CHLORAMPHENICOL/QUINOLONE/RIFAMPIN/TETRACYCLINE,AMPICILLIN,POINTP,WP_000843414.1,transcriptional regulator MarR,100.00,97.92,,,Annotation|https://ftp.ebi.ac.uk/pub/databases/amr_portal/genomes/GCA/023/868/GCA_023868755.1,1.5.0,Fast,2020,,,urine,urinary tract,38.97,-77.03,,no,NCBI_antibiogram,United States of America,Americas,Northern America
ampicillin,resistant,> 16 mg/L,SAMN26309196,GCA_023868255.1,Escherichia,Escherichia coli,Escherichia coli,562,759113,Homo sapiens,SRS15355701,broth dilution,BD Phoenix,CLSI,ARO_3000637|https://www.ebi.ac.uk/ols4/ontologies/aro/classes/http%253A%252F%252Fpurl.obolibrary.org%252Fobo%252FARO_3000637,JAMFBB010000001.1,27409,27843,+,GCA_023868255.1_00027,marR,marR_S3N,AMR,POINT,MULTIDRUG,AMPICILLIN/CHLORAMPHENICOL/QUINOLONE/RIFAMPIN/TETRACYCLINE,AMPICILLIN,POINTP,WP_000843414.1,transcriptional regulator MarR,100.00,97.92,,,Annotation|https://ftp.ebi.ac.uk/pub/databases/amr_portal/genomes/GCA/023/868/GCA_023868255.1,1.5.0,Fast,2020,,,urine,urinary tract,38.97,-77.03,,no,NCBI_antibiogram,United States of America,Americas,Northern America
ampicillin,susceptible,<= 4 mg/L,SAMN26305085,GCA_023856985.1,Escherichia,Escherichia coli,Escherichia coli,562,781843,Homo sapiens,SRS15357508,broth dilution,BD Phoenix,CLSI,ARO_3000637|https://www.ebi.ac.uk/ols4/ontologies/aro/classes/http%253A%252F%252Fpurl.obolibrary.org%252Fobo%252FARO_3000637,JAKWMC010000005.1,36771,37205,+,GCA_023856985.1_00747,marR,marR_S3N,AMR,POINT,MULTIDRUG,AMPICILLIN/CHLORAMPHENICOL/QUINOLONE/RIFAMPIN/TETRACYCLINE,AMPICILLIN,POINTP,WP_000843414.1,transcriptional regulator MarR,100.00,97.92,,,Annotation|https://ftp.ebi.ac.uk/pub/databases/amr_portal/genomes/GCA/023/856/GCA_023856985.1,1.5.0,Fast,2020,,,urine,urinary tract,38.97,-77.03,,no,NCBI_antibiogram,United States of America,Americas,Northern America
ampicillin,resistant,> 16 mg/L,SAMN26305057,GCA_023856835.1,Escherichia,Escherichia coli,Escherichia coli,562,838366,Homo sapiens,SRS15360060,broth dilution,BD Phoenix,CLSI,ARO_3000637|https://www.ebi.ac.uk/ols4/ontologies/aro/classes/http%253A%252F%252Fpurl.obolibrary.org%252Fobo%252FARO_3000637,JAKWLW010000011.1,13248,13682,+,GCA_023856835.1_01520,marR,marR_S3N,AMR,POINT,MULTIDRUG,AMPICILLIN/CHLORAMPHENICOL/QUINOLONE/RIFAMPIN/TETRACYCLINE,AMPICILLIN,POINTP,WP_000843414.1,transcriptional regulator MarR,100.00,97.92,,,Annotation|https://ftp.ebi.ac.uk/pub/databases/amr_portal/genomes/GCA/023/856/GCA_023856835.1,1.5.0,Fast,2020,,,urine,urinary tract,38.97,-77.03,,no,NCBI_antibiogram,United States of America,Americas,Northern America
ampicillin,susceptible,<= 4 mg/L,SAMN26304607,GCA_023856945.1,Escherichia,Escherichia coli,Escherichia coli,562,822844,Homo sapiens,SRS15360002,broth dilution,BD Phoenix,CLSI,ARO_3000637|https://www.ebi.ac.uk/ols4/ontologies/aro/classes/http%253A%252F%252Fpurl.obolibrary.org%252Fobo%252FARO_3000637,JAKWLZ010000011.1,72616,73050,-,GCA_023856945.1_01691,marR,marR_S3N,AMR,POINT,MULTIDRUG,AMPICILLIN/CHLORAMPHENICOL/QUINOLONE/RIFAMPIN/TETRACYCLINE,AMPICILLIN,POINTP,WP_000843414.1,transcriptional regulator MarR,100.00,97.92,,,Annotation|https://ftp.ebi.ac.uk/pub/databases/amr_portal/genomes/GCA/023/856/GCA_023856945.1,1.5.0,Fast,2020,,,urine,urinary tract,38.97,-77.03,,no,NCBI_antibiogram,United States of America,Americas,Northern America
ampicillin,susceptible,<= 4 mg/L,SAMN26304485,GCA_023894935.1,Escherichia,Escherichia coli,Escherichia coli,562,782129,Homo sapiens,SRS15357610,broth dilution,BD Phoenix,CLSI,ARO_3000637|https://www.ebi.ac.uk/ols4/ontologies/aro/classes/http%253A%252F%252Fpurl.obolibrary.org%252Fobo%252FARO_3000637,JAMEUH010000014.1,44462,44896,+,GCA_023894935.1_01404,marR,marR_S3N,AMR,POINT,MULTIDRUG,AMPICILLIN/CHLORAMPHENICOL/QUINOLONE/RIFAMPIN/TETRACYCLINE,AMPICILLIN,POINTP,WP_000843414.1,transcriptional regulator MarR,100.00,97.92,,,Annotation|https://ftp.ebi.ac.uk/pub/databases/amr_portal/genomes/GCA/023/894/GCA_023894935.1,1.5.0,Fast,2020,,,urine,urinary tract,38.97,-77.03,,no,NCBI_antibiogram,United States of America,Americas,Northern America
ampicillin,susceptible,== 8 mg/L,SAMN26304738,GCA_023894855.1,Escherichia,Escherichia coli,Escherichia coli,562,838866,Homo sapiens,SRS15360115,broth dilution,BD Phoenix,CLSI,ARO_3000637|https://www.ebi.ac.uk/ols4/ontologies/aro/classes/http%253A%252F%252Fpurl.obolibrary.org%252Fobo%252FARO_3000637,JAMETY010000014.1,33292,33726,+,GCA_023894855.1_01462,marR,marR_S3N,AMR,POINT,MULTIDRUG,AMPICILLIN/CHLORAMPHENICOL/QUINOLONE/RIFAMPIN/TETRACYCLINE,AMPICILLIN,POINTP,WP_000843414.1,transcriptional regulator MarR,100.00,97.92,,,Annotation|https://ftp.ebi.ac.uk/pub/databases/amr_portal/genomes/GCA/023/894/GCA_023894855.1,1.5.0,Fast,2020,,,urine,urinary tract,38.97,-77.03,,no,NCBI_antibiogram,United States of America,Americas,Northern America
ampicillin,resistant,> 16 mg/L,SAMN26304978,GCA_023894325.1,Escherichia,Escherichia coli,Escherichia coli,562,758299,Homo sapiens,SRS15352046,broth dilution,BD Phoenix,CLSI,ARO_3000637|https://www.ebi.ac.uk/ols4/ontologies/aro/classes/http%253A%252F%252Fpurl.obolibrary.org%252Fobo%252FARO_3000637,JAMELK010000013.1,42017,42451,+,GCA_023894325.1_01329,marR,marR_S3N,AMR,POINT,MULTIDRUG,AMPICILLIN/CHLORAMPHENICOL/QUINOLONE/RIFAMPIN/TETRACYCLINE,AMPICILLIN,POINTP,WP_000843414.1,transcriptional regulator MarR,100.00,97.92,,,Annotation|https://ftp.ebi.ac.uk/pub/databases/amr_portal/genomes/GCA/023/894/GCA_023894325.1,1.5.0,Fast,2020,,,urine,urinary tract,38.97,-77.03,,no,NCBI_antibiogram,United States of America,Americas,Northern America
ampicillin,susceptible,<= 4 mg/L,SAMN26305261,GCA_023894235.1,Escherichia,Escherichia coli,Escherichia coli,562,822214,Homo sapiens,SRS15358592,broth dilution,BD Phoenix,CLSI,ARO_3000637|https://www.ebi.ac.uk/ols4/ontologies/aro/classes/http%253A%252F%252Fpurl.obolibrary.org%252Fobo%252FARO_3000637,JAMELC010000046.1,24616,25050,-,GCA_023894235.1_04082,marR,marR_S3N,AMR,POINT,MULTIDRUG,AMPICILLIN/CHLORAMPHENICOL/QUINOLONE/RIFAMPIN/TETRACYCLINE,AMPICILLIN,POINTP,WP_000843414.1,transcriptional regulator MarR,100.00,97.92,,,Annotation|https://ftp.ebi.ac.uk/pub/databases/amr_portal/genomes/GCA/023/894/GCA_023894235.1,1.5.0,Fast,2020,,,urine,urinary tract,38.97,-77.03,,no,NCBI_antibiogram,United States of America,Americas,Northern America
ampicillin,resistant,> 16 mg/L,SAMN26309092,GCA_023894615.1,Escherichia,Escherichia coli,Escherichia coli,562,839100,Homo sapiens,SRS15359962,broth dilution,BD Phoenix,CLSI,ARO_3000637|https://www.ebi.ac.uk/ols4/ontologies/aro/classes/http%253A%252F%252Fpurl.obolibrary.org%252Fobo%252FARO_3000637,JAMERQ010000013.1,417708,418142,-,GCA_023894615.1_01397,marR,marR_S3N,AMR,POINT,MULTIDRUG,AMPICILLIN/CHLORAMPHENICOL/QUINOLONE/RIFAMPIN/TETRACYCLINE,AMPICILLIN,POINTP,WP_000843414.1,transcriptional regulator MarR,100.00,97.92,,,Annotation|https://ftp.ebi.ac.uk/pub/databases/amr_portal/genomes/GCA/023/894/GCA_023894615.1,1.5.0,Fast,2020,,,urine,urinary tract,38.97,-77.03,,no,NCBI_antibiogram,United States of America,Americas,Northern America
ampicillin,susceptible,<= 4 mg/L,SAMN26309260,GCA_023894505.1,Escherichia,Escherichia coli,Escherichia coli,562,838840,Homo sapiens,SRS15360113,broth dilution,BD Phoenix,CLSI,ARO_3000637|https://www.ebi.ac.uk/ols4/ontologies/aro/classes/http%253A%252F%252Fpurl.obolibrary.org%252Fobo%252FARO_3000637,JAMEMP010000006.1,9401,9835,-,GCA_023894505.1_01056,marR,marR_S3N,AMR,POINT,MULTIDRUG,AMPICILLIN/CHLORAMPHENICOL/QUINOLONE/RIFAMPIN/TETRACYCLINE,AMPICILLIN,POINTP,WP_000843414.1,transcriptional regulator MarR,100.00,97.92,,,Annotation|https://ftp.ebi.ac.uk/pub/databases/amr_portal/genomes/GCA/023/894/GCA_023894505.1,1.5.0,Fast,2020,,,urine,urinary tract,38.97,-77.03,,no,NCBI_antibiogram,United States of America,Americas,Northern America
ampicillin,resistant,> 16 mg/L,SAMN26304861,GCA_023894725.1,Escherichia,Escherichia coli,Escherichia coli,562,822474,Homo sapiens,SRS15358788,broth dilution,BD Phoenix,CLSI,ARO_3000637|https://www.ebi.ac.uk/ols4/ontologies/aro/classes/http%253A%252F%252Fpurl.obolibrary.org%252Fobo%252FARO_3000637,JAMERW010000013.1,63417,63851,-,GCA_023894725.1_01770,marR,marR_S3N,AMR,POINT,MULTIDRUG,AMPICILLIN/CHLORAMPHENICOL/QUINOLONE/RIFAMPIN/TETRACYCLINE,AMPICILLIN,POINTP,WP_000843414.1,transcriptional regulator MarR,100.00,97.92,,,Annotation|https://ftp.ebi.ac.uk/pub/databases/amr_portal/genomes/GCA/023/894/GCA_023894725.1,1.5.0,Fast,2020,,,urine,urinary tract,38.97,-77.03,,no,NCBI_antibiogram,United States of America,Americas,Northern America
ampicillin,resistant,> 16 mg/L,SAMN26304727,GCA_023894255.1,Escherichia,Escherichia coli,Escherichia coli,562,758329,Homo sapiens,SRS15352050,broth dilution,BD Phoenix,CLSI,ARO_3000637|https://www.ebi.ac.uk/ols4/ontologies/aro/classes/http%253A%252F%252Fpurl.obolibrary.org%252Fobo%252FARO_3000637,JAMELG010000032.1,72628,73062,-,GCA_023894255.1_01806,marR,marR_S3N,AMR,POINT,MULTIDRUG,AMPICILLIN/CHLORAMPHENICOL/QUINOLONE/RIFAMPIN/TETRACYCLINE,AMPICILLIN,POINTP,WP_000843414.1,transcriptional regulator MarR,100.00,97.92,,,Annotation|https://ftp.ebi.ac.uk/pub/databases/amr_portal/genomes/GCA/023/894/GCA_023894255.1,1.5.0,Fast,2020,,,urine,urinary tract,38.97,-77.03,,no,NCBI_antibiogram,United States of America,Americas,Northern America
ampicillin,susceptible,<= 4 mg/L,SAMN26305253,GCA_023894665.1,Escherichia,Escherichia coli,Escherichia coli,562,822150,Homo sapiens,SRS15358585,broth dilution,BD Phoenix,CLSI,ARO_3000637|https://www.ebi.ac.uk/ols4/ontologies/aro/classes/http%253A%252F%252Fpurl.obolibrary.org%252Fobo%252FARO_3000637,JAMERS010000043.1,36771,37205,+,GCA_023894665.1_04202,marR,marR_S3N,AMR,POINT,MULTIDRUG,AMPICILLIN/CHLORAMPHENICOL/QUINOLONE/RIFAMPIN/TETRACYCLINE,AMPICILLIN,POINTP,WP_000843414.1,transcriptional regulator MarR,100.00,97.92,,,Annotation|https://ftp.ebi.ac.uk/pub/databases/amr_portal/genomes/GCA/023/894/GCA_023894665.1,1.5.0,Fast,2020,,,urine,urinary tract,38.97,-77.03,,no,NCBI_antibiogram,United States of America,Americas,Northern America
ampicillin,susceptible,<= 4 mg/L,SAMN26309253,GCA_023894675.1,Escherichia,Escherichia coli,Escherichia coli,562,821752,Homo sapiens,SRS15358670,broth dilution,BD Phoenix,CLSI,ARO_3000637|https://www.ebi.ac.uk/ols4/ontologies/aro/classes/http%253A%252F%252Fpurl.obolibrary.org%252Fobo%252FARO_3000637,JAMERT010000022.1,27409,27843,+,GCA_023894675.1_01955,marR,marR_S3N,AMR,POINT,MULTIDRUG,AMPICILLIN/CHLORAMPHENICOL/QUINOLONE/RIFAMPIN/TETRACYCLINE,AMPICILLIN,POINTP,WP_000843414.1,transcriptional regulator MarR,100.00,97.92,,,Annotation|https://ftp.ebi.ac.uk/pub/databases/amr_portal/genomes/GCA/023/894/GCA_023894675.1,1.5.0,Fast,2020,,,urine,urinary tract,38.97,-77.03,,no,NCBI_antibiogram,United States of America,Americas,Northern America
ampicillin,susceptible,<= 4 mg/L,SAMN26304969,GCA_023894785.1,Escherichia,Escherichia coli,Escherichia coli,562,822408,Homo sapiens,SRS15358782,broth dilution,BD Phoenix,CLSI,ARO_3000637|https://www.ebi.ac.uk/ols4/ontologies/aro/classes/http%253A%252F%252Fpurl.obolibrary.org%252Fobo%252FARO_3000637,JAMETM010000012.1,72616,73050,-,GCA_023894785.1_01569,marR,marR_S3N,AMR,POINT,MULTIDRUG,AMPICILLIN/CHLORAMPHENICOL/QUINOLONE/RIFAMPIN/TETRACYCLINE,AMPICILLIN,POINTP,WP_000843414.1,transcriptional regulator MarR,100.00,97.92,,,Annotation|https://ftp.ebi.ac.uk/pub/databases/amr_portal/genomes/GCA/023/894/GCA_023894785.1,1.5.0,Fast,2020,,,urine,urinary tract,38.97,-77.03,,no,NCBI_antibiogram,United States of America,Americas,Northern America
ampicillin,susceptible,<= 4 mg/L,SAMN26308980,GCA_023894155.1,Escherichia,Escherichia coli,Escherichia coli,562,821710,Homo sapiens,SRS15358665,broth dilution,BD Phoenix,CLSI,ARO_3000637|https://www.ebi.ac.uk/ols4/ontologies/aro/classes/http%253A%252F%252Fpurl.obolibrary.org%252Fobo%252FARO_3000637,JAMELA010000017.1,409588,410022,-,GCA_023894155.1_02770,marR,marR_S3N,AMR,POINT,MULTIDRUG,AMPICILLIN/CHLORAMPHENICOL/QUINOLONE/RIFAMPIN/TETRACYCLINE,AMPICILLIN,POINTP,WP_000843414.1,transcriptional regulator MarR,100.00,97.92,,,Annotation|https://ftp.ebi.ac.uk/pub/databases/amr_portal/genomes/GCA/023/894/GCA_023894155.1,1.5.0,Fast,2020,,,urine,urinary tract,38.97,-77.03,,no,NCBI_antibiogram,United States of America,Americas,Northern America
ampicillin,susceptible,<= 4 mg/L,SAMN26304807,GCA_023894585.1,Escherichia,Escherichia coli,Escherichia coli,562,839150,Homo sapiens,SRS15359968,broth dilution,BD Phoenix,CLSI,ARO_3000637|https://www.ebi.ac.uk/ols4/ontologies/aro/classes/http%253A%252F%252Fpurl.obolibrary.org%252Fobo%252FARO_3000637,JAMERR010000004.1,63418,63852,-,GCA_023894585.1_01189,marR,marR_S3N,AMR,POINT,MULTIDRUG,AMPICILLIN/CHLORAMPHENICOL/QUINOLONE/RIFAMPIN/TETRACYCLINE,AMPICILLIN,POINTP,WP_000843414.1,transcriptional regulator MarR,100.00,97.92,,,Annotation|https://ftp.ebi.ac.uk/pub/databases/amr_portal/genomes/GCA/023/894/GCA_023894585.1,1.5.0,Fast,2020,,,urine,urinary tract,38.97,-77.03,,no,NCBI_antibiogram,United States of America,Americas,Northern America
ampicillin,susceptible,<= 4 mg/L,SAMN26309193,GCA_023894815.1,Escherichia,Escherichia coli,Escherichia coli,562,838710,Homo sapiens,SRS15360099,broth dilution,BD Phoenix,CLSI,ARO_3000637|https://www.ebi.ac.uk/ols4/ontologies/aro/classes/http%253A%252F%252Fpurl.obolibrary.org%252Fobo%252FARO_3000637,JAMERY010000002.1,231225,231659,-,GCA_023894815.1_00454,marR,marR_S3N,AMR,POINT,MULTIDRUG,AMPICILLIN/CHLORAMPHENICOL/QUINOLONE/RIFAMPIN/TETRACYCLINE,AMPICILLIN,POINTP,WP_000843414.1,transcriptional regulator MarR,100.00,97.92,,,Annotation|https://ftp.ebi.ac.uk/pub/databases/amr_portal/genomes/GCA/023/894/GCA_023894815.1,1.5.0,Fast,2020,,,urine,urinary tract,38.97,-77.03,,no,NCBI_antibiogram,United States of America,Americas,Northern America
ampicillin,susceptible,<= 4 mg/L,SAMN26304515,GCA_023894545.1,Escherichia,Escherichia coli,Escherichia coli,562,734781,Homo sapiens,SRS15348261,broth dilution,BD Phoenix,CLSI,ARO_3000637|https://www.ebi.ac.uk/ols4/ontologies/aro/classes/http%253A%252F%252Fpurl.obolibrary.org%252Fobo%252FARO_3000637,JAMENK010000015.1,14519,14953,+,GCA_023894545.1_01283,marR,marR_S3N,AMR,POINT,MULTIDRUG,AMPICILLIN/CHLORAMPHENICOL/QUINOLONE/RIFAMPIN/TETRACYCLINE,AMPICILLIN,POINTP,WP_000843414.1,transcriptional regulator MarR,100.00,97.92,,,Annotation|https://ftp.ebi.ac.uk/pub/databases/amr_portal/genomes/GCA/023/894/GCA_023894545.1,1.5.0,Fast,2019,,,urine,urinary tract,38.97,-77.03,,no,NCBI_antibiogram,United States of America,Americas,Northern America
ampicillin,resistant,> 16 mg/L,SAMN26305004,GCA_023894745.1,Escherichia,Escherichia coli,Escherichia coli,562,838752,Homo sapiens,SRS15360103,broth dilution,BD Phoenix,CLSI,ARO_3000637|https://www.ebi.ac.uk/ols4/ontologies/aro/classes/http%253A%252F%252Fpurl.obolibrary.org%252Fobo%252FARO_3000637,JAMERX010000055.1,25522,25956,-,GCA_023894745.1_04182,marR,marR_S3N,AMR,POINT,MULTIDRUG,AMPICILLIN/CHLORAMPHENICOL/QUINOLONE/RIFAMPIN/TETRACYCLINE,AMPICILLIN,POINTP,WP_000843414.1,transcriptional regulator MarR,100.00,97.92,,,Annotation|https://ftp.ebi.ac.uk/pub/databases/amr_portal/genomes/GCA/023/894/GCA_023894745.1,1.5.0,Fast,2020,,,urine,urinary tract,38.97,-77.03,,no,NCBI_antibiogram,United States of America,Americas,Northern America
ampicillin,resistant,> 16 mg/L,SAMN26308992,GCA_023894375.1,Escherichia,Escherichia coli,Escherichia coli,562,704945,Homo sapiens,SRS15339727,broth dilution,BD Phoenix,CLSI,ARO_3000637|https://www.ebi.ac.uk/ols4/ontologies/aro/classes/http%253A%252F%252Fpurl.obolibrary.org%252Fobo%252FARO_3000637,JAMEMG010000040.1,65938,66261,-,GCA_023894375.1_02675,soxS,soxS_A12S,AMR,POINT,MULTIDRUG,AMPICILLIN/CHLORAMPHENICOL/QUINOLONE/RIFAMPIN/TETRACYCLINE,AMPICILLIN,POINTP,WP_000019358.1,regulatory protein SoxS,100.00,99.07,,,Annotation|https://ftp.ebi.ac.uk/pub/databases/amr_portal/genomes/GCA/023/894/GCA_023894375.1,1.5.0,Fast,2019,,,wound,skin or soft tissue,38.97,-77.03,,no,NCBI_antibiogram,United States of America,Americas,Northern America
ampicillin,susceptible,<= 4 mg/L,SAMN26304806,GCA_023894445.1,Escherichia,Escherichia coli,Escherichia coli,562,838728,Homo sapiens,SRS15360100,broth dilution,BD Phoenix,CLSI,ARO_3000637|https://www.ebi.ac.uk/ols4/ontologies/aro/classes/http%253A%252F%252Fpurl.obolibrary.org%252Fobo%252FARO_3000637,JAMEML010000011.1,63438,63872,-,GCA_023894445.1_01742,marR,marR_S3N,AMR,POINT,MULTIDRUG,AMPICILLIN/CHLORAMPHENICOL/QUINOLONE/RIFAMPIN/TETRACYCLINE,AMPICILLIN,POINTP,WP_000843414.1,transcriptional regulator MarR,100.00,97.92,,,Annotation|https://ftp.ebi.ac.uk/pub/databases/amr_portal/genomes/GCA/023/894/GCA_023894445.1,1.5.0,Fast,2020,,,urine,urinary tract,38.97,-77.03,,no,NCBI_antibiogram,United States of America,Americas,Northern America
ampicillin,resistant,> 16 mg/L,SAMN26309254,GCA_023894975.1,Escherichia,Escherichia coli,Escherichia coli,562,824220,Homo sapiens,SRS15360135,broth dilution,BD Phoenix,CLSI,ARO_3000637|https://www.ebi.ac.uk/ols4/ontologies/aro/classes/http%253A%252F%252Fpurl.obolibrary.org%252Fobo%252FARO_3000637,JAMEUK010000001.1,27410,27844,+,GCA_023894975.1_00027,marR,marR_S3N,AMR,POINT,MULTIDRUG,AMPICILLIN/CHLORAMPHENICOL/QUINOLONE/RIFAMPIN/TETRACYCLINE,AMPICILLIN,POINTP,WP_000843414.1,transcriptional regulator MarR,100.00,97.92,,,Annotation|https://ftp.ebi.ac.uk/pub/databases/amr_portal/genomes/GCA/023/894/GCA_023894975.1,1.5.0,Fast,2020,,,urine,urinary tract,38.97,-77.03,,no,NCBI_antibiogram,United States of America,Americas,Northern America
ampicillin,susceptible,<= 4 mg/L,SAMN26308691,GCA_023890665.1,Escherichia,Escherichia coli,Escherichia coli,562,838874,Homo sapiens,SRS15360116,broth dilution,BD Phoenix,CLSI,ARO_3000637|https://www.ebi.ac.uk/ols4/ontologies/aro/classes/http%253A%252F%252Fpurl.obolibrary.org%252Fobo%252FARO_3000637,JAMERB010000017.1,255741,256175,-,GCA_023890665.1_02783,marR,marR_S3N,AMR,POINT,MULTIDRUG,AMPICILLIN/CHLORAMPHENICOL/QUINOLONE/RIFAMPIN/TETRACYCLINE,AMPICILLIN,POINTP,WP_000843414.1,transcriptional regulator MarR,100.00,97.92,,,Annotation|https://ftp.ebi.ac.uk/pub/databases/amr_portal/genomes/GCA/023/890/GCA_023890665.1,1.5.0,Fast,2020,,,urine,urinary tract,38.97,-77.03,,no,NCBI_antibiogram,United States of America,Americas,Northern America
ampicillin,susceptible,<= 4 mg/L,SAMN26309086,GCA_023890705.1,Escherichia,Escherichia coli,Escherichia coli,562,837774,Homo sapiens,SRS15360028,broth dilution,BD Phoenix,CLSI,ARO_3000637|https://www.ebi.ac.uk/ols4/ontologies/aro/classes/http%253A%252F%252Fpurl.obolibrary.org%252Fobo%252FARO_3000637,JAMERC010000007.1,13231,13665,+,GCA_023890705.1_00802,marR,marR_S3N,AMR,POINT,MULTIDRUG,AMPICILLIN/CHLORAMPHENICOL/QUINOLONE/RIFAMPIN/TETRACYCLINE,AMPICILLIN,POINTP,WP_000843414.1,transcriptional regulator MarR,100.00,97.92,,,Annotation|https://ftp.ebi.ac.uk/pub/databases/amr_portal/genomes/GCA/023/890/GCA_023890705.1,1.5.0,Fast,2020,,,urine,urinary tract,38.97,-77.03,,no,NCBI_antibiogram,United States of America,Americas,Northern America
ampicillin,susceptible,<= 4 mg/L,SAMN26308975,GCA_023890945.1,Escherichia,Escherichia coli,Escherichia coli,562,781999,Homo sapiens,SRS15357595,broth dilution,BD Phoenix,CLSI,ARO_3000637|https://www.ebi.ac.uk/ols4/ontologies/aro/classes/http%253A%252F%252Fpurl.obolibrary.org%252Fobo%252FARO_3000637,JAMENU010000014.1,409709,410143,-,GCA_023890945.1_03206,marR,marR_S3N,AMR,POINT,MULTIDRUG,AMPICILLIN/CHLORAMPHENICOL/QUINOLONE/RIFAMPIN/TETRACYCLINE,AMPICILLIN,POINTP,WP_000843414.1,transcriptional regulator MarR,100.00,97.92,,,Annotation|https://ftp.ebi.ac.uk/pub/databases/amr_portal/genomes/GCA/023/890/GCA_023890945.1,1.5.0,Fast,2020,,,urine,urinary tract,38.97,-77.03,,no,NCBI_antibiogram,United States of America,Americas,Northern America
ampicillin,susceptible,<= 4 mg/L,SAMN26308575,GCA_023890685.1,Escherichia,Escherichia coli,Escherichia coli,562,839206,Homo sapiens,SRS15359973,broth dilution,BD Phoenix,CLSI,ARO_3000637|https://www.ebi.ac.uk/ols4/ontologies/aro/classes/http%253A%252F%252Fpurl.obolibrary.org%252Fobo%252FARO_3000637,JAMEQB010000012.1,13342,13776,+,GCA_023890685.1_01159,marR,marR_S3N,AMR,POINT,MULTIDRUG,AMPICILLIN/CHLORAMPHENICOL/QUINOLONE/RIFAMPIN/TETRACYCLINE,AMPICILLIN,POINTP,WP_000843414.1,transcriptional regulator MarR,100.00,97.92,,,Annotation|https://ftp.ebi.ac.uk/pub/databases/amr_portal/genomes/GCA/023/890/GCA_023890685.1,1.5.0,Fast,2020,,,urine,urinary tract,38.97,-77.03,,no,NCBI_antibiogram,United States of America,Americas,Northern America
ampicillin,susceptible,<= 4 mg/L,SAMN26305268,GCA_023890145.1,Escherichia,Escherichia coli,Escherichia coli,562,822328,Homo sapiens,SRS15358772,broth dilution,BD Phoenix,CLSI,ARO_3000637|https://www.ebi.ac.uk/ols4/ontologies/aro/classes/http%253A%252F%252Fpurl.obolibrary.org%252Fobo%252FARO_3000637,JAMENE010000009.1,72616,73050,-,GCA_023890145.1_01834,marR,marR_S3N,AMR,POINT,MULTIDRUG,AMPICILLIN/CHLORAMPHENICOL/QUINOLONE/RIFAMPIN/TETRACYCLINE,AMPICILLIN,POINTP,WP_000843414.1,transcriptional regulator MarR,100.00,97.92,,,Annotation|https://ftp.ebi.ac.uk/pub/databases/amr_portal/genomes/GCA/023/890/GCA_023890145.1,1.5.0,Fast,2020,,,urine,urinary tract,38.97,-77.03,,no,NCBI_antibiogram,United States of America,Americas,Northern America
ampicillin,susceptible,<= 4 mg/L,SAMN26309200,GCA_023890185.1,Escherichia,Escherichia coli,Escherichia coli,562,838488,Homo sapiens,SRS15360073,broth dilution,BD Phoenix,CLSI,ARO_3000637|https://www.ebi.ac.uk/ols4/ontologies/aro/classes/http%253A%252F%252Fpurl.obolibrary.org%252Fobo%252FARO_3000637,JAMENF010000013.1,9401,9835,-,GCA_023890185.1_01116,marR,marR_S3N,AMR,POINT,MULTIDRUG,AMPICILLIN/CHLORAMPHENICOL/QUINOLONE/RIFAMPIN/TETRACYCLINE,AMPICILLIN,POINTP,WP_000843414.1,transcriptional regulator MarR,100.00,97.92,,,Annotation|https://ftp.ebi.ac.uk/pub/databases/amr_portal/genomes/GCA/023/890/GCA_023890185.1,1.5.0,Fast,2020,,,blood,blood,38.97,-77.03,,no,NCBI_antibiogram,United States of America,Americas,Northern America
ampicillin,susceptible,<= 4 mg/L,SAMN26308622,GCA_023890265.1,Escherichia,Escherichia coli,Escherichia coli,562,757833,Homo sapiens,SRS15351932,broth dilution,BD Phoenix,CLSI,ARO_3000637|https://www.ebi.ac.uk/ols4/ontologies/aro/classes/http%253A%252F%252Fpurl.obolibrary.org%252Fobo%252FARO_3000637,JAMENP010000025.1,17858,18292,+,GCA_023890265.1_01644,marR,marR_S3N,AMR,POINT,MULTIDRUG,AMPICILLIN/CHLORAMPHENICOL/QUINOLONE/RIFAMPIN/TETRACYCLINE,AMPICILLIN,POINTP,WP_000843414.1,transcriptional regulator MarR,100.00,97.92,,,Annotation|https://ftp.ebi.ac.uk/pub/databases/amr_portal/genomes/GCA/023/890/GCA_023890265.1,1.5.0,Fast,2020,,,urine,urinary tract,38.97,-77.03,,no,NCBI_antibiogram,United States of America,Americas,Northern America
ampicillin,resistant,> 16 mg/L,SAMN26309198,GCA_023890985.1,Escherichia,Escherichia coli,Escherichia coli,562,838462,Homo sapiens,SRS15360071,broth dilution,BD Phoenix,CLSI,ARO_3000637|https://www.ebi.ac.uk/ols4/ontologies/aro/classes/http%253A%252F%252Fpurl.obolibrary.org%252Fobo%252FARO_3000637,JAMENV010000005.1,9403,9837,-,GCA_023890985.1_01016,marR,marR_S3N,AMR,POINT,MULTIDRUG,AMPICILLIN/CHLORAMPHENICOL/QUINOLONE/RIFAMPIN/TETRACYCLINE,AMPICILLIN,POINTP,WP_000843414.1,transcriptional regulator MarR,100.00,97.92,,,Annotation|https://ftp.ebi.ac.uk/pub/databases/amr_portal/genomes/GCA/023/890/GCA_023890985.1,1.5.0,Fast,2020,,,urine,urinary tract,38.97,-77.03,,no,NCBI_antibiogram,United States of America,Americas,Northern America
ampicillin,resistant,> 16 mg/L,SAMN26304569,GCA_023890395.1,Escherichia,Escherichia coli,Escherichia coli,562,824326,Homo sapiens,SRS15360146,broth dilution,BD Phoenix,CLSI,ARO_3000637|https://www.ebi.ac.uk/ols4/ontologies/aro/classes/http%253A%252F%252Fpurl.obolibrary.org%252Fobo%252FARO_3000637,JAMEOC010000006.1,29146,29580,+,GCA_023890395.1_00593,marR,marR_R77C,AMR,POINT,MULTIDRUG,AMPICILLIN/CHLORAMPHENICOL/QUINOLONE/RIFAMPIN/TETRACYCLINE,AMPICILLIN,POINTP,WP_000843414.1,transcriptional regulator MarR,100.00,97.92,,,Annotation|https://ftp.ebi.ac.uk/pub/databases/amr_portal/genomes/GCA/023/890/GCA_023890395.1,1.5.0,Fast,2020,,,urine,urinary tract,38.97,-77.03,,no,NCBI_antibiogram,United States of America,Americas,Northern America
ampicillin,susceptible,<= 4 mg/L,SAMN26309102,GCA_023890125.1,Escherichia,Escherichia coli,Escherichia coli,562,709479,Homo sapiens,SRS15339885,broth dilution,BD Phoenix,CLSI,ARO_3000637|https://www.ebi.ac.uk/ols4/ontologies/aro/classes/http%253A%252F%252Fpurl.obolibrary.org%252Fobo%252FARO_3000637,JAMEND010000022.1,63449,63883,-,GCA_023890125.1_01745,marR,marR_S3N,AMR,POINT,MULTIDRUG,AMPICILLIN/CHLORAMPHENICOL/QUINOLONE/RIFAMPIN/TETRACYCLINE,AMPICILLIN,POINTP,WP_000843414.1,transcriptional regulator MarR,100.00,97.92,,,Annotation|https://ftp.ebi.ac.uk/pub/databases/amr_portal/genomes/GCA/023/890/GCA_023890125.1,1.5.0,Fast,2019,,,urine,urinary tract,38.97,-77.03,,no,NCBI_antibiogram,United States of America,Americas,Northern America
ampicillin,susceptible,<= 4 mg/L,SAMN26305252,GCA_023890745.1,Escherichia,Escherichia coli,Escherichia coli,562,822142,Homo sapiens,SRS15358584,broth dilution,BD Phoenix,CLSI,ARO_3000637|https://www.ebi.ac.uk/ols4/ontologies/aro/classes/http%253A%252F%252Fpurl.obolibrary.org%252Fobo%252FARO_3000637,JAMEUN010000020.1,72616,73050,-,GCA_023890745.1_02622,marR,marR_S3N,AMR,POINT,MULTIDRUG,AMPICILLIN/CHLORAMPHENICOL/QUINOLONE/RIFAMPIN/TETRACYCLINE,AMPICILLIN,POINTP,WP_000843414.1,transcriptional regulator MarR,100.00,97.92,,,Annotation|https://ftp.ebi.ac.uk/pub/databases/amr_portal/genomes/GCA/023/890/GCA_023890745.1,1.5.0,Fast,2020,,,urine,urinary tract,38.97,-77.03,,no,NCBI_antibiogram,United States of America,Americas,Northern America
ampicillin,susceptible,<= 4 mg/L,SAMN26309124,GCA_023890525.1,Escherichia,Escherichia coli,Escherichia coli,562,758433,Homo sapiens,SRS15355747,broth dilution,BD Phoenix,CLSI,ARO_3000637|https://www.ebi.ac.uk/ols4/ontologies/aro/classes/http%253A%252F%252Fpurl.obolibrary.org%252Fobo%252FARO_3000637,JAMEOX010000053.1,25327,25761,-,GCA_023890525.1_04261,marR,marR_S3N,AMR,POINT,MULTIDRUG,AMPICILLIN/CHLORAMPHENICOL/QUINOLONE/RIFAMPIN/TETRACYCLINE,AMPICILLIN,POINTP,WP_000843414.1,transcriptional regulator MarR,100.00,97.92,,,Annotation|https://ftp.ebi.ac.uk/pub/databases/amr_portal/genomes/GCA/023/890/GCA_023890525.1,1.5.0,Fast,2020,,,urine,urinary tract,38.97,-77.03,,no,NCBI_antibiogram,United States of America,Americas,Northern America
ampicillin,resistant,> 16 mg/L,SAMN26309259,GCA_023882725.1,Escherichia,Escherichia coli,Escherichia coli,562,836704,Homo sapiens,SRS15360015,broth dilution,BD Phoenix,CLSI,ARO_3000637|https://www.ebi.ac.uk/ols4/ontologies/aro/classes/http%253A%252F%252Fpurl.obolibrary.org%252Fobo%252FARO_3000637,JAKYFR010000010.1,9403,9837,-,GCA_023882725.1_00990,marR,marR_S3N,AMR,POINT,MULTIDRUG,AMPICILLIN/CHLORAMPHENICOL/QUINOLONE/RIFAMPIN/TETRACYCLINE,AMPICILLIN,POINTP,WP_000843414.1,transcriptional regulator MarR,100.00,97.92,,,Annotation|https://ftp.ebi.ac.uk/pub/databases/amr_portal/genomes/GCA/023/882/GCA_023882725.1,1.5.0,Fast,2020,,,urine,urinary tract,38.97,-77.03,,no,NCBI_antibiogram,United States of America,Americas,Northern America
ampicillin,susceptible,<= 4 mg/L,SAMN26308971,GCA_023882425.1,Escherichia,Escherichia coli,Escherichia coli,562,749977,Homo sapiens,SRS15351980,broth dilution,BD Phoenix,CLSI,ARO_3000637|https://www.ebi.ac.uk/ols4/ontologies/aro/classes/http%253A%252F%252Fpurl.obolibrary.org%252Fobo%252FARO_3000637,JAKYFD010000023.1,67307,67741,-,GCA_023882425.1_02937,marR,marR_S3N,AMR,POINT,MULTIDRUG,AMPICILLIN/CHLORAMPHENICOL/QUINOLONE/RIFAMPIN/TETRACYCLINE,AMPICILLIN,POINTP,WP_000843414.1,transcriptional regulator MarR,100.00,97.92,,,Annotation|https://ftp.ebi.ac.uk/pub/databases/amr_portal/genomes/GCA/023/882/GCA_023882425.1,1.5.0,Fast,2020,,,urine,urinary tract,38.97,-77.03,,no,NCBI_antibiogram,United States of America,Americas,Northern America
ampicillin,susceptible,<= 4 mg/L,SAMN26309328,GCA_023882045.1,Escherichia,Escherichia coli,Escherichia coli,562,709155,Homo sapiens,SRS15339811,broth dilution,BD Phoenix,CLSI,ARO_3000637|https://www.ebi.ac.uk/ols4/ontologies/aro/classes/http%253A%252F%252Fpurl.obolibrary.org%252Fobo%252FARO_3000637,JAKYEC010000001.1,35492,35926,+,GCA_023882045.1_00034,marR,marR_S3N,AMR,POINT,MULTIDRUG,AMPICILLIN/CHLORAMPHENICOL/QUINOLONE/RIFAMPIN/TETRACYCLINE,AMPICILLIN,POINTP,WP_000843414.1,transcriptional regulator MarR,100.00,97.92,,,Annotation|https://ftp.ebi.ac.uk/pub/databases/amr_portal/genomes/GCA/023/882/GCA_023882045.1,1.5.0,Fast,2019,,,urine,urinary tract,38.97,-77.03,,no,NCBI_antibiogram,United States of America,Americas,Northern America
ampicillin,resistant,> 16 mg/L,SAMN26305123,GCA_023882235.1,Escherichia,Escherichia coli,Escherichia coli,562,758627,Homo sapiens,SRS15355759,broth dilution,BD Phoenix,CLSI,ARO_3000637|https://www.ebi.ac.uk/ols4/ontologies/aro/classes/http%253A%252F%252Fpurl.obolibrary.org%252Fobo%252FARO_3000637,JAKYEN010000021.1,13248,13682,+,GCA_023882235.1_01150,marR,marR_S3N,AMR,POINT,MULTIDRUG,AMPICILLIN/CHLORAMPHENICOL/QUINOLONE/RIFAMPIN/TETRACYCLINE,AMPICILLIN,POINTP,WP_000843414.1,transcriptional regulator MarR,100.00,97.92,,,Annotation|https://ftp.ebi.ac.uk/pub/databases/amr_portal/genomes/GCA/023/882/GCA_023882235.1,1.5.0,Fast,2020,,,perirectal,skin or soft tissue,38.97,-77.03,,no,NCBI_antibiogram,United States of America,Americas,Northern America
ampicillin,susceptible,<= 4 mg/L,SAMN26304778,GCA_023882445.1,Escherichia,Escherichia coli,Escherichia coli,562,793907,Homo sapiens,SRS15357620,broth dilution,BD Phoenix,CLSI,ARO_3000637|https://www.ebi.ac.uk/ols4/ontologies/aro/classes/http%253A%252F%252Fpurl.obolibrary.org%252Fobo%252FARO_3000637,JAKYFC010000018.1,36140,36574,+,GCA_023882445.1_02805,marR,marR_S3N,AMR,POINT,MULTIDRUG,AMPICILLIN/CHLORAMPHENICOL/QUINOLONE/RIFAMPIN/TETRACYCLINE,AMPICILLIN,POINTP,WP_000843414.1,transcriptional regulator MarR,100.00,97.92,,,Annotation|https://ftp.ebi.ac.uk/pub/databases/amr_portal/genomes/GCA/023/882/GCA_023882445.1,1.5.0,Fast,2020,,,urine,urinary tract,38.97,-77.03,,no,NCBI_antibiogram,United States of America,Americas,Northern America
ampicillin,susceptible,<= 4 mg/L,SAMN26305234,GCA_023882405.1,Escherichia,Escherichia coli,Escherichia coli,562,758571,Homo sapiens,SRS15355663,broth dilution,BD Phoenix,CLSI,ARO_3000637|https://www.ebi.ac.uk/ols4/ontologies/aro/classes/http%253A%252F%252Fpurl.obolibrary.org%252Fobo%252FARO_3000637,JAKYFB010000020.1,72617,73051,-,GCA_023882405.1_02655,marR,marR_S3N,AMR,POINT,MULTIDRUG,AMPICILLIN/CHLORAMPHENICOL/QUINOLONE/RIFAMPIN/TETRACYCLINE,AMPICILLIN,POINTP,WP_000843414.1,transcriptional regulator MarR,100.00,97.92,,,Annotation|https://ftp.ebi.ac.uk/pub/databases/amr_portal/genomes/GCA/023/882/GCA_023882405.1,1.5.0,Fast,2020,,,urine,urinary tract,38.97,-77.03,,no,NCBI_antibiogram,United States of America,Americas,Northern America
ampicillin,susceptible,<= 4 mg/L,SAMN26305218,GCA_023882835.1,Escherichia,Escherichia coli,Escherichia coli,562,698070,Homo sapiens,SRS15339745,broth dilution,BD Phoenix,CLSI,ARO_3000637|https://www.ebi.ac.uk/ols4/ontologies/aro/classes/http%253A%252F%252Fpurl.obolibrary.org%252Fobo%252FARO_3000637,JAKYFW010000023.1,36771,37205,+,GCA_023882835.1_02293,marR,marR_S3N,AMR,POINT,MULTIDRUG,AMPICILLIN/CHLORAMPHENICOL/QUINOLONE/RIFAMPIN/TETRACYCLINE,AMPICILLIN,POINTP,WP_000843414.1,transcriptional regulator MarR,100.00,97.92,,,Annotation|https://ftp.ebi.ac.uk/pub/databases/amr_portal/genomes/GCA/023/882/GCA_023882835.1,1.5.0,Fast,2019,,,urine,urinary tract,38.97,-77.03,,no,NCBI_antibiogram,United States of America,Americas,Northern America
ampicillin,susceptible,<= 4 mg/L,SAMN26304421,GCA_023882485.1,Escherichia,Escherichia coli,Escherichia coli,562,735059,Homo sapiens,SRS15348335,broth dilution,BD Phoenix,CLSI,ARO_3000637|https://www.ebi.ac.uk/ols4/ontologies/aro/classes/http%253A%252F%252Fpurl.obolibrary.org%252Fobo%252FARO_3000637,JAKYFF010000018.1,36140,36574,+,GCA_023882485.1_01829,marR,marR_S3N,AMR,POINT,MULTIDRUG,AMPICILLIN/CHLORAMPHENICOL/QUINOLONE/RIFAMPIN/TETRACYCLINE,AMPICILLIN,POINTP,WP_000843414.1,transcriptional regulator MarR,100.00,97.92,,,Annotation|https://ftp.ebi.ac.uk/pub/databases/amr_portal/genomes/GCA/023/882/GCA_023882485.1,1.5.0,Fast,2019,,,urine,urinary tract,38.97,-77.03,,no,NCBI_antibiogram,United States of America,Americas,Northern America
ampicillin,resistant,> 16 mg/L,SAMN26308833,GCA_023882335.1,Escherichia,Escherichia coli,Escherichia coli,562,757875,Homo sapiens,SRS15352160,broth dilution,BD Phoenix,CLSI,ARO_3000637|https://www.ebi.ac.uk/ols4/ontologies/aro/classes/http%253A%252F%252Fpurl.obolibrary.org%252Fobo%252FARO_3000637,JAKYEX010000013.1,18471,18935,-,GCA_023882335.1_00773,soxR,soxR_G121D,AMR,POINT,MULTIDRUG,AMPICILLIN/CHLORAMPHENICOL/QUINOLONE/RIFAMPIN/TETRACYCLINE,AMPICILLIN,POINTP,WP_000412428.1,redox-sensitive transcriptional activator SoxR,100.00,98.70,,,Annotation|https://ftp.ebi.ac.uk/pub/databases/amr_portal/genomes/GCA/023/882/GCA_023882335.1,1.5.0,Fast,2020,,,wound,skin or soft tissue,38.97,-77.03,,no,NCBI_antibiogram,United States of America,Americas,Northern America
ampicillin,susceptible,<= 4 mg/L,SAMN26304363,GCA_023882545.1,Escherichia,Escherichia coli,Escherichia coli,562,758967,Homo sapiens,SRS15355653,broth dilution,BD Phoenix,CLSI,ARO_3000637|https://www.ebi.ac.uk/ols4/ontologies/aro/classes/http%253A%252F%252Fpurl.obolibrary.org%252Fobo%252FARO_3000637,JAKYFH010000017.1,72616,73050,-,GCA_023882545.1_01939,marR,marR_S3N,AMR,POINT,MULTIDRUG,AMPICILLIN/CHLORAMPHENICOL/QUINOLONE/RIFAMPIN/TETRACYCLINE,AMPICILLIN,POINTP,WP_000843414.1,transcriptional regulator MarR,100.00,97.92,,,Annotation|https://ftp.ebi.ac.uk/pub/databases/amr_portal/genomes/GCA/023/882/GCA_023882545.1,1.5.0,Fast,2020,,,urine,urinary tract,38.97,-77.03,,no,NCBI_antibiogram,United States of America,Americas,Northern America
ampicillin,resistant,> 16 mg/L,SAMN26304523,GCA_023882085.1,Escherichia,Escherichia coli,Escherichia coli,562,768241,Homo sapiens,SRS15355615,broth dilution,BD Phoenix,CLSI,ARO_3000637|https://www.ebi.ac.uk/ols4/ontologies/aro/classes/http%253A%252F%252Fpurl.obolibrary.org%252Fobo%252FARO_3000637,JAKYEI010000073.1,14759,15193,-,GCA_023882085.1_04553,marR,marR_S3N,AMR,POINT,MULTIDRUG,AMPICILLIN/CHLORAMPHENICOL/QUINOLONE/RIFAMPIN/TETRACYCLINE,AMPICILLIN,POINTP,WP_000843414.1,transcriptional regulator MarR,100.00,97.92,,,Annotation|https://ftp.ebi.ac.uk/pub/databases/amr_portal/genomes/GCA/023/882/GCA_023882085.1,1.5.0,Fast,2020,,,urine,urinary tract,38.97,-77.03,,no,NCBI_antibiogram,United States of America,Americas,Northern America
ampicillin,resistant,> 16 mg/L,SAMN26305262,GCA_023882825.1,Escherichia,Escherichia coli,Escherichia coli,562,735437,Homo sapiens,SRS15348409,broth dilution,BD Phoenix,CLSI,ARO_3000637|https://www.ebi.ac.uk/ols4/ontologies/aro/classes/http%253A%252F%252Fpurl.obolibrary.org%252Fobo%252FARO_3000637,JAKYFX010000022.1,36770,37204,+,GCA_023882825.1_02594,marR,marR_S3N,AMR,POINT,MULTIDRUG,AMPICILLIN/CHLORAMPHENICOL/QUINOLONE/RIFAMPIN/TETRACYCLINE,AMPICILLIN,POINTP,WP_000843414.1,transcriptional regulator MarR,100.00,97.92,,,Annotation|https://ftp.ebi.ac.uk/pub/databases/amr_portal/genomes/GCA/023/882/GCA_023882825.1,1.5.0,Fast,2019,,,urine,urinary tract,38.97,-77.03,,no,NCBI_antibiogram,United States of America,Americas,Northern America
ampicillin,susceptible,<= 4 mg/L,SAMN26304320,GCA_023882875.1,Escherichia,Escherichia coli,Escherichia coli,562,767965,Homo sapiens,SRS15355753,broth dilution,BD Phoenix,CLSI,ARO_3000637|https://www.ebi.ac.uk/ols4/ontologies/aro/classes/http%253A%252F%252Fpurl.obolibrary.org%252Fobo%252FARO_3000637,JAKYFY010000011.1,72616,73050,-,GCA_023882875.1_01515,marR,marR_S3N,AMR,POINT,MULTIDRUG,AMPICILLIN/CHLORAMPHENICOL/QUINOLONE/RIFAMPIN/TETRACYCLINE,AMPICILLIN,POINTP,WP_000843414.1,transcriptional regulator MarR,100.00,97.92,,,Annotation|https://ftp.ebi.ac.uk/pub/databases/amr_portal/genomes/GCA/023/882/GCA_023882875.1,1.5.0,Fast,2020,,,urine,urinary tract,38.97,-77.03,,no,NCBI_antibiogram,United States of America,Americas,Northern America
ampicillin,susceptible,<= 4 mg/L,SAMN26309112,GCA_023882665.1,Escherichia,Escherichia coli,Escherichia coli,562,749549,Homo sapiens,SRS15352102,broth dilution,BD Phoenix,CLSI,ARO_3000637|https://www.ebi.ac.uk/ols4/ontologies/aro/classes/http%253A%252F%252Fpurl.obolibrary.org%252Fobo%252FARO_3000637,JAKYFP010000015.1,13231,13665,+,GCA_023882665.1_01330,marR,marR_S3N,AMR,POINT,MULTIDRUG,AMPICILLIN/CHLORAMPHENICOL/QUINOLONE/RIFAMPIN/TETRACYCLINE,AMPICILLIN,POINTP,WP_000843414.1,transcriptional regulator MarR,100.00,97.92,,,Annotation|https://ftp.ebi.ac.uk/pub/databases/amr_portal/genomes/GCA/023/882/GCA_023882665.1,1.5.0,Fast,2020,,,urine,urinary tract,38.97,-77.03,,no,NCBI_antibiogram,United States of America,Americas,Northern America
ampicillin,resistant,> 16 mg/L,SAMN26309129,GCA_023882685.1,Escherichia,Escherichia coli,Escherichia coli,562,781579,Homo sapiens,SRS15357479,broth dilution,BD Phoenix,CLSI,ARO_3000637|https://www.ebi.ac.uk/ols4/ontologies/aro/classes/http%253A%252F%252Fpurl.obolibrary.org%252Fobo%252FARO_3000637,JAKYFO010000013.1,13231,13665,+,GCA_023882685.1_00819,marR,marR_S3N,AMR,POINT,MULTIDRUG,AMPICILLIN/CHLORAMPHENICOL/QUINOLONE/RIFAMPIN/TETRACYCLINE,AMPICILLIN,POINTP,WP_000843414.1,transcriptional regulator MarR,100.00,97.92,,,Annotation|https://ftp.ebi.ac.uk/pub/databases/amr_portal/genomes/GCA/023/882/GCA_023882685.1,1.5.0,Fast,2020,,,urine,urinary tract,38.97,-77.03,,no,NCBI_antibiogram,United States of America,Americas,Northern America
ampicillin,resistant,> 16 mg/L,SAMN26309258,GCA_023870985.1,Escherichia,Escherichia coli,Escherichia coli,562,836640,Homo sapiens,SRS15360009,broth dilution,BD Phoenix,CLSI,ARO_3000637|https://www.ebi.ac.uk/ols4/ontologies/aro/classes/http%253A%252F%252Fpurl.obolibrary.org%252Fobo%252FARO_3000637,JAMFGG010000010.1,9403,9837,-,GCA_023870985.1_01166,marR,marR_S3N,AMR,POINT,MULTIDRUG,AMPICILLIN/CHLORAMPHENICOL/QUINOLONE/RIFAMPIN/TETRACYCLINE,AMPICILLIN,POINTP,WP_000843414.1,transcriptional regulator MarR,100.00,97.92,,,Annotation|https://ftp.ebi.ac.uk/pub/databases/amr_portal/genomes/GCA/023/870/GCA_023870985.1,1.5.0,Fast,2020,,,urine,urinary tract,38.97,-77.03,,no,NCBI_antibiogram,United States of America,Americas,Northern America
ampicillin,resistant,> 16 mg/L,SAMN26304643,GCA_023870525.1,Escherichia,Escherichia coli,Escherichia coli,562,757947,Homo sapiens,SRS15352167,broth dilution,BD Phoenix,CLSI,ARO_3000637|https://www.ebi.ac.uk/ols4/ontologies/aro/classes/http%253A%252F%252Fpurl.obolibrary.org%252Fobo%252FARO_3000637,JAMFFK010000034.1,164569,165003,-,GCA_023870525.1_02643,marR,marR_S3N,AMR,POINT,MULTIDRUG,AMPICILLIN/CHLORAMPHENICOL/QUINOLONE/RIFAMPIN/TETRACYCLINE,AMPICILLIN,POINTP,WP_000843414.1,transcriptional regulator MarR,100.00,97.92,,,Annotation|https://ftp.ebi.ac.uk/pub/databases/amr_portal/genomes/GCA/023/870/GCA_023870525.1,1.5.0,Fast,2020,,,urine,urinary tract,38.97,-77.03,,no,NCBI_antibiogram,United States of America,Americas,Northern America
ampicillin,susceptible,<= 4 mg/L,SAMN26304642,GCA_023870545.1,Escherichia,Escherichia coli,Escherichia coli,562,749531,Homo sapiens,SRS15352101,broth dilution,BD Phoenix,CLSI,ARO_3000637|https://www.ebi.ac.uk/ols4/ontologies/aro/classes/http%253A%252F%252Fpurl.obolibrary.org%252Fobo%252FARO_3000637,JAMFFL010000019.1,13248,13682,+,GCA_023870545.1_01320,marR,marR_S3N,AMR,POINT,MULTIDRUG,AMPICILLIN/CHLORAMPHENICOL/QUINOLONE/RIFAMPIN/TETRACYCLINE,AMPICILLIN,POINTP,WP_000843414.1,transcriptional regulator MarR,100.00,97.92,,,Annotation|https://ftp.ebi.ac.uk/pub/databases/amr_portal/genomes/GCA/023/870/GCA_023870545.1,1.5.0,Fast,2020,,,urine,urinary tract,38.97,-77.03,,no,NCBI_antibiogram,United States of America,Americas,Northern America
ampicillin,susceptible,<= 4 mg/L,SAMN26309215,GCA_023870725.1,Escherichia,Escherichia coli,Escherichia coli,562,708887,Homo sapiens,SRS15339916,broth dilution,BD Phoenix,CLSI,ARO_3000637|https://www.ebi.ac.uk/ols4/ontologies/aro/classes/http%253A%252F%252Fpurl.obolibrary.org%252Fobo%252FARO_3000637,JAMFFR010000047.1,9400,9834,-,GCA_023870725.1_03310,marR,marR_S3N,AMR,POINT,MULTIDRUG,AMPICILLIN/CHLORAMPHENICOL/QUINOLONE/RIFAMPIN/TETRACYCLINE,AMPICILLIN,POINTP,WP_000843414.1,transcriptional regulator MarR,100.00,97.92,,,Annotation|https://ftp.ebi.ac.uk/pub/databases/amr_portal/genomes/GCA/023/870/GCA_023870725.1,1.5.0,Fast,2019,,,urine,urinary tract,38.97,-77.03,,no,NCBI_antibiogram,United States of America,Americas,Northern America
ampicillin,susceptible,<= 4 mg/L,SAMN26304887,GCA_023870995.1,Escherichia,Escherichia coli,Escherichia coli,562,823074,Homo sapiens,SRS15360127,broth dilution,BD Phoenix,CLSI,ARO_3000637|https://www.ebi.ac.uk/ols4/ontologies/aro/classes/http%253A%252F%252Fpurl.obolibrary.org%252Fobo%252FARO_3000637,JAMFGK010000017.1,409961,410395,-,GCA_023870995.1_03405,marR,marR_S3N,AMR,POINT,MULTIDRUG,AMPICILLIN/CHLORAMPHENICOL/QUINOLONE/RIFAMPIN/TETRACYCLINE,AMPICILLIN,POINTP,WP_000843414.1,transcriptional regulator MarR,100.00,97.92,,,Annotation|https://ftp.ebi.ac.uk/pub/databases/amr_portal/genomes/GCA/023/870/GCA_023870995.1,1.5.0,Fast,2020,,,urine,urinary tract,38.97,-77.03,,no,NCBI_antibiogram,United States of America,Americas,Northern America
ampicillin,susceptible,<= 4 mg/L,SAMN26304990,GCA_023870425.1,Escherichia,Escherichia coli,Escherichia coli,562,822184,Homo sapiens,SRS15358589,broth dilution,BD Phoenix,CLSI,ARO_3000637|https://www.ebi.ac.uk/ols4/ontologies/aro/classes/http%253A%252F%252Fpurl.obolibrary.org%252Fobo%252FARO_3000637,JAMFFF010000018.1,409470,409904,-,GCA_023870425.1_02921,marR,marR_S3N,AMR,POINT,MULTIDRUG,AMPICILLIN/CHLORAMPHENICOL/QUINOLONE/RIFAMPIN/TETRACYCLINE,AMPICILLIN,POINTP,WP_000843414.1,transcriptional regulator MarR,100.00,97.92,,,Annotation|https://ftp.ebi.ac.uk/pub/databases/amr_portal/genomes/GCA/023/870/GCA_023870425.1,1.5.0,Fast,2020,,,urine,urinary tract,38.97,-77.03,,no,NCBI_antibiogram,United States of America,Americas,Northern America
ampicillin,susceptible,<= 4 mg/L,SAMN26308658,GCA_023870905.1,Escherichia,Escherichia coli,Escherichia coli,562,772895,Homo sapiens,SRS15357740,broth dilution,BD Phoenix,CLSI,ARO_3000637|https://www.ebi.ac.uk/ols4/ontologies/aro/classes/http%253A%252F%252Fpurl.obolibrary.org%252Fobo%252FARO_3000637,JAMFGF010000008.1,33293,33727,+,GCA_023870905.1_00935,marR,marR_S3N,AMR,POINT,MULTIDRUG,AMPICILLIN/CHLORAMPHENICOL/QUINOLONE/RIFAMPIN/TETRACYCLINE,AMPICILLIN,POINTP,WP_000843414.1,transcriptional regulator MarR,100.00,97.92,,,Annotation|https://ftp.ebi.ac.uk/pub/databases/amr_portal/genomes/GCA/023/870/GCA_023870905.1,1.5.0,Fast,2020,,,urine,urinary tract,38.97,-77.03,,no,NCBI_antibiogram,United States of America,Americas,Northern America
ampicillin,susceptible,<= 4 mg/L,SAMN26305150,GCA_023870865.1,Escherichia,Escherichia coli,Escherichia coli,562,767499,Homo sapiens,SRS15355597,broth dilution,BD Phoenix,CLSI,ARO_3000637|https://www.ebi.ac.uk/ols4/ontologies/aro/classes/http%253A%252F%252Fpurl.obolibrary.org%252Fobo%252FARO_3000637,JAMFGC010000012.1,26702,27136,-,GCA_023870865.1_01740,marR,marR_S3N,AMR,POINT,MULTIDRUG,AMPICILLIN/CHLORAMPHENICOL/QUINOLONE/RIFAMPIN/TETRACYCLINE,AMPICILLIN,POINTP,WP_000843414.1,transcriptional regulator MarR,100.00,97.92,,,Annotation|https://ftp.ebi.ac.uk/pub/databases/amr_portal/genomes/GCA/023/870/GCA_023870865.1,1.5.0,Fast,2020,,,urine,urinary tract,38.97,-77.03,,no,NCBI_antibiogram,United States of America,Americas,Northern America
ampicillin,susceptible,<= 4 mg/L,SAMN26308983,GCA_023870745.1,Escherichia,Escherichia coli,Escherichia coli,562,822012,Homo sapiens,SRS15358571,broth dilution,BD Phoenix,CLSI,ARO_3000637|https://www.ebi.ac.uk/ols4/ontologies/aro/classes/http%253A%252F%252Fpurl.obolibrary.org%252Fobo%252FARO_3000637,JAMFFV010000015.1,460926,461360,-,GCA_023870745.1_02980,marR,marR_S3N,AMR,POINT,MULTIDRUG,AMPICILLIN/CHLORAMPHENICOL/QUINOLONE/RIFAMPIN/TETRACYCLINE,AMPICILLIN,POINTP,WP_000843414.1,transcriptional regulator MarR,100.00,97.92,,,Annotation|https://ftp.ebi.ac.uk/pub/databases/amr_portal/genomes/GCA/023/870/GCA_023870745.1,1.5.0,Fast,2020,,,tissue,skin or soft tissue,38.97,-77.03,,no,NCBI_antibiogram,United States of America,Americas,Northern America
ampicillin,susceptible,<= 4 mg/L,SAMN26304420,GCA_023870265.1,Escherichia,Escherichia coli,Escherichia coli,562,709091,Homo sapiens,SRS15339939,broth dilution,BD Phoenix,CLSI,ARO_3000637|https://www.ebi.ac.uk/ols4/ontologies/aro/classes/http%253A%252F%252Fpurl.obolibrary.org%252Fobo%252FARO_3000637,JAMFEX010000024.1,67302,67736,-,GCA_023870265.1_03003,marR,marR_S3N,AMR,POINT,MULTIDRUG,AMPICILLIN/CHLORAMPHENICOL/QUINOLONE/RIFAMPIN/TETRACYCLINE,AMPICILLIN,POINTP,WP_000843414.1,transcriptional regulator MarR,100.00,97.92,,,Annotation|https://ftp.ebi.ac.uk/pub/databases/amr_portal/genomes/GCA/023/870/GCA_023870265.1,1.5.0,Fast,2019,,,urine,urinary tract,38.97,-77.03,,no,NCBI_antibiogram,United States of America,Americas,Northern America
ampicillin,susceptible,<= 4 mg/L,SAMN26309106,GCA_023870225.1,Escherichia,Escherichia coli,Escherichia coli,562,735025,Homo sapiens,SRS15348331,broth dilution,BD Phoenix,CLSI,ARO_3000637|https://www.ebi.ac.uk/ols4/ontologies/aro/classes/http%253A%252F%252Fpurl.obolibrary.org%252Fobo%252FARO_3000637,JAMFEW010000019.1,13231,13665,+,GCA_023870225.1_01374,marR,marR_S3N,AMR,POINT,MULTIDRUG,AMPICILLIN/CHLORAMPHENICOL/QUINOLONE/RIFAMPIN/TETRACYCLINE,AMPICILLIN,POINTP,WP_000843414.1,transcriptional regulator MarR,100.00,97.92,,,Annotation|https://ftp.ebi.ac.uk/pub/databases/amr_portal/genomes/GCA/023/870/GCA_023870225.1,1.5.0,Fast,2019,,,urine,urinary tract,38.97,-77.03,,no,NCBI_antibiogram,United States of America,Americas,Northern America
ampicillin,susceptible,<= 4 mg/L,SAMN26304669,GCA_023870105.1,Escherichia,Escherichia coli,Escherichia coli,562,821728,Homo sapiens,SRS15358666,broth dilution,BD Phoenix,CLSI,ARO_3000637|https://www.ebi.ac.uk/ols4/ontologies/aro/classes/http%253A%252F%252Fpurl.obolibrary.org%252Fobo%252FARO_3000637,JAMFER010000007.1,17583,18017,+,GCA_023870105.1_01053,marR,marR_S3N,AMR,POINT,MULTIDRUG,AMPICILLIN/CHLORAMPHENICOL/QUINOLONE/RIFAMPIN/TETRACYCLINE,AMPICILLIN,POINTP,WP_000843414.1,transcriptional regulator MarR,100.00,97.92,,,Annotation|https://ftp.ebi.ac.uk/pub/databases/amr_portal/genomes/GCA/023/870/GCA_023870105.1,1.5.0,Fast,2020,,,urine,urinary tract,38.97,-77.03,,no,NCBI_antibiogram,United States of America,Americas,Northern America
ampicillin,susceptible,<= 4 mg/L,SAMN26309104,GCA_023870595.1,Escherichia,Escherichia coli,Escherichia coli,562,709727,Homo sapiens,SRS15348231,broth dilution,BD Phoenix,CLSI,ARO_3000637|https://www.ebi.ac.uk/ols4/ontologies/aro/classes/http%253A%252F%252Fpurl.obolibrary.org%252Fobo%252FARO_3000637,JAMFFM010000015.1,63445,63879,-,GCA_023870595.1_01539,marR,marR_S3N,AMR,POINT,MULTIDRUG,AMPICILLIN/CHLORAMPHENICOL/QUINOLONE/RIFAMPIN/TETRACYCLINE,AMPICILLIN,POINTP,WP_000843414.1,transcriptional regulator MarR,100.00,97.92,,,Annotation|https://ftp.ebi.ac.uk/pub/databases/amr_portal/genomes/GCA/023/870/GCA_023870595.1,1.5.0,Fast,2019,,,urine,urinary tract,38.97,-77.03,,no,NCBI_antibiogram,United States of America,Americas,Northern America
ampicillin,resistant,> 16 mg/L,SAMN26309091,GCA_023870965.1,Escherichia,Escherichia coli,Escherichia coli,562,838648,Homo sapiens,SRS15360092,broth dilution,BD Phoenix,CLSI,ARO_3000637|https://www.ebi.ac.uk/ols4/ontologies/aro/classes/http%253A%252F%252Fpurl.obolibrary.org%252Fobo%252FARO_3000637,JAMFGH010000013.1,63440,63874,-,GCA_023870965.1_01398,marR,marR_S3N,AMR,POINT,MULTIDRUG,AMPICILLIN/CHLORAMPHENICOL/QUINOLONE/RIFAMPIN/TETRACYCLINE,AMPICILLIN,POINTP,WP_000843414.1,transcriptional regulator MarR,100.00,97.92,,,Annotation|https://ftp.ebi.ac.uk/pub/databases/amr_portal/genomes/GCA/023/870/GCA_023870965.1,1.5.0,Fast,2020,,,urine,urinary tract,38.97,-77.03,,no,NCBI_antibiogram,United States of America,Americas,Northern America
ampicillin,susceptible,<= 4 mg/L,SAMN26308987,GCA_023870315.1,Escherichia,Escherichia coli,Escherichia coli,562,782049,Homo sapiens,SRS15357600,broth dilution,BD Phoenix,CLSI,ARO_3000637|https://www.ebi.ac.uk/ols4/ontologies/aro/classes/http%253A%252F%252Fpurl.obolibrary.org%252Fobo%252FARO_3000637,JAMFFA010000013.1,44087,44521,+,GCA_023870315.1_02882,marR,marR_S3N,AMR,POINT,MULTIDRUG,AMPICILLIN/CHLORAMPHENICOL/QUINOLONE/RIFAMPIN/TETRACYCLINE,AMPICILLIN,POINTP,WP_000843414.1,transcriptional regulator MarR,100.00,97.92,,,Annotation|https://ftp.ebi.ac.uk/pub/databases/amr_portal/genomes/GCA/023/870/GCA_023870315.1,1.5.0,Fast,2020,,,urine,urinary tract,38.97,-77.03,,no,NCBI_antibiogram,United States of America,Americas,Northern America
ampicillin,susceptible,<= 4 mg/L,SAMN26308981,GCA_023870845.1,Escherichia,Escherichia coli,Escherichia coli,562,821840,Homo sapiens,SRS15358679,broth dilution,BD Phoenix,CLSI,ARO_3000637|https://www.ebi.ac.uk/ols4/ontologies/aro/classes/http%253A%252F%252Fpurl.obolibrary.org%252Fobo%252FARO_3000637,JAMFFZ010000013.1,460928,461362,-,GCA_023870845.1_02865,marR,marR_S3N,AMR,POINT,MULTIDRUG,AMPICILLIN/CHLORAMPHENICOL/QUINOLONE/RIFAMPIN/TETRACYCLINE,AMPICILLIN,POINTP,WP_000843414.1,transcriptional regulator MarR,100.00,97.92,,,Annotation|https://ftp.ebi.ac.uk/pub/databases/amr_portal/genomes/GCA/023/870/GCA_023870845.1,1.5.0,Fast,2020,,,blood,blood,38.97,-77.03,,no,NCBI_antibiogram,United States of America,Americas,Northern America
ampicillin,susceptible,<= 4 mg/L,SAMN26304631,GCA_023870645.1,Escherichia,Escherichia coli,Escherichia coli,562,822360,Homo sapiens,SRS15358776,broth dilution,BD Phoenix,CLSI,ARO_3000637|https://www.ebi.ac.uk/ols4/ontologies/aro/classes/http%253A%252F%252Fpurl.obolibrary.org%252Fobo%252FARO_3000637,JAMFFQ010000013.1,67518,67952,-,GCA_023870645.1_02898,marR,marR_S3N,AMR,POINT,MULTIDRUG,AMPICILLIN/CHLORAMPHENICOL/QUINOLONE/RIFAMPIN/TETRACYCLINE,AMPICILLIN,POINTP,WP_000843414.1,transcriptional regulator MarR,100.00,97.92,,,Annotation|https://ftp.ebi.ac.uk/pub/databases/amr_portal/genomes/GCA/023/870/GCA_023870645.1,1.5.0,Fast,2020,,,urine,urinary tract,38.97,-77.03,,no,NCBI_antibiogram,United States of America,Americas,Northern America
ampicillin,susceptible,<= 4 mg/L,SAMN26308681,GCA_023869245.1,Escherichia,Escherichia coli,Escherichia coli,562,709277,Homo sapiens,SRS15339823,broth dilution,BD Phoenix,CLSI,ARO_3000637|https://www.ebi.ac.uk/ols4/ontologies/aro/classes/http%253A%252F%252Fpurl.obolibrary.org%252Fobo%252FARO_3000637,JAMFCZ010000017.1,73645,74079,-,GCA_023869245.1_01915,marR,marR_S3N,AMR,POINT,MULTIDRUG,AMPICILLIN/CHLORAMPHENICOL/QUINOLONE/RIFAMPIN/TETRACYCLINE,AMPICILLIN,POINTP,WP_000843414.1,transcriptional regulator MarR,100.00,97.92,,,Annotation|https://ftp.ebi.ac.uk/pub/databases/amr_portal/genomes/GCA/023/869/GCA_023869245.1,1.5.0,Fast,2019,,,urine,urinary tract,38.97,-77.03,,no,NCBI_antibiogram,United States of America,Americas,Northern America
ampicillin,susceptible,<= 4 mg/L,SAMN26304609,GCA_023869485.1,Escherichia,Escherichia coli,Escherichia coli,562,735201,Homo sapiens,SRS15348351,broth dilution,BD Phoenix,CLSI,ARO_3000637|https://www.ebi.ac.uk/ols4/ontologies/aro/classes/http%253A%252F%252Fpurl.obolibrary.org%252Fobo%252FARO_3000637,JAMFDH010000009.1,72616,73050,-,GCA_023869485.1_01677,marR,marR_S3N,AMR,POINT,MULTIDRUG,AMPICILLIN/CHLORAMPHENICOL/QUINOLONE/RIFAMPIN/TETRACYCLINE,AMPICILLIN,POINTP,WP_000843414.1,transcriptional regulator MarR,100.00,97.92,,,Annotation|https://ftp.ebi.ac.uk/pub/databases/amr_portal/genomes/GCA/023/869/GCA_023869485.1,1.5.0,Fast,2019,,,urine,urinary tract,38.97,-77.03,,no,NCBI_antibiogram,United States of America,Americas,Northern America
ampicillin,susceptible,<= 4 mg/L,SAMN26304733,GCA_023869595.1,Escherichia,Escherichia coli,Escherichia coli,562,759121,Homo sapiens,SRS15355703,broth dilution,BD Phoenix,CLSI,ARO_3000637|https://www.ebi.ac.uk/ols4/ontologies/aro/classes/http%253A%252F%252Fpurl.obolibrary.org%252Fobo%252FARO_3000637,JAMFDO010000024.1,72616,73050,-,GCA_023869595.1_02648,marR,marR_S3N,AMR,POINT,MULTIDRUG,AMPICILLIN/CHLORAMPHENICOL/QUINOLONE/RIFAMPIN/TETRACYCLINE,AMPICILLIN,POINTP,WP_000843414.1,transcriptional regulator MarR,100.00,97.92,,,Annotation|https://ftp.ebi.ac.uk/pub/databases/amr_portal/genomes/GCA/023/869/GCA_023869595.1,1.5.0,Fast,2020,,,urine,urinary tract,38.97,-77.03,,no,NCBI_antibiogram,United States of America,Americas,Northern America
ampicillin,susceptible,<= 4 mg/L,SAMN26304446,GCA_023869425.1,Escherichia,Escherichia coli,Escherichia coli,562,822512,Homo sapiens,SRS15358793,broth dilution,BD Phoenix,CLSI,ARO_3000637|https://www.ebi.ac.uk/ols4/ontologies/aro/classes/http%253A%252F%252Fpurl.obolibrary.org%252Fobo%252FARO_3000637,JAMFDJ010000001.1,31856,32290,+,GCA_023869425.1_00032,marR,marR_S3N,AMR,POINT,MULTIDRUG,AMPICILLIN/CHLORAMPHENICOL/QUINOLONE/RIFAMPIN/TETRACYCLINE,AMPICILLIN,POINTP,WP_000843414.1,transcriptional regulator MarR,100.00,97.92,,,Annotation|https://ftp.ebi.ac.uk/pub/databases/amr_portal/genomes/GCA/023/869/GCA_023869425.1,1.5.0,Fast,2020,,,urine,urinary tract,38.97,-77.03,,no,NCBI_antibiogram,United States of America,Americas,Northern America
ampicillin,susceptible,<= 4 mg/L,SAMN26304823,GCA_023869795.1,Escherichia,Escherichia coli,Escherichia coli,562,759009,Homo sapiens,SRS15355657,broth dilution,BD Phoenix,CLSI,ARO_3000637|https://www.ebi.ac.uk/ols4/ontologies/aro/classes/http%253A%252F%252Fpurl.obolibrary.org%252Fobo%252FARO_3000637,JAMFDX010000001.1,27410,27844,+,GCA_023869795.1_00027,marR,marR_S3N,AMR,POINT,MULTIDRUG,AMPICILLIN/CHLORAMPHENICOL/QUINOLONE/RIFAMPIN/TETRACYCLINE,AMPICILLIN,POINTP,WP_000843414.1,transcriptional regulator MarR,100.00,97.92,,,Annotation|https://ftp.ebi.ac.uk/pub/databases/amr_portal/genomes/GCA/023/869/GCA_023869795.1,1.5.0,Fast,2020,,,urine,urinary tract,38.97,-77.03,,no,NCBI_antibiogram,United States of America,Americas,Northern America
ampicillin,susceptible,<= 4 mg/L,SAMN26309263,GCA_023869875.1,Escherichia,Escherichia coli,Escherichia coli,562,838786,Homo sapiens,SRS15360106,broth dilution,BD Phoenix,CLSI,ARO_3000637|https://www.ebi.ac.uk/ols4/ontologies/aro/classes/http%253A%252F%252Fpurl.obolibrary.org%252Fobo%252FARO_3000637,JAMFEF010000005.1,529341,529775,-,GCA_023869875.1_01080,marR,marR_S3N,AMR,POINT,MULTIDRUG,AMPICILLIN/CHLORAMPHENICOL/QUINOLONE/RIFAMPIN/TETRACYCLINE,AMPICILLIN,POINTP,WP_000843414.1,transcriptional regulator MarR,100.00,97.92,,,Annotation|https://ftp.ebi.ac.uk/pub/databases/amr_portal/genomes/GCA/023/869/GCA_023869875.1,1.5.0,Fast,2020,,,urine,urinary tract,38.97,-77.03,,no,NCBI_antibiogram,United States of America,Americas,Northern America
ampicillin,resistant,> 16 mg/L,SAMN26309418,GCA_023869525.1,Escherichia,Escherichia coli,Escherichia coli,562,704911,Homo sapiens,SRS15339724,broth dilution,BD Phoenix,CLSI,ARO_3000637|https://www.ebi.ac.uk/ols4/ontologies/aro/classes/http%253A%252F%252Fpurl.obolibrary.org%252Fobo%252FARO_3000637,JAMFDM010000013.1,9401,9835,-,GCA_023869525.1_01065,marR,marR_S3N,AMR,POINT,MULTIDRUG,AMPICILLIN/CHLORAMPHENICOL/QUINOLONE/RIFAMPIN/TETRACYCLINE,AMPICILLIN,POINTP,WP_000843414.1,transcriptional regulator MarR,100.00,97.22,,,Annotation|https://ftp.ebi.ac.uk/pub/databases/amr_portal/genomes/GCA/023/869/GCA_023869525.1,1.5.0,Fast,2019,,,urine,urinary tract,38.97,-77.03,,no,NCBI_antibiogram,United States of America,Americas,Northern America
ampicillin,susceptible,<= 4 mg/L,SAMN26304859,GCA_023869865.1,Escherichia,Escherichia coli,Escherichia coli,562,837652,Homo sapiens,SRS15359900,broth dilution,BD Phoenix,CLSI,ARO_3000637|https://www.ebi.ac.uk/ols4/ontologies/aro/classes/http%253A%252F%252Fpurl.obolibrary.org%252Fobo%252FARO_3000637,JAMFEE010000002.1,921405,921839,-,GCA_023869865.1_01081,marR,marR_S3N,AMR,POINT,MULTIDRUG,AMPICILLIN/CHLORAMPHENICOL/QUINOLONE/RIFAMPIN/TETRACYCLINE,AMPICILLIN,POINTP,WP_000843414.1,transcriptional regulator MarR,100.00,97.92,,,Annotation|https://ftp.ebi.ac.uk/pub/databases/amr_portal/genomes/GCA/023/869/GCA_023869865.1,1.5.0,Fast,2020,,,urine,urinary tract,38.97,-77.03,,no,NCBI_antibiogram,United States of America,Americas,Northern America
ampicillin,susceptible,<= 4 mg/L,SAMN26308587,GCA_023869115.1,Escherichia,Escherichia coli,Escherichia coli,562,758799,Homo sapiens,SRS15355634,broth dilution,BD Phoenix,CLSI,ARO_3000637|https://www.ebi.ac.uk/ols4/ontologies/aro/classes/http%253A%252F%252Fpurl.obolibrary.org%252Fobo%252FARO_3000637,JAMFCS010000014.1,45788,46222,+,GCA_023869115.1_01559,marR,marR_S3N,AMR,POINT,MULTIDRUG,AMPICILLIN/CHLORAMPHENICOL/QUINOLONE/RIFAMPIN/TETRACYCLINE,AMPICILLIN,POINTP,WP_000843414.1,transcriptional regulator MarR,100.00,97.92,,,Annotation|https://ftp.ebi.ac.uk/pub/databases/amr_portal/genomes/GCA/023/869/GCA_023869115.1,1.5.0,Fast,2020,,,urine,urinary tract,38.97,-77.03,,no,NCBI_antibiogram,United States of America,Americas,Northern America
ampicillin,susceptible,<= 4 mg/L,SAMN26305039,GCA_023857965.1,Escherichia,Escherichia coli,Escherichia coli,562,838332,Homo sapiens,SRS15359942,broth dilution,BD Phoenix,CLSI,ARO_3000637|https://www.ebi.ac.uk/ols4/ontologies/aro/classes/http%253A%252F%252Fpurl.obolibrary.org%252Fobo%252FARO_3000637,JAKWOA010000004.1,63436,63870,-,GCA_023857965.1_01219,marR,marR_S3N,AMR,POINT,MULTIDRUG,AMPICILLIN/CHLORAMPHENICOL/QUINOLONE/RIFAMPIN/TETRACYCLINE,AMPICILLIN,POINTP,WP_000843414.1,transcriptional regulator MarR,100.00,97.92,,,Annotation|https://ftp.ebi.ac.uk/pub/databases/amr_portal/genomes/GCA/023/857/GCA_023857965.1,1.5.0,Fast,2020,,,urine,urinary tract,38.97,-77.03,,no,NCBI_antibiogram,United States of America,Americas,Northern America
ampicillin,susceptible,<= 4 mg/L,SAMN26308592,GCA_023857945.1,Escherichia,Escherichia coli,Escherichia coli,562,772361,Homo sapiens,SRS15355770,broth dilution,BD Phoenix,CLSI,ARO_3000637|https://www.ebi.ac.uk/ols4/ontologies/aro/classes/http%253A%252F%252Fpurl.obolibrary.org%252Fobo%252FARO_3000637,JAKWNY010000014.1,36771,37205,+,GCA_023857945.1_01311,marR,marR_S3N,AMR,POINT,MULTIDRUG,AMPICILLIN/CHLORAMPHENICOL/QUINOLONE/RIFAMPIN/TETRACYCLINE,AMPICILLIN,POINTP,WP_000843414.1,transcriptional regulator MarR,100.00,97.92,,,Annotation|https://ftp.ebi.ac.uk/pub/databases/amr_portal/genomes/GCA/023/857/GCA_023857945.1,1.5.0,Fast,2020,,,urine,urinary tract,38.97,-77.03,,no,NCBI_antibiogram,United States of America,Americas,Northern America
ampicillin,resistant,> 16 mg/L,SAMN26309421,GCA_023857845.1,Escherichia,Escherichia coli,Escherichia coli,562,837580,Homo sapiens,SRS15359892,broth dilution,BD Phoenix,CLSI,ARO_3000637|https://www.ebi.ac.uk/ols4/ontologies/aro/classes/http%253A%252F%252Fpurl.obolibrary.org%252Fobo%252FARO_3000637,JAKWNT010000013.1,13248,13682,+,GCA_023857845.1_01452,marR,marR_S3N,AMR,POINT,MULTIDRUG,AMPICILLIN/CHLORAMPHENICOL/QUINOLONE/RIFAMPIN/TETRACYCLINE,AMPICILLIN,POINTP,WP_000843414.1,transcriptional regulator MarR,100.00,97.92,,,Annotation|https://ftp.ebi.ac.uk/pub/databases/amr_portal/genomes/GCA/023/857/GCA_023857845.1,1.5.0,Fast,2020,,,urine,urinary tract,38.97,-77.03,,no,NCBI_antibiogram,United States of America,Americas,Northern America
ampicillin,resistant,> 16 mg/L,SAMN26304362,GCA_023857285.1,Escherichia,Escherichia coli,Escherichia coli,562,794401,Homo sapiens,SRS15358528,broth dilution,BD Phoenix,CLSI,ARO_3000637|https://www.ebi.ac.uk/ols4/ontologies/aro/classes/http%253A%252F%252Fpurl.obolibrary.org%252Fobo%252FARO_3000637,JAKWMQ010000010.1,20523,20957,+,GCA_023857285.1_01417,marR,marR_S3N,AMR,POINT,MULTIDRUG,AMPICILLIN/CHLORAMPHENICOL/QUINOLONE/RIFAMPIN/TETRACYCLINE,AMPICILLIN,POINTP,WP_000843414.1,transcriptional regulator MarR,100.00,97.92,,,Annotation|https://ftp.ebi.ac.uk/pub/databases/amr_portal/genomes/GCA/023/857/GCA_023857285.1,1.5.0,Fast,2020,,,urine,urinary tract,38.97,-77.03,,no,NCBI_antibiogram,United States of America,Americas,Northern America
ampicillin,susceptible,<= 4 mg/L,SAMN26309143,GCA_023857825.1,Escherichia,Escherichia coli,Escherichia coli,562,822764,Homo sapiens,SRS15358716,broth dilution,BD Phoenix,CLSI,ARO_3000637|https://www.ebi.ac.uk/ols4/ontologies/aro/classes/http%253A%252F%252Fpurl.obolibrary.org%252Fobo%252FARO_3000637,JAKWNS010000012.1,63440,63874,-,GCA_023857825.1_01962,marR,marR_S3N,AMR,POINT,MULTIDRUG,AMPICILLIN/CHLORAMPHENICOL/QUINOLONE/RIFAMPIN/TETRACYCLINE,AMPICILLIN,POINTP,WP_000843414.1,transcriptional regulator MarR,100.00,97.92,,,Annotation|https://ftp.ebi.ac.uk/pub/databases/amr_portal/genomes/GCA/023/857/GCA_023857825.1,1.5.0,Fast,2020,,,urine,urinary tract,38.97,-77.03,,no,NCBI_antibiogram,United States of America,Americas,Northern America
ampicillin,susceptible,<= 4 mg/L,SAMN26304517,GCA_023857765.1,Escherichia,Escherichia coli,Escherichia coli,562,750125,Homo sapiens,SRS15351996,broth dilution,BD Phoenix,CLSI,ARO_3000637|https://www.ebi.ac.uk/ols4/ontologies/aro/classes/http%253A%252F%252Fpurl.obolibrary.org%252Fobo%252FARO_3000637,JAKWNO010000014.1,63381,63815,-,GCA_023857765.1_01900,marR,marR_S3N,AMR,POINT,MULTIDRUG,AMPICILLIN/CHLORAMPHENICOL/QUINOLONE/RIFAMPIN/TETRACYCLINE,AMPICILLIN,POINTP,WP_000843414.1,transcriptional regulator MarR,100.00,97.92,,,Annotation|https://ftp.ebi.ac.uk/pub/databases/amr_portal/genomes/GCA/023/857/GCA_023857765.1,1.5.0,Fast,2020,,,urine,urinary tract,38.97,-77.03,,no,NCBI_antibiogram,United States of America,Americas,Northern America
ampicillin,susceptible,<= 4 mg/L,SAMN26308689,GCA_023857105.1,Escherichia,Escherichia coli,Escherichia coli,562,837812,Homo sapiens,SRS15360033,broth dilution,BD Phoenix,CLSI,ARO_3000637|https://www.ebi.ac.uk/ols4/ontologies/aro/classes/http%253A%252F%252Fpurl.obolibrary.org%252Fobo%252FARO_3000637,JAKWMI010000011.1,13231,13665,+,GCA_023857105.1_01307,marR,marR_S3N,AMR,POINT,MULTIDRUG,AMPICILLIN/CHLORAMPHENICOL/QUINOLONE/RIFAMPIN/TETRACYCLINE,AMPICILLIN,POINTP,WP_000843414.1,transcriptional regulator MarR,100.00,97.92,,,Annotation|https://ftp.ebi.ac.uk/pub/databases/amr_portal/genomes/GCA/023/857/GCA_023857105.1,1.5.0,Fast,2020,,,urine,urinary tract,38.97,-77.03,,no,NCBI_antibiogram,United States of America,Americas,Northern America
ampicillin,resistant,> 16 mg/L,SAMN26309214,GCA_023857805.1,Escherichia,Escherichia coli,Escherichia coli,562,699058,Homo sapiens,SRS15339852,broth dilution,BD Phoenix,CLSI,ARO_3000637|https://www.ebi.ac.uk/ols4/ontologies/aro/classes/http%253A%252F%252Fpurl.obolibrary.org%252Fobo%252FARO_3000637,JAKWNR010000010.1,9403,9837,-,GCA_023857805.1_01076,marR,marR_S3N,AMR,POINT,MULTIDRUG,AMPICILLIN/CHLORAMPHENICOL/QUINOLONE/RIFAMPIN/TETRACYCLINE,AMPICILLIN,POINTP,WP_000843414.1,transcriptional regulator MarR,100.00,97.92,,,Annotation|https://ftp.ebi.ac.uk/pub/databases/amr_portal/genomes/GCA/023/857/GCA_023857805.1,1.5.0,Fast,2019,,,urine,urinary tract,38.97,-77.03,,no,NCBI_antibiogram,United States of America,Americas,Northern America
ampicillin,resistant,> 16 mg/L,SAMN26309210,GCA_023857725.1,Escherichia,Escherichia coli,Escherichia coli,562,698482,Homo sapiens,SRS15339684,broth dilution,BD Phoenix,CLSI,ARO_3000637|https://www.ebi.ac.uk/ols4/ontologies/aro/classes/http%253A%252F%252Fpurl.obolibrary.org%252Fobo%252FARO_3000637,JAKWNP010000001.1,27410,27844,+,GCA_023857725.1_00027,marR,marR_S3N,AMR,POINT,MULTIDRUG,AMPICILLIN/CHLORAMPHENICOL/QUINOLONE/RIFAMPIN/TETRACYCLINE,AMPICILLIN,POINTP,WP_000843414.1,transcriptional regulator MarR,100.00,97.92,,,Annotation|https://ftp.ebi.ac.uk/pub/databases/amr_portal/genomes/GCA/023/857/GCA_023857725.1,1.5.0,Fast,2019,,,urine,urinary tract,38.97,-77.03,,no,NCBI_antibiogram,United States of America,Americas,Northern America
ampicillin,susceptible,<= 4 mg/L,SAMN26305257,GCA_023857925.1,Escherichia,Escherichia coli,Escherichia coli,562,838286,Homo sapiens,SRS15359936,broth dilution,BD Phoenix,CLSI,ARO_3000637|https://www.ebi.ac.uk/ols4/ontologies/aro/classes/http%253A%252F%252Fpurl.obolibrary.org%252Fobo%252FARO_3000637,JAKWNX010000008.1,36771,37205,+,GCA_023857925.1_01298,marR,marR_S3N,AMR,POINT,MULTIDRUG,AMPICILLIN/CHLORAMPHENICOL/QUINOLONE/RIFAMPIN/TETRACYCLINE,AMPICILLIN,POINTP,WP_000843414.1,transcriptional regulator MarR,100.00,97.92,,,Annotation|https://ftp.ebi.ac.uk/pub/databases/amr_portal/genomes/GCA/023/857/GCA_023857925.1,1.5.0,Fast,2020,,,urine,urinary tract,38.97,-77.03,,no,NCBI_antibiogram,United States of America,Americas,Northern America
ampicillin,resistant,> 16 mg/L,SAMN26308588,GCA_023857425.1,Escherichia,Escherichia coli,Escherichia coli,562,767061,Homo sapiens,SRS15355518,broth dilution,BD Phoenix,CLSI,ARO_3000637|https://www.ebi.ac.uk/ols4/ontologies/aro/classes/http%253A%252F%252Fpurl.obolibrary.org%252Fobo%252FARO_3000637,JAKWMX010000015.1,72600,73034,-,GCA_023857425.1_01860,marR,marR_S3N,AMR,POINT,MULTIDRUG,AMPICILLIN/CHLORAMPHENICOL/QUINOLONE/RIFAMPIN/TETRACYCLINE,AMPICILLIN,POINTP,WP_000843414.1,transcriptional regulator MarR,100.00,97.92,,,Annotation|https://ftp.ebi.ac.uk/pub/databases/amr_portal/genomes/GCA/023/857/GCA_023857425.1,1.5.0,Fast,2020,,,urine,urinary tract,38.97,-77.03,,no,NCBI_antibiogram,United States of America,Americas,Northern America
ampicillin,susceptible,<= 4 mg/L,SAMN26309148,GCA_023857065.1,Escherichia,Escherichia coli,Escherichia coli,562,838042,Homo sapiens,SRS15360058,broth dilution,BD Phoenix,CLSI,ARO_3000637|https://www.ebi.ac.uk/ols4/ontologies/aro/classes/http%253A%252F%252Fpurl.obolibrary.org%252Fobo%252FARO_3000637,JAKWMG010000017.1,13248,13682,+,GCA_023857065.1_01318,marR,marR_S3N,AMR,POINT,MULTIDRUG,AMPICILLIN/CHLORAMPHENICOL/QUINOLONE/RIFAMPIN/TETRACYCLINE,AMPICILLIN,POINTP,WP_000843414.1,transcriptional regulator MarR,100.00,97.92,,,Annotation|https://ftp.ebi.ac.uk/pub/databases/amr_portal/genomes/GCA/023/857/GCA_023857065.1,1.5.0,Fast,2020,,,urine,urinary tract,38.97,-77.03,,no,NCBI_antibiogram,United States of America,Americas,Northern America
ampicillin,susceptible,<= 4 mg/L,SAMN26304797,GCA_023857005.1,Escherichia,Escherichia coli,Escherichia coli,562,698600,Homo sapiens,SRS15339699,broth dilution,BD Phoenix,CLSI,ARO_3000637|https://www.ebi.ac.uk/ols4/ontologies/aro/classes/http%253A%252F%252Fpurl.obolibrary.org%252Fobo%252FARO_3000637,JAKWMD010000014.1,48092,48526,-,GCA_023857005.1_01216,marR,marR_S3N,AMR,POINT,MULTIDRUG,AMPICILLIN/CHLORAMPHENICOL/QUINOLONE/RIFAMPIN/TETRACYCLINE,AMPICILLIN,POINTP,WP_000843414.1,transcriptional regulator MarR,100.00,97.92,,,Annotation|https://ftp.ebi.ac.uk/pub/databases/amr_portal/genomes/GCA/023/857/GCA_023857005.1,1.5.0,Fast,2019,,,urine,urinary tract,38.97,-77.03,,no,NCBI_antibiogram,United States of America,Americas,Northern America
ampicillin,susceptible,<= 4 mg/L,SAMN26304673,GCA_023857085.1,Escherichia,Escherichia coli,Escherichia coli,562,768129,Homo sapiens,SRS15355603,broth dilution,BD Phoenix,CLSI,ARO_3000637|https://www.ebi.ac.uk/ols4/ontologies/aro/classes/http%253A%252F%252Fpurl.obolibrary.org%252Fobo%252FARO_3000637,JAKWMH010000030.1,38148,38582,+,GCA_023857085.1_02905,marR,marR_S3N,AMR,POINT,MULTIDRUG,AMPICILLIN/CHLORAMPHENICOL/QUINOLONE/RIFAMPIN/TETRACYCLINE,AMPICILLIN,POINTP,WP_000843414.1,transcriptional regulator MarR,100.00,97.92,,,Annotation|https://ftp.ebi.ac.uk/pub/databases/amr_portal/genomes/GCA/023/857/GCA_023857085.1,1.5.0,Fast,2020,,,urine,urinary tract,38.97,-77.03,,no,NCBI_antibiogram,United States of America,Americas,Northern America
ampicillin,resistant,> 16 mg/L,SAMN26309191,GCA_023857565.1,Escherichia,Escherichia coli,Escherichia coli,562,822692,Homo sapiens,SRS15358709,broth dilution,BD Phoenix,CLSI,ARO_3000637|https://www.ebi.ac.uk/ols4/ontologies/aro/classes/http%253A%252F%252Fpurl.obolibrary.org%252Fobo%252FARO_3000637,JAKWNE010000025.1,231221,231655,-,GCA_023857565.1_01762,marR,marR_S3N,AMR,POINT,MULTIDRUG,AMPICILLIN/CHLORAMPHENICOL/QUINOLONE/RIFAMPIN/TETRACYCLINE,AMPICILLIN,POINTP,WP_000843414.1,transcriptional regulator MarR,100.00,97.92,,,Annotation|https://ftp.ebi.ac.uk/pub/databases/amr_portal/genomes/GCA/023/857/GCA_023857565.1,1.5.0,Fast,2020,,,urine,urinary tract,38.97,-77.03,,no,NCBI_antibiogram,United States of America,Americas,Northern America
ampicillin,susceptible,<= 4 mg/L,SAMN26304973,GCA_023857205.1,Escherichia,Escherichia coli,Escherichia coli,562,772089,Homo sapiens,SRS15355541,broth dilution,BD Phoenix,CLSI,ARO_3000637|https://www.ebi.ac.uk/ols4/ontologies/aro/classes/http%253A%252F%252Fpurl.obolibrary.org%252Fobo%252FARO_3000637,JAKWMN010000008.1,36504,36938,+,GCA_023857205.1_01413,marR,marR_S3N,AMR,POINT,MULTIDRUG,AMPICILLIN/CHLORAMPHENICOL/QUINOLONE/RIFAMPIN/TETRACYCLINE,AMPICILLIN,POINTP,WP_000843414.1,transcriptional regulator MarR,100.00,97.92,,,Annotation|https://ftp.ebi.ac.uk/pub/databases/amr_portal/genomes/GCA/023/857/GCA_023857205.1,1.5.0,Fast,2020,,,urine,urinary tract,38.97,-77.03,,no,NCBI_antibiogram,United States of America,Americas,Northern America
ampicillin,resistant,> 16 mg/L,SAMN26305024,GCA_023857685.1,Escherichia,Escherichia coli,Escherichia coli,562,772589,Homo sapiens,SRS15357475,broth dilution,BD Phoenix,CLSI,ARO_3000637|https://www.ebi.ac.uk/ols4/ontologies/aro/classes/http%253A%252F%252Fpurl.obolibrary.org%252Fobo%252FARO_3000637,JAKWNL010000018.1,42017,42451,+,GCA_023857685.1_02319,marR,marR_S3N,AMR,POINT,MULTIDRUG,AMPICILLIN/CHLORAMPHENICOL/QUINOLONE/RIFAMPIN/TETRACYCLINE,AMPICILLIN,POINTP,WP_000843414.1,transcriptional regulator MarR,100.00,97.92,,,Annotation|https://ftp.ebi.ac.uk/pub/databases/amr_portal/genomes/GCA/023/857/GCA_023857685.1,1.5.0,Fast,2020,,,urine,urinary tract,38.97,-77.03,,no,NCBI_antibiogram,United States of America,Americas,Northern America
ampicillin,susceptible,<= 4 mg/L,SAMN26305215,GCA_023857325.1,Escherichia,Escherichia coli,Escherichia coli,562,781893,Homo sapiens,SRS15357585,broth dilution,BD Phoenix,CLSI,ARO_3000637|https://www.ebi.ac.uk/ols4/ontologies/aro/classes/http%253A%252F%252Fpurl.obolibrary.org%252Fobo%252FARO_3000637,JAKWMT010000015.1,72758,73192,-,GCA_023857325.1_02053,marR,marR_S3N,AMR,POINT,MULTIDRUG,AMPICILLIN/CHLORAMPHENICOL/QUINOLONE/RIFAMPIN/TETRACYCLINE,AMPICILLIN,POINTP,WP_000843414.1,transcriptional regulator MarR,100.00,97.92,,,Annotation|https://ftp.ebi.ac.uk/pub/databases/amr_portal/genomes/GCA/023/857/GCA_023857325.1,1.5.0,Fast,2020,,,urine,urinary tract,38.97,-77.03,,no,NCBI_antibiogram,United States of America,Americas,Northern America
ampicillin,susceptible,<= 4 mg/L,SAMN26304397,GCA_023857225.1,Escherichia,Escherichia coli,Escherichia coli,562,781351,Homo sapiens,SRS15357561,broth dilution,BD Phoenix,CLSI,ARO_3000637|https://www.ebi.ac.uk/ols4/ontologies/aro/classes/http%253A%252F%252Fpurl.obolibrary.org%252Fobo%252FARO_3000637,JAKWMO010000012.1,13248,13682,+,GCA_023857225.1_01231,marR,marR_S3N,AMR,POINT,MULTIDRUG,AMPICILLIN/CHLORAMPHENICOL/QUINOLONE/RIFAMPIN/TETRACYCLINE,AMPICILLIN,POINTP,WP_000843414.1,transcriptional regulator MarR,100.00,97.92,,,Annotation|https://ftp.ebi.ac.uk/pub/databases/amr_portal/genomes/GCA/023/857/GCA_023857225.1,1.5.0,Fast,2020,,,urine,urinary tract,38.97,-77.03,,no,NCBI_antibiogram,United States of America,Americas,Northern America
ampicillin,susceptible,<= 4 mg/L,SAMN26308692,GCA_023895755.1,Escherichia,Escherichia coli,Escherichia coli,562,839004,Homo sapiens,SRS15359951,broth dilution,BD Phoenix,CLSI,ARO_3000637|https://www.ebi.ac.uk/ols4/ontologies/aro/classes/http%253A%252F%252Fpurl.obolibrary.org%252Fobo%252FARO_3000637,JAMETR010000010.1,476918,477352,-,GCA_023895755.1_01983,marR,marR_S3N,AMR,POINT,MULTIDRUG,AMPICILLIN/CHLORAMPHENICOL/QUINOLONE/RIFAMPIN/TETRACYCLINE,AMPICILLIN,POINTP,WP_000843414.1,transcriptional regulator MarR,100.00,97.92,,,Annotation|https://ftp.ebi.ac.uk/pub/databases/amr_portal/genomes/GCA/023/895/GCA_023895755.1,1.5.0,Fast,2020,,,urine,urinary tract,38.97,-77.03,,no,NCBI_antibiogram,United States of America,Americas,Northern America
ampicillin,susceptible,<= 4 mg/L,SAMN26304688,GCA_023895375.1,Escherichia,Escherichia coli,Escherichia coli,562,822596,Homo sapiens,SRS15358698,broth dilution,BD Phoenix,CLSI,ARO_3000637|https://www.ebi.ac.uk/ols4/ontologies/aro/classes/http%253A%252F%252Fpurl.obolibrary.org%252Fobo%252FARO_3000637,JAMESO010000028.1,72616,73050,-,GCA_023895375.1_02514,marR,marR_S3N,AMR,POINT,MULTIDRUG,AMPICILLIN/CHLORAMPHENICOL/QUINOLONE/RIFAMPIN/TETRACYCLINE,AMPICILLIN,POINTP,WP_000843414.1,transcriptional regulator MarR,100.00,97.92,,,Annotation|https://ftp.ebi.ac.uk/pub/databases/amr_portal/genomes/GCA/023/895/GCA_023895375.1,1.5.0,Fast,2020,,,urine,urinary tract,38.97,-77.03,,no,NCBI_antibiogram,United States of America,Americas,Northern America
ampicillin,resistant,> 16 mg/L,SAMN26309240,GCA_023895125.1,Escherichia,Escherichia coli,Escherichia coli,562,772071,Homo sapiens,SRS15355539,broth dilution,BD Phoenix,CLSI,ARO_3000637|https://www.ebi.ac.uk/ols4/ontologies/aro/classes/http%253A%252F%252Fpurl.obolibrary.org%252Fobo%252FARO_3000637,JAMESG010000007.1,9401,9835,-,GCA_023895125.1_01100,marR,marR_S3N,AMR,POINT,MULTIDRUG,AMPICILLIN/CHLORAMPHENICOL/QUINOLONE/RIFAMPIN/TETRACYCLINE,AMPICILLIN,POINTP,WP_000843414.1,transcriptional regulator MarR,100.00,97.92,,,Annotation|https://ftp.ebi.ac.uk/pub/databases/amr_portal/genomes/GCA/023/895/GCA_023895125.1,1.5.0,Fast,2020,,,urine,urinary tract,38.97,-77.03,,no,NCBI_antibiogram,United States of America,Americas,Northern America
ampicillin,resistant,> 16 mg/L,SAMN26305125,GCA_023895465.1,Escherichia,Escherichia coli,Escherichia coli,562,782161,Homo sapiens,SRS15357511,broth dilution,BD Phoenix,CLSI,ARO_3000637|https://www.ebi.ac.uk/ols4/ontologies/aro/classes/http%253A%252F%252Fpurl.obolibrary.org%252Fobo%252FARO_3000637,JAMESS010000010.1,63436,63870,-,GCA_023895465.1_01658,marR,marR_S3N,AMR,POINT,MULTIDRUG,AMPICILLIN/CHLORAMPHENICOL/QUINOLONE/RIFAMPIN/TETRACYCLINE,AMPICILLIN,POINTP,WP_000843414.1,transcriptional regulator MarR,100.00,97.92,,,Annotation|https://ftp.ebi.ac.uk/pub/databases/amr_portal/genomes/GCA/023/895/GCA_023895465.1,1.5.0,Fast,2020,,,urine,urinary tract,38.97,-77.03,,no,NCBI_antibiogram,United States of America,Americas,Northern America
ampicillin,susceptible,<= 4 mg/L,SAMN26305250,GCA_023895515.1,Escherichia,Escherichia coli,Escherichia coli,562,821744,Homo sapiens,SRS15358668,broth dilution,BD Phoenix,CLSI,ARO_3000637|https://www.ebi.ac.uk/ols4/ontologies/aro/classes/http%253A%252F%252Fpurl.obolibrary.org%252Fobo%252FARO_3000637,JAMESW010000046.1,72616,73050,-,GCA_023895515.1_03868,marR,marR_S3N,AMR,POINT,MULTIDRUG,AMPICILLIN/CHLORAMPHENICOL/QUINOLONE/RIFAMPIN/TETRACYCLINE,AMPICILLIN,POINTP,WP_000843414.1,transcriptional regulator MarR,100.00,97.92,,,Annotation|https://ftp.ebi.ac.uk/pub/databases/amr_portal/genomes/GCA/023/895/GCA_023895515.1,1.5.0,Fast,2020,,,urine,urinary tract,38.97,-77.03,,no,NCBI_antibiogram,United States of America,Americas,Northern America
ampicillin,susceptible,<= 4 mg/L,SAMN26304776,GCA_023895035.1,Escherichia,Escherichia coli,Escherichia coli,562,757905,Homo sapiens,SRS15352164,broth dilution,BD Phoenix,CLSI,ARO_3000637|https://www.ebi.ac.uk/ols4/ontologies/aro/classes/http%253A%252F%252Fpurl.obolibrary.org%252Fobo%252FARO_3000637,JAMEUI010000020.1,67297,67731,-,GCA_023895035.1_02823,marR,marR_S3N,AMR,POINT,MULTIDRUG,AMPICILLIN/CHLORAMPHENICOL/QUINOLONE/RIFAMPIN/TETRACYCLINE,AMPICILLIN,POINTP,WP_000843414.1,transcriptional regulator MarR,100.00,97.92,,,Annotation|https://ftp.ebi.ac.uk/pub/databases/amr_portal/genomes/GCA/023/895/GCA_023895035.1,1.5.0,Fast,2020,,,urine,urinary tract,38.97,-77.03,,no,NCBI_antibiogram,United States of America,Americas,Northern America
ampicillin,susceptible,<= 4 mg/L,SAMN26304577,GCA_023895415.1,Escherichia,Escherichia coli,Escherichia coli,562,822126,Homo sapiens,SRS15358582,broth dilution,BD Phoenix,CLSI,ARO_3000637|https://www.ebi.ac.uk/ols4/ontologies/aro/classes/http%253A%252F%252Fpurl.obolibrary.org%252Fobo%252FARO_3000637,JAMESR010000018.1,63436,63870,-,GCA_023895415.1_01737,marR,marR_S3N,AMR,POINT,MULTIDRUG,AMPICILLIN/CHLORAMPHENICOL/QUINOLONE/RIFAMPIN/TETRACYCLINE,AMPICILLIN,POINTP,WP_000843414.1,transcriptional regulator MarR,100.00,97.92,,,Annotation|https://ftp.ebi.ac.uk/pub/databases/amr_portal/genomes/GCA/023/895/GCA_023895415.1,1.5.0,Fast,2020,,,urine,urinary tract,38.97,-77.03,,no,NCBI_antibiogram,United States of America,Americas,Northern America
ampicillin,susceptible,<= 4 mg/L,SAMN26304645,GCA_023895215.1,Escherichia,Escherichia coli,Escherichia coli,562,793423,Homo sapiens,SRS15357663,broth dilution,BD Phoenix,CLSI,ARO_3000637|https://www.ebi.ac.uk/ols4/ontologies/aro/classes/http%253A%252F%252Fpurl.obolibrary.org%252Fobo%252FARO_3000637,JAMESK010000003.1,36118,36552,+,GCA_023895215.1_01056,marR,marR_S3N,AMR,POINT,MULTIDRUG,AMPICILLIN/CHLORAMPHENICOL/QUINOLONE/RIFAMPIN/TETRACYCLINE,AMPICILLIN,POINTP,WP_000843414.1,transcriptional regulator MarR,100.00,97.92,,,Annotation|https://ftp.ebi.ac.uk/pub/databases/amr_portal/genomes/GCA/023/895/GCA_023895215.1,1.5.0,Fast,2020,,,urine,urinary tract,38.97,-77.03,,no,NCBI_antibiogram,United States of America,Americas,Northern America
ampicillin,resistant,> 16 mg/L,SAMN26305240,GCA_023895045.1,Escherichia,Escherichia coli,Escherichia coli,562,767999,Homo sapiens,SRS15355756,broth dilution,BD Phoenix,CLSI,ARO_3000637|https://www.ebi.ac.uk/ols4/ontologies/aro/classes/http%253A%252F%252Fpurl.obolibrary.org%252Fobo%252FARO_3000637,JAMEUM010000008.1,13247,13681,+,GCA_023895045.1_00859,marR,marR_S3N,AMR,POINT,MULTIDRUG,AMPICILLIN/CHLORAMPHENICOL/QUINOLONE/RIFAMPIN/TETRACYCLINE,AMPICILLIN,POINTP,WP_000843414.1,transcriptional regulator MarR,100.00,97.92,,,Annotation|https://ftp.ebi.ac.uk/pub/databases/amr_portal/genomes/GCA/023/895/GCA_023895045.1,1.5.0,Fast,2020,,,urine,urinary tract,38.97,-77.03,,no,NCBI_antibiogram,United States of America,Americas,Northern America
ampicillin,susceptible,<= 4 mg/L,SAMN26304463,GCA_023895575.1,Escherichia,Escherichia coli,Escherichia coli,562,735269,Homo sapiens,SRS15348358,broth dilution,BD Phoenix,CLSI,ARO_3000637|https://www.ebi.ac.uk/ols4/ontologies/aro/classes/http%253A%252F%252Fpurl.obolibrary.org%252Fobo%252FARO_3000637,JAMESZ010000005.1,13231,13665,+,GCA_023895575.1_01006,marR,marR_S3N,AMR,POINT,MULTIDRUG,AMPICILLIN/CHLORAMPHENICOL/QUINOLONE/RIFAMPIN/TETRACYCLINE,AMPICILLIN,POINTP,WP_000843414.1,transcriptional regulator MarR,100.00,97.92,,,Annotation|https://ftp.ebi.ac.uk/pub/databases/amr_portal/genomes/GCA/023/895/GCA_023895575.1,1.5.0,Fast,2019,,,urine,urinary tract,38.97,-77.03,,no,NCBI_antibiogram,United States of America,Americas,Northern America
ampicillin,susceptible,<= 4 mg/L,SAMN26304879,GCA_023895355.1,Escherichia,Escherichia coli,Escherichia coli,562,821778,Homo sapiens,SRS15358673,broth dilution,BD Phoenix,CLSI,ARO_3000637|https://www.ebi.ac.uk/ols4/ontologies/aro/classes/http%253A%252F%252Fpurl.obolibrary.org%252Fobo%252FARO_3000637,JAMESM010000009.1,72616,73050,-,GCA_023895355.1_01843,marR,marR_S3N,AMR,POINT,MULTIDRUG,AMPICILLIN/CHLORAMPHENICOL/QUINOLONE/RIFAMPIN/TETRACYCLINE,AMPICILLIN,POINTP,WP_000843414.1,transcriptional regulator MarR,100.00,97.92,,,Annotation|https://ftp.ebi.ac.uk/pub/databases/amr_portal/genomes/GCA/023/895/GCA_023895355.1,1.5.0,Fast,2020,,,urine,urinary tract,38.97,-77.03,,no,NCBI_antibiogram,United States of America,Americas,Northern America
ampicillin,susceptible,<= 4 mg/L,SAMN26305249,GCA_023895695.1,Escherichia,Escherichia coli,Escherichia coli,562,806716,Homo sapiens,SRS15358561,broth dilution,BD Phoenix,CLSI,ARO_3000637|https://www.ebi.ac.uk/ols4/ontologies/aro/classes/http%253A%252F%252Fpurl.obolibrary.org%252Fobo%252FARO_3000637,JAMETQ010000015.1,36771,37205,+,GCA_023895695.1_02981,marR,marR_S3N,AMR,POINT,MULTIDRUG,AMPICILLIN/CHLORAMPHENICOL/QUINOLONE/RIFAMPIN/TETRACYCLINE,AMPICILLIN,POINTP,WP_000843414.1,transcriptional regulator MarR,100.00,97.92,,,Annotation|https://ftp.ebi.ac.uk/pub/databases/amr_portal/genomes/GCA/023/895/GCA_023895695.1,1.5.0,Fast,2020,,,blood,blood,38.97,-77.03,,no,NCBI_antibiogram,United States of America,Americas,Northern America
ampicillin,susceptible,<= 4 mg/L,SAMN26308637,GCA_023887555.1,Escherichia,Escherichia coli,Escherichia coli,562,821760,Homo sapiens,SRS15358669,broth dilution,BD Phoenix,CLSI,ARO_3000637|https://www.ebi.ac.uk/ols4/ontologies/aro/classes/http%253A%252F%252Fpurl.obolibrary.org%252Fobo%252FARO_3000637,JAMEVE010000010.1,72280,72714,-,GCA_023887555.1_01841,marR,marR_S3N,AMR,POINT,MULTIDRUG,AMPICILLIN/CHLORAMPHENICOL/QUINOLONE/RIFAMPIN/TETRACYCLINE,AMPICILLIN,POINTP,WP_000843414.1,transcriptional regulator MarR,100.00,97.92,,,Annotation|https://ftp.ebi.ac.uk/pub/databases/amr_portal/genomes/GCA/023/887/GCA_023887555.1,1.5.0,Fast,2020,,,urine,urinary tract,38.97,-77.03,,no,NCBI_antibiogram,United States of America,Americas,Northern America
ampicillin,susceptible,<= 4 mg/L,SAMN26304880,GCA_023887505.1,Escherichia,Escherichia coli,Escherichia coli,562,734707,Homo sapiens,SRS15348252,broth dilution,BD Phoenix,CLSI,ARO_3000637|https://www.ebi.ac.uk/ols4/ontologies/aro/classes/http%253A%252F%252Fpurl.obolibrary.org%252Fobo%252FARO_3000637,JAMEVD010000014.1,13247,13681,+,GCA_023887505.1_00753,marR,marR_S3N,AMR,POINT,MULTIDRUG,AMPICILLIN/CHLORAMPHENICOL/QUINOLONE/RIFAMPIN/TETRACYCLINE,AMPICILLIN,POINTP,WP_000843414.1,transcriptional regulator MarR,100.00,97.92,,,Annotation|https://ftp.ebi.ac.uk/pub/databases/amr_portal/genomes/GCA/023/887/GCA_023887505.1,1.5.0,Fast,2019,,,urine,urinary tract,38.97,-77.03,,no,NCBI_antibiogram,United States of America,Americas,Northern America
ampicillin,susceptible,<= 4 mg/L,SAMN26305118,GCA_023887525.1,Escherichia,Escherichia coli,Escherichia coli,562,767537,Homo sapiens,SRS15355666,broth dilution,BD Phoenix,CLSI,ARO_3000637|https://www.ebi.ac.uk/ols4/ontologies/aro/classes/http%253A%252F%252Fpurl.obolibrary.org%252Fobo%252FARO_3000637,JAMEVF010000018.1,63436,63870,-,GCA_023887525.1_01740,marR,marR_S3N,AMR,POINT,MULTIDRUG,AMPICILLIN/CHLORAMPHENICOL/QUINOLONE/RIFAMPIN/TETRACYCLINE,AMPICILLIN,POINTP,WP_000843414.1,transcriptional regulator MarR,100.00,97.92,,,Annotation|https://ftp.ebi.ac.uk/pub/databases/amr_portal/genomes/GCA/023/887/GCA_023887525.1,1.5.0,Fast,2020,,,urine,urinary tract,38.97,-77.03,,no,NCBI_antibiogram,United States of America,Americas,Northern America
ampicillin,resistant,> 16 mg/L,SAMN26305272,GCA_023887385.1,Escherichia,Escherichia coli,Escherichia coli,562,758619,Homo sapiens,SRS15355748,broth dilution,BD Phoenix,CLSI,ARO_3000637|https://www.ebi.ac.uk/ols4/ontologies/aro/classes/http%253A%252F%252Fpurl.obolibrary.org%252Fobo%252FARO_3000637,JAMEUX010000005.1,36770,37204,+,GCA_023887385.1_00763,marR,marR_S3N,AMR,POINT,MULTIDRUG,AMPICILLIN/CHLORAMPHENICOL/QUINOLONE/RIFAMPIN/TETRACYCLINE,AMPICILLIN,POINTP,WP_000843414.1,transcriptional regulator MarR,100.00,97.92,,,Annotation|https://ftp.ebi.ac.uk/pub/databases/amr_portal/genomes/GCA/023/887/GCA_023887385.1,1.5.0,Fast,2020,,,urine,urinary tract,38.97,-77.03,,no,NCBI_antibiogram,United States of America,Americas,Northern America
ampicillin,resistant,> 16 mg/L,SAMN26309107,GCA_023887285.1,Escherichia,Escherichia coli,Escherichia coli,562,735479,Homo sapiens,SRS15348414,broth dilution,BD Phoenix,CLSI,ARO_3000637|https://www.ebi.ac.uk/ols4/ontologies/aro/classes/http%253A%252F%252Fpurl.obolibrary.org%252Fobo%252FARO_3000637,JAMEUS010000016.1,36553,36987,+,GCA_023887285.1_01140,marR,marR_S3N,AMR,POINT,MULTIDRUG,AMPICILLIN/CHLORAMPHENICOL/QUINOLONE/RIFAMPIN/TETRACYCLINE,AMPICILLIN,POINTP,WP_000843414.1,transcriptional regulator MarR,100.00,97.92,,,Annotation|https://ftp.ebi.ac.uk/pub/databases/amr_portal/genomes/GCA/023/887/GCA_023887285.1,1.5.0,Fast,2019,,,urine,urinary tract,38.97,-77.03,,no,NCBI_antibiogram,United States of America,Americas,Northern America
ampicillin,resistant,> 16 mg/L,SAMN26308565,GCA_023887265.1,Escherichia,Escherichia coli,Escherichia coli,562,749477,Homo sapiens,SRS15351967,broth dilution,BD Phoenix,CLSI,ARO_3000637|https://www.ebi.ac.uk/ols4/ontologies/aro/classes/http%253A%252F%252Fpurl.obolibrary.org%252Fobo%252FARO_3000637,JAMEUE010000012.1,27721,28155,+,GCA_023887265.1_02447,marR,marR_S3N,AMR,POINT,MULTIDRUG,AMPICILLIN/CHLORAMPHENICOL/QUINOLONE/RIFAMPIN/TETRACYCLINE,AMPICILLIN,POINTP,WP_000843414.1,transcriptional regulator MarR,100.00,97.92,,,Annotation|https://ftp.ebi.ac.uk/pub/databases/amr_portal/genomes/GCA/023/887/GCA_023887265.1,1.5.0,Fast,2020,,,urine,urinary tract,38.97,-77.03,,no,NCBI_antibiogram,United States of America,Americas,Northern America
ampicillin,resistant,> 16 mg/L,SAMN26304913,GCA_023887345.1,Escherichia,Escherichia coli,Escherichia coli,562,794305,Homo sapiens,SRS15357728,broth dilution,BD Phoenix,CLSI,ARO_3000637|https://www.ebi.ac.uk/ols4/ontologies/aro/classes/http%253A%252F%252Fpurl.obolibrary.org%252Fobo%252FARO_3000637,JAMEUV010000017.1,63418,63852,-,GCA_023887345.1_01379,marR,marR_S3N,AMR,POINT,MULTIDRUG,AMPICILLIN/CHLORAMPHENICOL/QUINOLONE/RIFAMPIN/TETRACYCLINE,AMPICILLIN,POINTP,WP_000843414.1,transcriptional regulator MarR,100.00,97.92,,,Annotation|https://ftp.ebi.ac.uk/pub/databases/amr_portal/genomes/GCA/023/887/GCA_023887345.1,1.5.0,Fast,2020,,,perirectal,skin or soft tissue,38.97,-77.03,,no,NCBI_antibiogram,United States of America,Americas,Northern America
ampicillin,susceptible,<= 4 mg/L,SAMN26305055,GCA_023887465.1,Escherichia,Escherichia coli,Escherichia coli,562,822810,Homo sapiens,SRS15360129,broth dilution,BD Phoenix,CLSI,ARO_3000637|https://www.ebi.ac.uk/ols4/ontologies/aro/classes/http%253A%252F%252Fpurl.obolibrary.org%252Fobo%252FARO_3000637,JAMEVC010000027.1,36770,37204,+,GCA_023887465.1_03940,marR,marR_S3N,AMR,POINT,MULTIDRUG,AMPICILLIN/CHLORAMPHENICOL/QUINOLONE/RIFAMPIN/TETRACYCLINE,AMPICILLIN,POINTP,WP_000843414.1,transcriptional regulator MarR,100.00,97.92,,,Annotation|https://ftp.ebi.ac.uk/pub/databases/amr_portal/genomes/GCA/023/887/GCA_023887465.1,1.5.0,Fast,2020,,,urine,urinary tract,38.97,-77.03,,no,NCBI_antibiogram,United States of America,Americas,Northern America
ampicillin,resistant,> 16 mg/L,SAMN26304871,GCA_023887405.1,Escherichia,Escherichia coli,Escherichia coli,562,734597,Homo sapiens,SRS15348176,broth dilution,BD Phoenix,CLSI,ARO_3000637|https://www.ebi.ac.uk/ols4/ontologies/aro/classes/http%253A%252F%252Fpurl.obolibrary.org%252Fobo%252FARO_3000637,JAMEUY010000033.1,14534,14968,+,GCA_023887405.1_02434,marR,marR_S3N,AMR,POINT,MULTIDRUG,AMPICILLIN/CHLORAMPHENICOL/QUINOLONE/RIFAMPIN/TETRACYCLINE,AMPICILLIN,POINTP,WP_000843414.1,transcriptional regulator MarR,100.00,97.92,,,Annotation|https://ftp.ebi.ac.uk/pub/databases/amr_portal/genomes/GCA/023/887/GCA_023887405.1,1.5.0,Fast,2019,,,urine,urinary tract,38.97,-77.03,,no,NCBI_antibiogram,United States of America,Americas,Northern America
ampicillin,resistant,> 16 mg/L,SAMN26309088,GCA_023887615.1,Escherichia,Escherichia coli,Escherichia coli,562,822336,Homo sapiens,SRS15358773,broth dilution,BD Phoenix,CLSI,ARO_3000637|https://www.ebi.ac.uk/ols4/ontologies/aro/classes/http%253A%252F%252Fpurl.obolibrary.org%252Fobo%252FARO_3000637,JAMEVJ010000012.1,42577,43011,+,GCA_023887615.1_01515,marR,marR_S3N,AMR,POINT,MULTIDRUG,AMPICILLIN/CHLORAMPHENICOL/QUINOLONE/RIFAMPIN/TETRACYCLINE,AMPICILLIN,POINTP,WP_000843414.1,transcriptional regulator MarR,100.00,97.92,,,Annotation|https://ftp.ebi.ac.uk/pub/databases/amr_portal/genomes/GCA/023/887/GCA_023887615.1,1.5.0,Fast,2020,,,urine,urinary tract,38.97,-77.03,,no,NCBI_antibiogram,United States of America,Americas,Northern America
ampicillin,susceptible,<= 4 mg/L,SAMN26305133,GCA_023883715.1,Escherichia,Escherichia coli,Escherichia coli,562,758837,Homo sapiens,SRS15355639,broth dilution,BD Phoenix,CLSI,ARO_3000637|https://www.ebi.ac.uk/ols4/ontologies/aro/classes/http%253A%252F%252Fpurl.obolibrary.org%252Fobo%252FARO_3000637,JAKYAQ010000015.1,27409,27843,+,GCA_023883715.1_01392,marR,marR_S3N,AMR,POINT,MULTIDRUG,AMPICILLIN/CHLORAMPHENICOL/QUINOLONE/RIFAMPIN/TETRACYCLINE,AMPICILLIN,POINTP,WP_000843414.1,transcriptional regulator MarR,100.00,97.92,,,Annotation|https://ftp.ebi.ac.uk/pub/databases/amr_portal/genomes/GCA/023/883/GCA_023883715.1,1.5.0,Fast,2020,,,urine,urinary tract,38.97,-77.03,,no,NCBI_antibiogram,United States of America,Americas,Northern America
ampicillin,susceptible,<= 4 mg/L,SAMN26308671,GCA_023883085.1,Escherichia,Escherichia coli,Escherichia coli,562,709041,Homo sapiens,SRS15339934,broth dilution,BD Phoenix,CLSI,ARO_3000637|https://www.ebi.ac.uk/ols4/ontologies/aro/classes/http%253A%252F%252Fpurl.obolibrary.org%252Fobo%252FARO_3000637,JAKXZE010000025.1,73659,74093,-,GCA_023883085.1_02550,marR,marR_S3N,AMR,POINT,MULTIDRUG,AMPICILLIN/CHLORAMPHENICOL/QUINOLONE/RIFAMPIN/TETRACYCLINE,AMPICILLIN,POINTP,WP_000843414.1,transcriptional regulator MarR,100.00,97.92,,,Annotation|https://ftp.ebi.ac.uk/pub/databases/amr_portal/genomes/GCA/023/883/GCA_023883085.1,1.5.0,Fast,2019,,,urine,urinary tract,38.97,-77.03,,no,NCBI_antibiogram,United States of America,Americas,Northern America
ampicillin,susceptible,<= 4 mg/L,SAMN26304422,GCA_023883805.1,Escherichia,Escherichia coli,Escherichia coli,562,759025,Homo sapiens,SRS15355660,broth dilution,BD Phoenix,CLSI,ARO_3000637|https://www.ebi.ac.uk/ols4/ontologies/aro/classes/http%253A%252F%252Fpurl.obolibrary.org%252Fobo%252FARO_3000637,JAKYAV010000021.1,36140,36574,+,GCA_023883805.1_02534,marR,marR_S3N,AMR,POINT,MULTIDRUG,AMPICILLIN/CHLORAMPHENICOL/QUINOLONE/RIFAMPIN/TETRACYCLINE,AMPICILLIN,POINTP,WP_000843414.1,transcriptional regulator MarR,100.00,97.92,,,Annotation|https://ftp.ebi.ac.uk/pub/databases/amr_portal/genomes/GCA/023/883/GCA_023883805.1,1.5.0,Fast,2020,,,urine,urinary tract,38.97,-77.03,,no,NCBI_antibiogram,United States of America,Americas,Northern America
ampicillin,susceptible,<= 4 mg/L,SAMN26304998,GCA_023883065.1,Escherichia,Escherichia coli,Escherichia coli,562,710097,Homo sapiens,SRS15348439,broth dilution,BD Phoenix,CLSI,ARO_3000637|https://www.ebi.ac.uk/ols4/ontologies/aro/classes/http%253A%252F%252Fpurl.obolibrary.org%252Fobo%252FARO_3000637,JAKYGI010000013.1,44840,45274,+,GCA_023883065.1_01347,marR,marR_S3N,AMR,POINT,MULTIDRUG,AMPICILLIN/CHLORAMPHENICOL/QUINOLONE/RIFAMPIN/TETRACYCLINE,AMPICILLIN,POINTP,WP_000843414.1,transcriptional regulator MarR,100.00,97.92,,,Annotation|https://ftp.ebi.ac.uk/pub/databases/amr_portal/genomes/GCA/023/883/GCA_023883065.1,1.5.0,Fast,2019,,,urine,urinary tract,38.97,-77.03,,no,NCBI_antibiogram,United States of America,Americas,Northern America
ampicillin,susceptible,<= 4 mg/L,SAMN26304877,GCA_023883135.1,Escherichia,Escherichia coli,Escherichia coli,562,758685,Homo sapiens,SRS15355549,broth dilution,BD Phoenix,CLSI,ARO_3000637|https://www.ebi.ac.uk/ols4/ontologies/aro/classes/http%253A%252F%252Fpurl.obolibrary.org%252Fobo%252FARO_3000637,JAKXYT010000012.1,395007,395441,-,GCA_023883135.1_01794,marR,marR_S3N,AMR,POINT,MULTIDRUG,AMPICILLIN/CHLORAMPHENICOL/QUINOLONE/RIFAMPIN/TETRACYCLINE,AMPICILLIN,POINTP,WP_000843414.1,transcriptional regulator MarR,100.00,97.92,,,Annotation|https://ftp.ebi.ac.uk/pub/databases/amr_portal/genomes/GCA/023/883/GCA_023883135.1,1.5.0,Fast,2020,,,urine,urinary tract,38.97,-77.03,,no,NCBI_antibiogram,United States of America,Americas,Northern America
ampicillin,susceptible,<= 4 mg/L,SAMN26309241,GCA_023883865.1,Escherichia,Escherichia coli,Escherichia coli,562,772135,Homo sapiens,SRS15355546,broth dilution,BD Phoenix,CLSI,ARO_3000637|https://www.ebi.ac.uk/ols4/ontologies/aro/classes/http%253A%252F%252Fpurl.obolibrary.org%252Fobo%252FARO_3000637,JAKYAY010000011.1,9400,9834,-,GCA_023883865.1_01723,marR,marR_S3N,AMR,POINT,MULTIDRUG,AMPICILLIN/CHLORAMPHENICOL/QUINOLONE/RIFAMPIN/TETRACYCLINE,AMPICILLIN,POINTP,WP_000843414.1,transcriptional regulator MarR,100.00,97.92,,,Annotation|https://ftp.ebi.ac.uk/pub/databases/amr_portal/genomes/GCA/023/883/GCA_023883865.1,1.5.0,Fast,2020,,,urine,urinary tract,38.97,-77.03,,no,NCBI_antibiogram,United States of America,Americas,Northern America
ampicillin,susceptible,<= 4 mg/L,SAMN26304722,GCA_023883145.1,Escherichia,Escherichia coli,Escherichia coli,562,781675,Homo sapiens,SRS15357490,broth dilution,BD Phoenix,CLSI,ARO_3000637|https://www.ebi.ac.uk/ols4/ontologies/aro/classes/http%253A%252F%252Fpurl.obolibrary.org%252Fobo%252FARO_3000637,JAKXZM010000019.1,17121,17555,-,GCA_023883145.1_01844,marR,marR_S3N,AMR,POINT,MULTIDRUG,AMPICILLIN/CHLORAMPHENICOL/QUINOLONE/RIFAMPIN/TETRACYCLINE,AMPICILLIN,POINTP,WP_000843414.1,transcriptional regulator MarR,100.00,97.92,,,Annotation|https://ftp.ebi.ac.uk/pub/databases/amr_portal/genomes/GCA/023/883/GCA_023883145.1,1.5.0,Fast,2020,,,urine,urinary tract,38.97,-77.03,,no,NCBI_antibiogram,United States of America,Americas,Northern America
ampicillin,susceptible,<= 4 mg/L,SAMN26308638,GCA_023883105.1,Escherichia,Escherichia coli,Escherichia coli,562,697728,Homo sapiens,SRS15339906,broth dilution,BD Phoenix,CLSI,ARO_3000637|https://www.ebi.ac.uk/ols4/ontologies/aro/classes/http%253A%252F%252Fpurl.obolibrary.org%252Fobo%252FARO_3000637,JAKXYS010000046.1,36504,36938,+,GCA_023883105.1_02941,marR,marR_S3N,AMR,POINT,MULTIDRUG,AMPICILLIN/CHLORAMPHENICOL/QUINOLONE/RIFAMPIN/TETRACYCLINE,AMPICILLIN,POINTP,WP_000843414.1,transcriptional regulator MarR,100.00,97.92,,,Annotation|https://ftp.ebi.ac.uk/pub/databases/amr_portal/genomes/GCA/023/883/GCA_023883105.1,1.5.0,Fast,2019,,,urine,urinary tract,38.97,-77.03,,no,NCBI_antibiogram,United States of America,Americas,Northern America
ampicillin,susceptible,<= 4 mg/L,SAMN26308650,GCA_023883785.1,Escherichia,Escherichia coli,Escherichia coli,562,750617,Homo sapiens,SRS15352146,broth dilution,BD Phoenix,CLSI,ARO_3000637|https://www.ebi.ac.uk/ols4/ontologies/aro/classes/http%253A%252F%252Fpurl.obolibrary.org%252Fobo%252FARO_3000637,JAKYAU010000026.1,72617,73051,-,GCA_023883785.1_02875,marR,marR_S3N,AMR,POINT,MULTIDRUG,AMPICILLIN/CHLORAMPHENICOL/QUINOLONE/RIFAMPIN/TETRACYCLINE,AMPICILLIN,POINTP,WP_000843414.1,transcriptional regulator MarR,100.00,97.92,,,Annotation|https://ftp.ebi.ac.uk/pub/databases/amr_portal/genomes/GCA/023/883/GCA_023883785.1,1.5.0,Fast,2020,,,urine,urinary tract,38.97,-77.03,,no,NCBI_antibiogram,United States of America,Americas,Northern America
ampicillin,susceptible,<= 4 mg/L,SAMN26305148,GCA_023883405.1,Escherichia,Escherichia coli,Escherichia coli,562,757867,Homo sapiens,SRS15351935,broth dilution,BD Phoenix,CLSI,ARO_3000637|https://www.ebi.ac.uk/ols4/ontologies/aro/classes/http%253A%252F%252Fpurl.obolibrary.org%252Fobo%252FARO_3000637,JAKXZZ010000017.1,13247,13681,+,GCA_023883405.1_00954,marR,marR_S3N,AMR,POINT,MULTIDRUG,AMPICILLIN/CHLORAMPHENICOL/QUINOLONE/RIFAMPIN/TETRACYCLINE,AMPICILLIN,POINTP,WP_000843414.1,transcriptional regulator MarR,100.00,97.92,,,Annotation|https://ftp.ebi.ac.uk/pub/databases/amr_portal/genomes/GCA/023/883/GCA_023883405.1,1.5.0,Fast,2020,,,urine,urinary tract,38.97,-77.03,,no,NCBI_antibiogram,United States of America,Americas,Northern America
ampicillin,susceptible,<= 4 mg/L,SAMN26308632,GCA_023883495.1,Escherichia,Escherichia coli,Escherichia coli,562,749821,Homo sapiens,SRS15352197,broth dilution,BD Phoenix,CLSI,ARO_3000637|https://www.ebi.ac.uk/ols4/ontologies/aro/classes/http%253A%252F%252Fpurl.obolibrary.org%252Fobo%252FARO_3000637,JAKYAF010000004.1,36771,37205,+,GCA_023883495.1_00535,marR,marR_S3N,AMR,POINT,MULTIDRUG,AMPICILLIN/CHLORAMPHENICOL/QUINOLONE/RIFAMPIN/TETRACYCLINE,AMPICILLIN,POINTP,WP_000843414.1,transcriptional regulator MarR,100.00,97.92,,,Annotation|https://ftp.ebi.ac.uk/pub/databases/amr_portal/genomes/GCA/023/883/GCA_023883495.1,1.5.0,Fast,2020,,,urine,urinary tract,38.97,-77.03,,no,NCBI_antibiogram,United States of America,Americas,Northern America
ampicillin,resistant,> 16 mg/L,SAMN26309222,GCA_023883955.1,Escherichia,Escherichia coli,Escherichia coli,562,730453,Homo sapiens,SRS15348163,broth dilution,BD Phoenix,CLSI,ARO_3000637|https://www.ebi.ac.uk/ols4/ontologies/aro/classes/http%253A%252F%252Fpurl.obolibrary.org%252Fobo%252FARO_3000637,JAKYBJ010000023.1,9403,9837,-,GCA_023883955.1_01782,marR,marR_S3N,AMR,POINT,MULTIDRUG,AMPICILLIN/CHLORAMPHENICOL/QUINOLONE/RIFAMPIN/TETRACYCLINE,AMPICILLIN,POINTP,WP_000843414.1,transcriptional regulator MarR,100.00,97.92,,,Annotation|https://ftp.ebi.ac.uk/pub/databases/amr_portal/genomes/GCA/023/883/GCA_023883955.1,1.5.0,Fast,2019,,,urine,urinary tract,38.97,-77.03,,no,NCBI_antibiogram,United States of America,Americas,Northern America
ampicillin,susceptible,<= 4 mg/L,SAMN26309144,GCA_023871725.1,Escherichia,Escherichia coli,Escherichia coli,562,823040,Homo sapiens,SRS15359952,broth dilution,BD Phoenix,CLSI,ARO_3000637|https://www.ebi.ac.uk/ols4/ontologies/aro/classes/http%253A%252F%252Fpurl.obolibrary.org%252Fobo%252FARO_3000637,JAMFHX010000014.1,63381,63815,-,GCA_023871725.1_01671,marR,marR_S3N,AMR,POINT,MULTIDRUG,AMPICILLIN/CHLORAMPHENICOL/QUINOLONE/RIFAMPIN/TETRACYCLINE,AMPICILLIN,POINTP,WP_000843414.1,transcriptional regulator MarR,100.00,97.92,,,Annotation|https://ftp.ebi.ac.uk/pub/databases/amr_portal/genomes/GCA/023/871/GCA_023871725.1,1.5.0,Fast,2020,,,urine,urinary tract,38.97,-77.03,,no,NCBI_antibiogram,United States of America,Americas,Northern America
ampicillin,resistant,> 16 mg/L,SAMN26308561,GCA_023871305.1,Escherichia,Escherichia coli,Escherichia coli,562,805818,Homo sapiens,SRS15358615,broth dilution,BD Phoenix,CLSI,ARO_3000637|https://www.ebi.ac.uk/ols4/ontologies/aro/classes/http%253A%252F%252Fpurl.obolibrary.org%252Fobo%252FARO_3000637,JAMFHA010000028.1,194001,194435,-,GCA_023871305.1_02615,marR,marR_S3N,AMR,POINT,MULTIDRUG,AMPICILLIN/CHLORAMPHENICOL/QUINOLONE/RIFAMPIN/TETRACYCLINE,AMPICILLIN,POINTP,WP_000843414.1,transcriptional regulator MarR,100.00,97.92,,,Annotation|https://ftp.ebi.ac.uk/pub/databases/amr_portal/genomes/GCA/023/871/GCA_023871305.1,1.5.0,Fast,2020,,,urine,urinary tract,38.97,-77.03,,no,NCBI_antibiogram,United States of America,Americas,Northern America
ampicillin,susceptible,<= 4 mg/L,SAMN26309335,GCA_023871325.1,Escherichia,Escherichia coli,Escherichia coli,562,767465,Homo sapiens,SRS15355594,broth dilution,BD Phoenix,CLSI,ARO_3000637|https://www.ebi.ac.uk/ols4/ontologies/aro/classes/http%253A%252F%252Fpurl.obolibrary.org%252Fobo%252FARO_3000637,JAMFHE010000001.1,34987,35421,+,GCA_023871325.1_00033,marR,marR_S3N,AMR,POINT,MULTIDRUG,AMPICILLIN/CHLORAMPHENICOL/QUINOLONE/RIFAMPIN/TETRACYCLINE,AMPICILLIN,POINTP,WP_000843414.1,transcriptional regulator MarR,100.00,97.92,,,Annotation|https://ftp.ebi.ac.uk/pub/databases/amr_portal/genomes/GCA/023/871/GCA_023871325.1,1.5.0,Fast,2020,,,urine,urinary tract,38.97,-77.03,,no,NCBI_antibiogram,United States of America,Americas,Northern America
ampicillin,susceptible,<= 4 mg/L,SAMN26309336,GCA_023871245.1,Escherichia,Escherichia coli,Escherichia coli,562,767801,Homo sapiens,SRS15355735,broth dilution,BD Phoenix,CLSI,ARO_3000637|https://www.ebi.ac.uk/ols4/ontologies/aro/classes/http%253A%252F%252Fpurl.obolibrary.org%252Fobo%252FARO_3000637,JAMFGV010000004.1,263283,263717,-,GCA_023871245.1_01012,marR,marR_S3N,AMR,POINT,MULTIDRUG,AMPICILLIN/CHLORAMPHENICOL/QUINOLONE/RIFAMPIN/TETRACYCLINE,AMPICILLIN,POINTP,WP_000843414.1,transcriptional regulator MarR,100.00,97.92,,,Annotation|https://ftp.ebi.ac.uk/pub/databases/amr_portal/genomes/GCA/023/871/GCA_023871245.1,1.5.0,Fast,2020,,,urine,urinary tract,38.97,-77.03,,no,NCBI_antibiogram,United States of America,Americas,Northern America
ampicillin,susceptible,<= 4 mg/L,SAMN26305217,GCA_023871945.1,Escherichia,Escherichia coli,Escherichia coli,562,767457,Homo sapiens,SRS15355593,broth dilution,BD Phoenix,CLSI,ARO_3000637|https://www.ebi.ac.uk/ols4/ontologies/aro/classes/http%253A%252F%252Fpurl.obolibrary.org%252Fobo%252FARO_3000637,JAMFIP010000011.1,36775,37209,+,GCA_023871945.1_01509,marR,marR_S3N,AMR,POINT,MULTIDRUG,AMPICILLIN/CHLORAMPHENICOL/QUINOLONE/RIFAMPIN/TETRACYCLINE,AMPICILLIN,POINTP,WP_000843414.1,transcriptional regulator MarR,100.00,97.92,,,Annotation|https://ftp.ebi.ac.uk/pub/databases/amr_portal/genomes/GCA/023/871/GCA_023871945.1,1.5.0,Fast,2020,,,urine,urinary tract,38.97,-77.03,,no,NCBI_antibiogram,United States of America,Americas,Northern America
ampicillin,susceptible,<= 4 mg/L,SAMN26308590,GCA_023871425.1,Escherichia,Escherichia coli,Escherichia coli,562,767609,Homo sapiens,SRS15355673,broth dilution,BD Phoenix,CLSI,ARO_3000637|https://www.ebi.ac.uk/ols4/ontologies/aro/classes/http%253A%252F%252Fpurl.obolibrary.org%252Fobo%252FARO_3000637,JAMFHI010000012.1,72626,73060,-,GCA_023871425.1_01808,marR,marR_S3N,AMR,POINT,MULTIDRUG,AMPICILLIN/CHLORAMPHENICOL/QUINOLONE/RIFAMPIN/TETRACYCLINE,AMPICILLIN,POINTP,WP_000843414.1,transcriptional regulator MarR,100.00,97.92,,,Annotation|https://ftp.ebi.ac.uk/pub/databases/amr_portal/genomes/GCA/023/871/GCA_023871425.1,1.5.0,Fast,2020,,,urine,urinary tract,38.97,-77.03,,no,NCBI_antibiogram,United States of America,Americas,Northern America
ampicillin,susceptible,<= 4 mg/L,SAMN26305235,GCA_023871225.1,Escherichia,Escherichia coli,Escherichia coli,562,758991,Homo sapiens,SRS15355656,broth dilution,BD Phoenix,CLSI,ARO_3000637|https://www.ebi.ac.uk/ols4/ontologies/aro/classes/http%253A%252F%252Fpurl.obolibrary.org%252Fobo%252FARO_3000637,JAMFGW010000008.1,475942,476376,-,GCA_023871225.1_02895,marR,marR_S3N,AMR,POINT,MULTIDRUG,AMPICILLIN/CHLORAMPHENICOL/QUINOLONE/RIFAMPIN/TETRACYCLINE,AMPICILLIN,POINTP,WP_000843414.1,transcriptional regulator MarR,100.00,97.92,,,Annotation|https://ftp.ebi.ac.uk/pub/databases/amr_portal/genomes/GCA/023/871/GCA_023871225.1,1.5.0,Fast,2020,,,urine,urinary tract,38.97,-77.03,,no,NCBI_antibiogram,United States of America,Americas,Northern America
ampicillin,resistant,> 16 mg/L,SAMN26308628,GCA_023871785.1,Escherichia,Escherichia coli,Escherichia coli,562,838198,Homo sapiens,SRS15359926,broth dilution,BD Phoenix,CLSI,ARO_3000637|https://www.ebi.ac.uk/ols4/ontologies/aro/classes/http%253A%252F%252Fpurl.obolibrary.org%252Fobo%252FARO_3000637,JAMFIE010000005.1,72627,73061,-,GCA_023871785.1_00935,marR,marR_S3N,AMR,POINT,MULTIDRUG,AMPICILLIN/CHLORAMPHENICOL/QUINOLONE/RIFAMPIN/TETRACYCLINE,AMPICILLIN,POINTP,WP_000843414.1,transcriptional regulator MarR,100.00,97.92,,,Annotation|https://ftp.ebi.ac.uk/pub/databases/amr_portal/genomes/GCA/023/871/GCA_023871785.1,1.5.0,Fast,2020,,,urine,urinary tract,38.97,-77.03,,no,NCBI_antibiogram,United States of America,Americas,Northern America
ampicillin,susceptible,<= 4 mg/L,SAMN26309098,GCA_023871545.1,Escherichia,Escherichia coli,Escherichia coli,562,698458,Homo sapiens,SRS15339681,broth dilution,BD Phoenix,CLSI,ARO_3000637|https://www.ebi.ac.uk/ols4/ontologies/aro/classes/http%253A%252F%252Fpurl.obolibrary.org%252Fobo%252FARO_3000637,JAMFHO010000019.1,63417,63851,-,GCA_023871545.1_01652,marR,marR_S3N,AMR,POINT,MULTIDRUG,AMPICILLIN/CHLORAMPHENICOL/QUINOLONE/RIFAMPIN/TETRACYCLINE,AMPICILLIN,POINTP,WP_000843414.1,transcriptional regulator MarR,100.00,97.92,,,Annotation|https://ftp.ebi.ac.uk/pub/databases/amr_portal/genomes/GCA/023/871/GCA_023871545.1,1.5.0,Fast,2019,,,urine,urinary tract,38.97,-77.03,,no,NCBI_antibiogram,United States of America,Americas,Northern America
ampicillin,susceptible,<= 4 mg/L,SAMN26308686,GCA_023871465.1,Escherichia,Escherichia coli,Escherichia coli,562,767869,Homo sapiens,SRS15355742,broth dilution,BD Phoenix,CLSI,ARO_3000637|https://www.ebi.ac.uk/ols4/ontologies/aro/classes/http%253A%252F%252Fpurl.obolibrary.org%252Fobo%252FARO_3000637,JAMFHL010000013.1,13231,13665,+,GCA_023871465.1_01502,marR,marR_S3N,AMR,POINT,MULTIDRUG,AMPICILLIN/CHLORAMPHENICOL/QUINOLONE/RIFAMPIN/TETRACYCLINE,AMPICILLIN,POINTP,WP_000843414.1,transcriptional regulator MarR,100.00,97.92,,,Annotation|https://ftp.ebi.ac.uk/pub/databases/amr_portal/genomes/GCA/023/871/GCA_023871465.1,1.5.0,Fast,2020,,,urine,urinary tract,38.97,-77.03,,no,NCBI_antibiogram,United States of America,Americas,Northern America
ampicillin,susceptible,<= 4 mg/L,SAMN26304395,GCA_023871375.1,Escherichia,Escherichia coli,Escherichia coli,562,698512,Homo sapiens,SRS15339688,broth dilution,BD Phoenix,CLSI,ARO_3000637|https://www.ebi.ac.uk/ols4/ontologies/aro/classes/http%253A%252F%252Fpurl.obolibrary.org%252Fobo%252FARO_3000637,JAMFHH010000018.1,36770,37204,+,GCA_023871375.1_01503,marR,marR_S3N,AMR,POINT,MULTIDRUG,AMPICILLIN/CHLORAMPHENICOL/QUINOLONE/RIFAMPIN/TETRACYCLINE,AMPICILLIN,POINTP,WP_000843414.1,transcriptional regulator MarR,100.00,97.92,,,Annotation|https://ftp.ebi.ac.uk/pub/databases/amr_portal/genomes/GCA/023/871/GCA_023871375.1,1.5.0,Fast,2019,,,urine,urinary tract,38.97,-77.03,,no,NCBI_antibiogram,United States of America,Americas,Northern America
ampicillin,resistant,> 16 mg/L,SAMN26304947,GCA_023871095.1,Escherichia,Escherichia coli,Escherichia coli,562,767851,Homo sapiens,SRS15355741,broth dilution,BD Phoenix,CLSI,ARO_3000637|https://www.ebi.ac.uk/ols4/ontologies/aro/classes/http%253A%252F%252Fpurl.obolibrary.org%252Fobo%252FARO_3000637,JAMFGQ010000003.1,19978,20412,-,GCA_023871095.1_00463,marR,marR_S3N,AMR,POINT,MULTIDRUG,AMPICILLIN/CHLORAMPHENICOL/QUINOLONE/RIFAMPIN/TETRACYCLINE,AMPICILLIN,POINTP,WP_000843414.1,transcriptional regulator MarR,100.00,97.92,,,Annotation|https://ftp.ebi.ac.uk/pub/databases/amr_portal/genomes/GCA/023/871/GCA_023871095.1,1.5.0,Fast,2020,,,urine,urinary tract,38.97,-77.03,,no,NCBI_antibiogram,United States of America,Americas,Northern America
ampicillin,susceptible,<= 4 mg/L,SAMN26308679,GCA_023871595.1,Escherichia,Escherichia coli,Escherichia coli,562,767335,Homo sapiens,SRS15355580,broth dilution,BD Phoenix,CLSI,ARO_3000637|https://www.ebi.ac.uk/ols4/ontologies/aro/classes/http%253A%252F%252Fpurl.obolibrary.org%252Fobo%252FARO_3000637,JAMFHU010000003.1,42017,42451,+,GCA_023871595.1_00631,marR,marR_S3N,AMR,POINT,MULTIDRUG,AMPICILLIN/CHLORAMPHENICOL/QUINOLONE/RIFAMPIN/TETRACYCLINE,AMPICILLIN,POINTP,WP_000843414.1,transcriptional regulator MarR,100.00,97.92,,,Annotation|https://ftp.ebi.ac.uk/pub/databases/amr_portal/genomes/GCA/023/871/GCA_023871595.1,1.5.0,Fast,2020,,,urine,urinary tract,38.97,-77.03,,no,NCBI_antibiogram,United States of America,Americas,Northern America
ampicillin,resistant,> 16 mg/L,SAMN26308358,GCA_023871405.1,Escherichia,Escherichia coli,Escherichia coli,562,767885,Homo sapiens,SRS15355744,broth dilution,BD Phoenix,CLSI,ARO_3000637|https://www.ebi.ac.uk/ols4/ontologies/aro/classes/http%253A%252F%252Fpurl.obolibrary.org%252Fobo%252FARO_3000637,JAMFHF010000107.1,1649,2083,-,GCA_023871405.1_04161,marR,marR_S3N,AMR,POINT,MULTIDRUG,AMPICILLIN/CHLORAMPHENICOL/QUINOLONE/RIFAMPIN/TETRACYCLINE,AMPICILLIN,POINTP,WP_000843414.1,transcriptional regulator MarR,100.00,97.92,,,Annotation|https://ftp.ebi.ac.uk/pub/databases/amr_portal/genomes/GCA/023/871/GCA_023871405.1,1.5.0,Fast,2020,,,urine,urinary tract,38.97,-77.03,,no,NCBI_antibiogram,United States of America,Americas,Northern America
ampicillin,resistant,> 16 mg/L,SAMN26304872,GCA_023871965.1,Escherichia,Escherichia coli,Escherichia coli,562,767239,Homo sapiens,SRS15355570,broth dilution,BD Phoenix,CLSI,ARO_3000637|https://www.ebi.ac.uk/ols4/ontologies/aro/classes/http%253A%252F%252Fpurl.obolibrary.org%252Fobo%252FARO_3000637,JAMFIQ010000029.1,193181,193615,-,GCA_023871965.1_03012,marR,marR_S3N,AMR,POINT,MULTIDRUG,AMPICILLIN/CHLORAMPHENICOL/QUINOLONE/RIFAMPIN/TETRACYCLINE,AMPICILLIN,POINTP,WP_000843414.1,transcriptional regulator MarR,100.00,97.92,,,Annotation|https://ftp.ebi.ac.uk/pub/databases/amr_portal/genomes/GCA/023/871/GCA_023871965.1,1.5.0,Fast,2020,,,urine,urinary tract,38.97,-77.03,,no,NCBI_antibiogram,United States of America,Americas,Northern America
ampicillin,susceptible,<= 4 mg/L,SAMN26304979,GCA_023871825.1,Escherichia,Escherichia coli,Escherichia coli,562,767503,Homo sapiens,SRS15355598,broth dilution,BD Phoenix,CLSI,ARO_3000637|https://www.ebi.ac.uk/ols4/ontologies/aro/classes/http%253A%252F%252Fpurl.obolibrary.org%252Fobo%252FARO_3000637,JAMFIL010000005.1,88709,89143,-,GCA_023871825.1_01026,marR,marR_S3N,AMR,POINT,MULTIDRUG,AMPICILLIN/CHLORAMPHENICOL/QUINOLONE/RIFAMPIN/TETRACYCLINE,AMPICILLIN,POINTP,WP_000843414.1,transcriptional regulator MarR,100.00,97.92,,,Annotation|https://ftp.ebi.ac.uk/pub/databases/amr_portal/genomes/GCA/023/871/GCA_023871825.1,1.5.0,Fast,2020,,,urine,urinary tract,38.97,-77.03,,no,NCBI_antibiogram,United States of America,Americas,Northern America
ampicillin,susceptible,<= 4 mg/L,SAMN26304334,GCA_023871865.1,Escherichia,Escherichia coli,Escherichia coli,562,698424,Homo sapiens,SRS15339678,broth dilution,BD Phoenix,CLSI,ARO_3000637|https://www.ebi.ac.uk/ols4/ontologies/aro/classes/http%253A%252F%252Fpurl.obolibrary.org%252Fobo%252FARO_3000637,JAMFIM010000050.1,25335,25769,-,GCA_023871865.1_04360,marR,marR_S3N,AMR,POINT,MULTIDRUG,AMPICILLIN/CHLORAMPHENICOL/QUINOLONE/RIFAMPIN/TETRACYCLINE,AMPICILLIN,POINTP,WP_000843414.1,transcriptional regulator MarR,100.00,97.92,,,Annotation|https://ftp.ebi.ac.uk/pub/databases/amr_portal/genomes/GCA/023/871/GCA_023871865.1,1.5.0,Fast,2019,,,urine,urinary tract,38.97,-77.03,,no,NCBI_antibiogram,United States of America,Americas,Northern America
ampicillin,susceptible,<= 4 mg/L,SAMN26305266,GCA_023871085.1,Escherichia,Escherichia coli,Escherichia coli,562,767117,Homo sapiens,SRS15355524,broth dilution,BD Phoenix,CLSI,ARO_3000637|https://www.ebi.ac.uk/ols4/ontologies/aro/classes/http%253A%252F%252Fpurl.obolibrary.org%252Fobo%252FARO_3000637,JAMFGP010000013.1,72616,73050,-,GCA_023871085.1_01641,marR,marR_S3N,AMR,POINT,MULTIDRUG,AMPICILLIN/CHLORAMPHENICOL/QUINOLONE/RIFAMPIN/TETRACYCLINE,AMPICILLIN,POINTP,WP_000843414.1,transcriptional regulator MarR,100.00,97.92,,,Annotation|https://ftp.ebi.ac.uk/pub/databases/amr_portal/genomes/GCA/023/871/GCA_023871085.1,1.5.0,Fast,2020,,,urine,urinary tract,38.97,-77.03,,no,NCBI_antibiogram,United States of America,Americas,Northern America
ampicillin,susceptible,<= 4 mg/L,SAMN26304519,GCA_023871125.1,Escherichia,Escherichia coli,Escherichia coli,562,772563,Homo sapiens,SRS15355793,broth dilution,BD Phoenix,CLSI,ARO_3000637|https://www.ebi.ac.uk/ols4/ontologies/aro/classes/http%253A%252F%252Fpurl.obolibrary.org%252Fobo%252FARO_3000637,JAMFGM010000007.1,13248,13682,+,GCA_023871125.1_00752,marR,marR_S3N,AMR,POINT,MULTIDRUG,AMPICILLIN/CHLORAMPHENICOL/QUINOLONE/RIFAMPIN/TETRACYCLINE,AMPICILLIN,POINTP,WP_000843414.1,transcriptional regulator MarR,100.00,97.92,,,Annotation|https://ftp.ebi.ac.uk/pub/databases/amr_portal/genomes/GCA/023/871/GCA_023871125.1,1.5.0,Fast,2020,,,urine,urinary tract,38.97,-77.03,,no,NCBI_antibiogram,United States of America,Americas,Northern America
ampicillin,susceptible,<= 4 mg/L,SAMN26309185,GCA_023871735.1,Escherichia,Escherichia coli,Escherichia coli,562,767449,Homo sapiens,SRS15355592,broth dilution,BD Phoenix,CLSI,ARO_3000637|https://www.ebi.ac.uk/ols4/ontologies/aro/classes/http%253A%252F%252Fpurl.obolibrary.org%252Fobo%252FARO_3000637,JAMFIC010000030.1,231220,231654,-,GCA_023871735.1_01720,marR,marR_S3N,AMR,POINT,MULTIDRUG,AMPICILLIN/CHLORAMPHENICOL/QUINOLONE/RIFAMPIN/TETRACYCLINE,AMPICILLIN,POINTP,WP_000843414.1,transcriptional regulator MarR,100.00,97.92,,,Annotation|https://ftp.ebi.ac.uk/pub/databases/amr_portal/genomes/GCA/023/871/GCA_023871735.1,1.5.0,Fast,2020,,,urine,urinary tract,38.97,-77.03,,no,NCBI_antibiogram,United States of America,Americas,Northern America
ampicillin,resistant,> 16 mg/L,SAMN26308661,GCA_023858885.1,Escherichia,Escherichia coli,Escherichia coli,562,805422,Homo sapiens,SRS15358822,broth dilution,BD Phoenix,CLSI,ARO_3000637|https://www.ebi.ac.uk/ols4/ontologies/aro/classes/http%253A%252F%252Fpurl.obolibrary.org%252Fobo%252FARO_3000637,JAKWPV010000014.1,72616,73050,-,GCA_023858885.1_02362,marR,marR_S3N,AMR,POINT,MULTIDRUG,AMPICILLIN/CHLORAMPHENICOL/QUINOLONE/RIFAMPIN/TETRACYCLINE,AMPICILLIN,POINTP,WP_000843414.1,transcriptional regulator MarR,100.00,97.92,,,Annotation|https://ftp.ebi.ac.uk/pub/databases/amr_portal/genomes/GCA/023/858/GCA_023858885.1,1.5.0,Fast,2020,,,urine,urinary tract,38.97,-77.03,,no,NCBI_antibiogram,United States of America,Americas,Northern America
ampicillin,susceptible,<= 4 mg/L,SAMN26308976,GCA_023858945.1,Escherichia,Escherichia coli,Escherichia coli,562,804978,Homo sapiens,SRS15358796,broth dilution,BD Phoenix,CLSI,ARO_3000637|https://www.ebi.ac.uk/ols4/ontologies/aro/classes/http%253A%252F%252Fpurl.obolibrary.org%252Fobo%252FARO_3000637,JAKWPX010000012.1,67507,67941,-,GCA_023858945.1_02317,marR,marR_S3N,AMR,POINT,MULTIDRUG,AMPICILLIN/CHLORAMPHENICOL/QUINOLONE/RIFAMPIN/TETRACYCLINE,AMPICILLIN,POINTP,WP_000843414.1,transcriptional regulator MarR,100.00,97.92,,,Annotation|https://ftp.ebi.ac.uk/pub/databases/amr_portal/genomes/GCA/023/858/GCA_023858945.1,1.5.0,Fast,2020,,,tissue,skin or soft tissue,38.97,-77.03,,no,NCBI_antibiogram,United States of America,Americas,Northern America
ampicillin,susceptible,<= 4 mg/L,SAMN26308760,GCA_023858805.1,Escherichia,Escherichia coli,Escherichia coli,562,837790,Homo sapiens,SRS15360031,broth dilution,BD Phoenix,CLSI,ARO_3000637|https://www.ebi.ac.uk/ols4/ontologies/aro/classes/http%253A%252F%252Fpurl.obolibrary.org%252Fobo%252FARO_3000637,JAKWPP010000010.1,72617,73051,-,GCA_023858805.1_00849,marR,marR_S3N,AMR,POINT,MULTIDRUG,AMPICILLIN/CHLORAMPHENICOL/QUINOLONE/RIFAMPIN/TETRACYCLINE,AMPICILLIN,POINTP,WP_000843414.1,transcriptional regulator MarR,100.00,97.92,,,Annotation|https://ftp.ebi.ac.uk/pub/databases/amr_portal/genomes/GCA/023/858/GCA_023858805.1,1.5.0,Fast,2020,,,urine,urinary tract,38.97,-77.03,,no,NCBI_antibiogram,United States of America,Americas,Northern America
ampicillin,susceptible,<= 4 mg/L,SAMN26308977,GCA_023858425.1,Escherichia,Escherichia coli,Escherichia coli,562,804986,Homo sapiens,SRS15358797,broth dilution,BD Phoenix,CLSI,ARO_3000637|https://www.ebi.ac.uk/ols4/ontologies/aro/classes/http%253A%252F%252Fpurl.obolibrary.org%252Fobo%252FARO_3000637,JAKWOW010000014.1,34437,34871,+,GCA_023858425.1_02447,marR,marR_S3N,AMR,POINT,MULTIDRUG,AMPICILLIN/CHLORAMPHENICOL/QUINOLONE/RIFAMPIN/TETRACYCLINE,AMPICILLIN,POINTP,WP_000843414.1,transcriptional regulator MarR,100.00,97.92,,,Annotation|https://ftp.ebi.ac.uk/pub/databases/amr_portal/genomes/GCA/023/858/GCA_023858425.1,1.5.0,Fast,2020,,,tissue,skin or soft tissue,38.97,-77.03,,no,NCBI_antibiogram,United States of America,Americas,Northern America
ampicillin,susceptible,<= 4 mg/L,SAMN26308693,GCA_023858485.1,Escherichia,Escherichia coli,Escherichia coli,562,698668,Homo sapiens,SRS15339705,broth dilution,BD Phoenix,CLSI,ARO_3000637|https://www.ebi.ac.uk/ols4/ontologies/aro/classes/http%253A%252F%252Fpurl.obolibrary.org%252Fobo%252FARO_3000637,JAKWPB010000005.1,476216,476650,-,GCA_023858485.1_01062,marR,marR_S3N,AMR,POINT,MULTIDRUG,AMPICILLIN/CHLORAMPHENICOL/QUINOLONE/RIFAMPIN/TETRACYCLINE,AMPICILLIN,POINTP,WP_000843414.1,transcriptional regulator MarR,100.00,97.92,,,Annotation|https://ftp.ebi.ac.uk/pub/databases/amr_portal/genomes/GCA/023/858/GCA_023858485.1,1.5.0,Fast,2019,,,urine,urinary tract,38.97,-77.03,,no,NCBI_antibiogram,United States of America,Americas,Northern America
ampicillin,resistant,> 16 mg/L,SAMN26304511,GCA_023858105.1,Escherichia,Escherichia coli,Escherichia coli,562,772303,Homo sapiens,SRS15355564,broth dilution,BD Phoenix,CLSI,ARO_3000637|https://www.ebi.ac.uk/ols4/ontologies/aro/classes/http%253A%252F%252Fpurl.obolibrary.org%252Fobo%252FARO_3000637,JAKWOF010000002.1,921425,921859,-,GCA_023858105.1_01081,marR,marR_S3N,AMR,POINT,MULTIDRUG,AMPICILLIN/CHLORAMPHENICOL/QUINOLONE/RIFAMPIN/TETRACYCLINE,AMPICILLIN,POINTP,WP_000843414.1,transcriptional regulator MarR,100.00,97.92,,,Annotation|https://ftp.ebi.ac.uk/pub/databases/amr_portal/genomes/GCA/023/858/GCA_023858105.1,1.5.0,Fast,2020,,,urine,urinary tract,38.97,-77.03,,no,NCBI_antibiogram,United States of America,Americas,Northern America
ampicillin,susceptible,<= 4 mg/L,SAMN26304639,GCA_023858405.1,Escherichia,Escherichia coli,Escherichia coli,562,698908,Homo sapiens,SRS15339795,broth dilution,BD Phoenix,CLSI,ARO_3000637|https://www.ebi.ac.uk/ols4/ontologies/aro/classes/http%253A%252F%252Fpurl.obolibrary.org%252Fobo%252FARO_3000637,JAKWOU010000021.1,63387,63821,-,GCA_023858405.1_01758,marR,marR_S3N,AMR,POINT,MULTIDRUG,AMPICILLIN/CHLORAMPHENICOL/QUINOLONE/RIFAMPIN/TETRACYCLINE,AMPICILLIN,POINTP,WP_000843414.1,transcriptional regulator MarR,100.00,97.92,,,Annotation|https://ftp.ebi.ac.uk/pub/databases/amr_portal/genomes/GCA/023/858/GCA_023858405.1,1.5.0,Fast,2019,,,urine,urinary tract,38.97,-77.03,,no,NCBI_antibiogram,United States of America,Americas,Northern America
ampicillin,resistant,> 16 mg/L,SAMN26308617,GCA_023858985.1,Escherichia,Escherichia coli,Escherichia coli,562,698650,Homo sapiens,SRS15339703,broth dilution,BD Phoenix,CLSI,ARO_3000637|https://www.ebi.ac.uk/ols4/ontologies/aro/classes/http%253A%252F%252Fpurl.obolibrary.org%252Fobo%252FARO_3000637,JAKWPY010000015.1,17859,18293,+,GCA_023858985.1_01505,marR,marR_S3N,AMR,POINT,MULTIDRUG,AMPICILLIN/CHLORAMPHENICOL/QUINOLONE/RIFAMPIN/TETRACYCLINE,AMPICILLIN,POINTP,WP_000843414.1,transcriptional regulator MarR,100.00,97.92,,,Annotation|https://ftp.ebi.ac.uk/pub/databases/amr_portal/genomes/GCA/023/858/GCA_023858985.1,1.5.0,Fast,2019,,,blood,blood,38.97,-77.03,,no,NCBI_antibiogram,United States of America,Americas,Northern America
ampicillin,susceptible,<= 4 mg/L,SAMN26309331,GCA_023858085.1,Escherichia,Escherichia coli,Escherichia coli,562,772555,Homo sapiens,SRS15355792,broth dilution,BD Phoenix,CLSI,ARO_3000637|https://www.ebi.ac.uk/ols4/ontologies/aro/classes/http%253A%252F%252Fpurl.obolibrary.org%252Fobo%252FARO_3000637,JAKWOG010000044.1,35492,35926,+,GCA_023858085.1_04327,marR,marR_S3N,AMR,POINT,MULTIDRUG,AMPICILLIN/CHLORAMPHENICOL/QUINOLONE/RIFAMPIN/TETRACYCLINE,AMPICILLIN,POINTP,WP_000843414.1,transcriptional regulator MarR,100.00,97.92,,,Annotation|https://ftp.ebi.ac.uk/pub/databases/amr_portal/genomes/GCA/023/858/GCA_023858085.1,1.5.0,Fast,2020,,,urine,urinary tract,38.97,-77.03,,no,NCBI_antibiogram,United States of America,Americas,Northern America
ampicillin,susceptible,<= 4 mg/L,SAMN26304328,GCA_023858825.1,Escherichia,Escherichia coli,Escherichia coli,562,698062,Homo sapiens,SRS15339744,broth dilution,BD Phoenix,CLSI,ARO_3000637|https://www.ebi.ac.uk/ols4/ontologies/aro/classes/http%253A%252F%252Fpurl.obolibrary.org%252Fobo%252FARO_3000637,JAKWPO010000012.1,72615,73049,-,GCA_023858825.1_01750,marR,marR_S3N,AMR,POINT,MULTIDRUG,AMPICILLIN/CHLORAMPHENICOL/QUINOLONE/RIFAMPIN/TETRACYCLINE,AMPICILLIN,POINTP,WP_000843414.1,transcriptional regulator MarR,100.00,97.92,,,Annotation|https://ftp.ebi.ac.uk/pub/databases/amr_portal/genomes/GCA/023/858/GCA_023858825.1,1.5.0,Fast,2019,,,urine,urinary tract,38.97,-77.03,,no,NCBI_antibiogram,United States of America,Americas,Northern America
ampicillin,susceptible,<= 4 mg/L,SAMN26304742,GCA_023858545.1,Escherichia,Escherichia coli,Escherichia coli,562,772417,Homo sapiens,SRS15355777,broth dilution,BD Phoenix,CLSI,ARO_3000637|https://www.ebi.ac.uk/ols4/ontologies/aro/classes/http%253A%252F%252Fpurl.obolibrary.org%252Fobo%252FARO_3000637,JAKWPC010000008.1,476918,477352,-,GCA_023858545.1_01872,marR,marR_S3N,AMR,POINT,MULTIDRUG,AMPICILLIN/CHLORAMPHENICOL/QUINOLONE/RIFAMPIN/TETRACYCLINE,AMPICILLIN,POINTP,WP_000843414.1,transcriptional regulator MarR,100.00,97.92,,,Annotation|https://ftp.ebi.ac.uk/pub/databases/amr_portal/genomes/GCA/023/858/GCA_023858545.1,1.5.0,Fast,2020,,,urine,urinary tract,38.97,-77.03,,no,NCBI_antibiogram,United States of America,Americas,Northern America
ampicillin,susceptible,== 8 mg/L,SAMN26309145,GCA_023858525.1,Escherichia,Escherichia coli,Escherichia coli,562,837678,Homo sapiens,SRS15359902,broth dilution,BD Phoenix,CLSI,ARO_3000637|https://www.ebi.ac.uk/ols4/ontologies/aro/classes/http%253A%252F%252Fpurl.obolibrary.org%252Fobo%252FARO_3000637,JAKWOZ010000022.1,63435,63869,-,GCA_023858525.1_01869,marR,marR_S3N,AMR,POINT,MULTIDRUG,AMPICILLIN/CHLORAMPHENICOL/QUINOLONE/RIFAMPIN/TETRACYCLINE,AMPICILLIN,POINTP,WP_000843414.1,transcriptional regulator MarR,100.00,97.92,,,Annotation|https://ftp.ebi.ac.uk/pub/databases/amr_portal/genomes/GCA/023/858/GCA_023858525.1,1.5.0,Fast,2020,,,urine,urinary tract,38.97,-77.03,,no,NCBI_antibiogram,United States of America,Americas,Northern America
ampicillin,susceptible,<= 4 mg/L,SAMN26304582,GCA_023858845.1,Escherichia,Escherichia coli,Escherichia coli,562,748949,Homo sapiens,SRS15351902,broth dilution,BD Phoenix,CLSI,ARO_3000637|https://www.ebi.ac.uk/ols4/ontologies/aro/classes/http%253A%252F%252Fpurl.obolibrary.org%252Fobo%252FARO_3000637,JAKWPT010000004.1,9403,9837,-,GCA_023858845.1_01094,marR,marR_S3N,AMR,POINT,MULTIDRUG,AMPICILLIN/CHLORAMPHENICOL/QUINOLONE/RIFAMPIN/TETRACYCLINE,AMPICILLIN,POINTP,WP_000843414.1,transcriptional regulator MarR,100.00,97.92,,,Annotation|https://ftp.ebi.ac.uk/pub/databases/amr_portal/genomes/GCA/023/858/GCA_023858845.1,1.5.0,Fast,2020,,,,,38.97,-77.03,,no,NCBI_antibiogram,United States of America,Americas,Northern America
ampicillin,susceptible,<= 4 mg/L,SAMN26308688,GCA_023858445.1,Escherichia,Escherichia coli,Escherichia coli,562,823082,Homo sapiens,SRS15360128,broth dilution,BD Phoenix,CLSI,ARO_3000637|https://www.ebi.ac.uk/ols4/ontologies/aro/classes/http%253A%252F%252Fpurl.obolibrary.org%252Fobo%252FARO_3000637,JAKWOY010000008.1,476915,477349,-,GCA_023858445.1_01865,marR,marR_S3N,AMR,POINT,MULTIDRUG,AMPICILLIN/CHLORAMPHENICOL/QUINOLONE/RIFAMPIN/TETRACYCLINE,AMPICILLIN,POINTP,WP_000843414.1,transcriptional regulator MarR,100.00,97.92,,,Annotation|https://ftp.ebi.ac.uk/pub/databases/amr_portal/genomes/GCA/023/858/GCA_023858445.1,1.5.0,Fast,2020,,,urine,urinary tract,38.97,-77.03,,no,NCBI_antibiogram,United States of America,Americas,Northern America
ampicillin,susceptible,<= 4 mg/L,SAMN26305083,GCA_023858585.1,Escherichia,Escherichia coli,Escherichia coli,562,806144,Homo sapiens,SRS15358728,broth dilution,BD Phoenix,CLSI,ARO_3000637|https://www.ebi.ac.uk/ols4/ontologies/aro/classes/http%253A%252F%252Fpurl.obolibrary.org%252Fobo%252FARO_3000637,JAKWPE010000047.1,13226,13660,+,GCA_023858585.1_02538,marR,marR_S3N,AMR,POINT,MULTIDRUG,AMPICILLIN/CHLORAMPHENICOL/QUINOLONE/RIFAMPIN/TETRACYCLINE,AMPICILLIN,POINTP,WP_000843414.1,transcriptional regulator MarR,100.00,97.92,,,Annotation|https://ftp.ebi.ac.uk/pub/databases/amr_portal/genomes/GCA/023/858/GCA_023858585.1,1.5.0,Fast,2020,,,urine,urinary tract,38.97,-77.03,,no,NCBI_antibiogram,United States of America,Americas,Northern America
ampicillin,susceptible,<= 4 mg/L,SAMN26308639,GCA_023858125.1,Escherichia,Escherichia coli,Escherichia coli,562,698596,Homo sapiens,SRS15339697,broth dilution,BD Phoenix,CLSI,ARO_3000637|https://www.ebi.ac.uk/ols4/ontologies/aro/classes/http%253A%252F%252Fpurl.obolibrary.org%252Fobo%252FARO_3000637,JAKWOH010000024.1,36504,36938,+,GCA_023858125.1_02299,marR,marR_S3N,AMR,POINT,MULTIDRUG,AMPICILLIN/CHLORAMPHENICOL/QUINOLONE/RIFAMPIN/TETRACYCLINE,AMPICILLIN,POINTP,WP_000843414.1,transcriptional regulator MarR,100.00,97.92,,,Annotation|https://ftp.ebi.ac.uk/pub/databases/amr_portal/genomes/GCA/023/858/GCA_023858125.1,1.5.0,Fast,2019,,,urine,urinary tract,38.97,-77.03,,no,NCBI_antibiogram,United States of America,Americas,Northern America
ampicillin,resistant,> 16 mg/L,SAMN26304875,GCA_023858665.1,Escherichia,Escherichia coli,Escherichia coli,562,698894,Homo sapiens,SRS15339794,broth dilution,BD Phoenix,CLSI,ARO_3000637|https://www.ebi.ac.uk/ols4/ontologies/aro/classes/http%253A%252F%252Fpurl.obolibrary.org%252Fobo%252FARO_3000637,JAKWPH010000014.1,27409,27843,+,GCA_023858665.1_00923,marR,marR_S3N,AMR,POINT,MULTIDRUG,AMPICILLIN/CHLORAMPHENICOL/QUINOLONE/RIFAMPIN/TETRACYCLINE,AMPICILLIN,POINTP,WP_000843414.1,transcriptional regulator MarR,100.00,97.92,,,Annotation|https://ftp.ebi.ac.uk/pub/databases/amr_portal/genomes/GCA/023/858/GCA_023858665.1,1.5.0,Fast,2019,,,urine,urinary tract,38.97,-77.03,,no,NCBI_antibiogram,United States of America,Americas,Northern America
ampicillin,susceptible,<= 4 mg/L,SAMN26304734,GCA_023858465.1,Escherichia,Escherichia coli,Escherichia coli,562,767721,Homo sapiens,SRS15355687,broth dilution,BD Phoenix,CLSI,ARO_3000637|https://www.ebi.ac.uk/ols4/ontologies/aro/classes/http%253A%252F%252Fpurl.obolibrary.org%252Fobo%252FARO_3000637,JAKWOX010000013.1,13231,13665,+,GCA_023858465.1_01434,marR,marR_S3N,AMR,POINT,MULTIDRUG,AMPICILLIN/CHLORAMPHENICOL/QUINOLONE/RIFAMPIN/TETRACYCLINE,AMPICILLIN,POINTP,WP_000843414.1,transcriptional regulator MarR,100.00,97.92,,,Annotation|https://ftp.ebi.ac.uk/pub/databases/amr_portal/genomes/GCA/023/858/GCA_023858465.1,1.5.0,Fast,2020,,,urine,urinary tract,38.97,-77.03,,no,NCBI_antibiogram,United States of America,Americas,Northern America
ampicillin,susceptible,<= 4 mg/L,SAMN26304526,GCA_023858745.1,Escherichia,Escherichia coli,Escherichia coli,562,698764,Homo sapiens,SRS15339779,broth dilution,BD Phoenix,CLSI,ARO_3000637|https://www.ebi.ac.uk/ols4/ontologies/aro/classes/http%253A%252F%252Fpurl.obolibrary.org%252Fobo%252FARO_3000637,JAKWPM010000014.1,9401,9835,-,GCA_023858745.1_01114,marR,marR_S3N,AMR,POINT,MULTIDRUG,AMPICILLIN/CHLORAMPHENICOL/QUINOLONE/RIFAMPIN/TETRACYCLINE,AMPICILLIN,POINTP,WP_000843414.1,transcriptional regulator MarR,100.00,97.92,,,Annotation|https://ftp.ebi.ac.uk/pub/databases/amr_portal/genomes/GCA/023/858/GCA_023858745.1,1.5.0,Fast,2019,,,urine,urinary tract,38.97,-77.03,,no,NCBI_antibiogram,United States of America,Americas,Northern America
ampicillin,susceptible,<= 4 mg/L,SAMN26309140,GCA_023858385.1,Escherichia,Escherichia coli,Escherichia coli,562,807316,Homo sapiens,SRS15358653,broth dilution,BD Phoenix,CLSI,ARO_3000637|https://www.ebi.ac.uk/ols4/ontologies/aro/classes/http%253A%252F%252Fpurl.obolibrary.org%252Fobo%252FARO_3000637,JAKWOV010000011.1,63436,63870,-,GCA_023858385.1_01905,marR,marR_S3N,AMR,POINT,MULTIDRUG,AMPICILLIN/CHLORAMPHENICOL/QUINOLONE/RIFAMPIN/TETRACYCLINE,AMPICILLIN,POINTP,WP_000843414.1,transcriptional regulator MarR,100.00,97.92,,,Annotation|https://ftp.ebi.ac.uk/pub/databases/amr_portal/genomes/GCA/023/858/GCA_023858385.1,1.5.0,Fast,2020,,,urine,urinary tract,38.97,-77.03,,no,NCBI_antibiogram,United States of America,Americas,Northern America
ampicillin,susceptible,<= 4 mg/L,SAMN26305038,GCA_023858505.1,Escherichia,Escherichia coli,Escherichia coli,562,772459,Homo sapiens,SRS15355781,broth dilution,BD Phoenix,CLSI,ARO_3000637|https://www.ebi.ac.uk/ols4/ontologies/aro/classes/http%253A%252F%252Fpurl.obolibrary.org%252Fobo%252FARO_3000637,JAKWPA010000006.1,20777,21211,+,GCA_023858505.1_00770,marR,marR_S3N,AMR,POINT,MULTIDRUG,AMPICILLIN/CHLORAMPHENICOL/QUINOLONE/RIFAMPIN/TETRACYCLINE,AMPICILLIN,POINTP,WP_000843414.1,transcriptional regulator MarR,100.00,97.92,,,Annotation|https://ftp.ebi.ac.uk/pub/databases/amr_portal/genomes/GCA/023/858/GCA_023858505.1,1.5.0,Fast,2020,,,urine,urinary tract,38.97,-77.03,,no,NCBI_antibiogram,United States of America,Americas,Northern America
ampicillin,resistant,> 16 mg/L,SAMN26308676,GCA_023884985.1,Escherichia,Escherichia coli,Escherichia coli,562,750633,Homo sapiens,SRS15352148,broth dilution,BD Phoenix,CLSI,ARO_3000637|https://www.ebi.ac.uk/ols4/ontologies/aro/classes/http%253A%252F%252Fpurl.obolibrary.org%252Fobo%252FARO_3000637,JAKYHD010000015.1,13046,13480,+,GCA_023884985.1_00863,marR,marR_S3N,AMR,POINT,MULTIDRUG,AMPICILLIN/CHLORAMPHENICOL/QUINOLONE/RIFAMPIN/TETRACYCLINE,AMPICILLIN,POINTP,WP_000843414.1,transcriptional regulator MarR,100.00,97.92,,,Annotation|https://ftp.ebi.ac.uk/pub/databases/amr_portal/genomes/GCA/023/884/GCA_023884985.1,1.5.0,Fast,2020,,,urine,urinary tract,38.97,-77.03,,no,NCBI_antibiogram,United States of America,Americas,Northern America
ampicillin,resistant,> 16 mg/L,SAMN26304809,GCA_023884185.1,Escherichia,Escherichia coli,Escherichia coli,562,698206,Homo sapiens,SRS15339760,broth dilution,BD Phoenix,CLSI,ARO_3000637|https://www.ebi.ac.uk/ols4/ontologies/aro/classes/http%253A%252F%252Fpurl.obolibrary.org%252Fobo%252FARO_3000637,JAKYCF010000011.1,27409,27843,+,GCA_023884185.1_00768,marR,marR_S3N,AMR,POINT,MULTIDRUG,AMPICILLIN/CHLORAMPHENICOL/QUINOLONE/RIFAMPIN/TETRACYCLINE,AMPICILLIN,POINTP,WP_000843414.1,transcriptional regulator MarR,100.00,97.92,,,Annotation|https://ftp.ebi.ac.uk/pub/databases/amr_portal/genomes/GCA/023/884/GCA_023884185.1,1.5.0,Fast,2019,,,urine,urinary tract,38.97,-77.03,,no,NCBI_antibiogram,United States of America,Americas,Northern America
ampicillin,susceptible,<= 4 mg/L,SAMN26308585,GCA_023884885.1,Escherichia,Escherichia coli,Escherichia coli,562,735461,Homo sapiens,SRS15348412,broth dilution,BD Phoenix,CLSI,ARO_3000637|https://www.ebi.ac.uk/ols4/ontologies/aro/classes/http%253A%252F%252Fpurl.obolibrary.org%252Fobo%252FARO_3000637,JAKYGY010000015.1,13231,13665,+,GCA_023884885.1_01309,marR,marR_S3N,AMR,POINT,MULTIDRUG,AMPICILLIN/CHLORAMPHENICOL/QUINOLONE/RIFAMPIN/TETRACYCLINE,AMPICILLIN,POINTP,WP_000843414.1,transcriptional regulator MarR,100.00,97.92,,,Annotation|https://ftp.ebi.ac.uk/pub/databases/amr_portal/genomes/GCA/023/884/GCA_023884885.1,1.5.0,Fast,2019,,,urine,urinary tract,38.97,-77.03,,no,NCBI_antibiogram,United States of America,Americas,Northern America
ampicillin,resistant,> 16 mg/L,SAMN26309220,GCA_023884385.1,Escherichia,Escherichia coli,Escherichia coli,562,710055,Homo sapiens,SRS15348435,broth dilution,BD Phoenix,CLSI,ARO_3000637|https://www.ebi.ac.uk/ols4/ontologies/aro/classes/http%253A%252F%252Fpurl.obolibrary.org%252Fobo%252FARO_3000637,JAKYDO010000001.1,27410,27844,+,GCA_023884385.1_00027,marR,marR_S3N,AMR,POINT,MULTIDRUG,AMPICILLIN/CHLORAMPHENICOL/QUINOLONE/RIFAMPIN/TETRACYCLINE,AMPICILLIN,POINTP,WP_000843414.1,transcriptional regulator MarR,100.00,97.92,,,Annotation|https://ftp.ebi.ac.uk/pub/databases/amr_portal/genomes/GCA/023/884/GCA_023884385.1,1.5.0,Fast,2019,,,urine,urinary tract,38.97,-77.03,,no,NCBI_antibiogram,United States of America,Americas,Northern America
ampicillin,resistant,> 16 mg/L,SAMN26309116,GCA_023884265.1,Escherichia,Escherichia coli,Escherichia coli,562,750747,Homo sapiens,SRS15352000,broth dilution,BD Phoenix,CLSI,ARO_3000637|https://www.ebi.ac.uk/ols4/ontologies/aro/classes/http%253A%252F%252Fpurl.obolibrary.org%252Fobo%252FARO_3000637,JAKYCR010000008.1,42576,43010,+,GCA_023884265.1_00560,marR,marR_S3N,AMR,POINT,MULTIDRUG,AMPICILLIN/CHLORAMPHENICOL/QUINOLONE/RIFAMPIN/TETRACYCLINE,AMPICILLIN,POINTP,WP_000843414.1,transcriptional regulator MarR,100.00,97.92,,,Annotation|https://ftp.ebi.ac.uk/pub/databases/amr_portal/genomes/GCA/023/884/GCA_023884265.1,1.5.0,Fast,2020,,,urine,urinary tract,38.97,-77.03,,no,NCBI_antibiogram,United States of America,Americas,Northern America
ampicillin,susceptible,<= 4 mg/L,SAMN26309337,GCA_023884905.1,Escherichia,Escherichia coli,Escherichia coli,562,767915,Homo sapiens,SRS15355749,broth dilution,BD Phoenix,CLSI,ARO_3000637|https://www.ebi.ac.uk/ols4/ontologies/aro/classes/http%253A%252F%252Fpurl.obolibrary.org%252Fobo%252FARO_3000637,JAKYHA010000011.1,34945,35379,+,GCA_023884905.1_01144,marR,marR_S3N,AMR,POINT,MULTIDRUG,AMPICILLIN/CHLORAMPHENICOL/QUINOLONE/RIFAMPIN/TETRACYCLINE,AMPICILLIN,POINTP,WP_000843414.1,transcriptional regulator MarR,100.00,97.92,,,Annotation|https://ftp.ebi.ac.uk/pub/databases/amr_portal/genomes/GCA/023/884/GCA_023884905.1,1.5.0,Fast,2020,,,urine,urinary tract,38.97,-77.03,,no,NCBI_antibiogram,United States of America,Americas,Northern America
ampicillin,susceptible,<= 4 mg/L,SAMN26308672,GCA_023884315.1,Escherichia,Escherichia coli,Escherichia coli,562,734879,Homo sapiens,SRS15348271,broth dilution,BD Phoenix,CLSI,ARO_3000637|https://www.ebi.ac.uk/ols4/ontologies/aro/classes/http%253A%252F%252Fpurl.obolibrary.org%252Fobo%252FARO_3000637,JAKYCV010000003.1,40479,40913,+,GCA_023884315.1_00575,marR,marR_S3N,AMR,POINT,MULTIDRUG,AMPICILLIN/CHLORAMPHENICOL/QUINOLONE/RIFAMPIN/TETRACYCLINE,AMPICILLIN,POINTP,WP_000843414.1,transcriptional regulator MarR,100.00,97.92,,,Annotation|https://ftp.ebi.ac.uk/pub/databases/amr_portal/genomes/GCA/023/884/GCA_023884315.1,1.5.0,Fast,2019,,,urine,urinary tract,38.97,-77.03,,no,NCBI_antibiogram,United States of America,Americas,Northern America
ampicillin,resistant,> 16 mg/L,SAMN26304351,GCA_023884865.1,Escherichia,Escherichia coli,Escherichia coli,562,709929,Homo sapiens,SRS15348314,broth dilution,BD Phoenix,CLSI,ARO_3000637|https://www.ebi.ac.uk/ols4/ontologies/aro/classes/http%253A%252F%252Fpurl.obolibrary.org%252Fobo%252FARO_3000637,JAKYHC010000040.1,27721,28155,+,GCA_023884865.1_04433,marR,marR_S3N,AMR,POINT,MULTIDRUG,AMPICILLIN/CHLORAMPHENICOL/QUINOLONE/RIFAMPIN/TETRACYCLINE,AMPICILLIN,POINTP,WP_000843414.1,transcriptional regulator MarR,100.00,97.92,,,Annotation|https://ftp.ebi.ac.uk/pub/databases/amr_portal/genomes/GCA/023/884/GCA_023884865.1,1.5.0,Fast,2019,,,urine,urinary tract,38.97,-77.03,,no,NCBI_antibiogram,United States of America,Americas,Northern America
ampicillin,resistant,> 16 mg/L,SAMN26309249,GCA_023884745.1,Escherichia,Escherichia coli,Escherichia coli,562,807454,Homo sapiens,SRS15358658,broth dilution,BD Phoenix,CLSI,ARO_3000637|https://www.ebi.ac.uk/ols4/ontologies/aro/classes/http%253A%252F%252Fpurl.obolibrary.org%252Fobo%252FARO_3000637,JAKYGT010000005.1,9401,9835,-,GCA_023884745.1_01011,marR,marR_S3N,AMR,POINT,MULTIDRUG,AMPICILLIN/CHLORAMPHENICOL/QUINOLONE/RIFAMPIN/TETRACYCLINE,AMPICILLIN,POINTP,WP_000843414.1,transcriptional regulator MarR,100.00,97.92,,,Annotation|https://ftp.ebi.ac.uk/pub/databases/amr_portal/genomes/GCA/023/884/GCA_023884745.1,1.5.0,Fast,2020,,,urine,urinary tract,38.97,-77.03,,no,NCBI_antibiogram,United States of America,Americas,Northern America
ampicillin,susceptible,<= 4 mg/L,SAMN26309133,GCA_023884025.1,Escherichia,Escherichia coli,Escherichia coli,562,794291,Homo sapiens,SRS15357727,broth dilution,BD Phoenix,CLSI,ARO_3000637|https://www.ebi.ac.uk/ols4/ontologies/aro/classes/http%253A%252F%252Fpurl.obolibrary.org%252Fobo%252FARO_3000637,JAKYBM010000027.1,364787,365221,-,GCA_023884025.1_02967,marR,marR_S3N,AMR,POINT,MULTIDRUG,AMPICILLIN/CHLORAMPHENICOL/QUINOLONE/RIFAMPIN/TETRACYCLINE,AMPICILLIN,POINTP,WP_000843414.1,transcriptional regulator MarR,100.00,97.92,,,Annotation|https://ftp.ebi.ac.uk/pub/databases/amr_portal/genomes/GCA/023/884/GCA_023884025.1,1.5.0,Fast,2020,,,urine,urinary tract,38.97,-77.03,,no,NCBI_antibiogram,United States of America,Americas,Northern America
ampicillin,resistant,> 16 mg/L,SAMN26309219,GCA_023884145.1,Escherichia,Escherichia coli,Escherichia coli,562,709689,Homo sapiens,SRS15348390,broth dilution,BD Phoenix,CLSI,ARO_3000637|https://www.ebi.ac.uk/ols4/ontologies/aro/classes/http%253A%252F%252Fpurl.obolibrary.org%252Fobo%252FARO_3000637,JAKYCB010000001.1,27410,27844,+,GCA_023884145.1_00027,marR,marR_S3N,AMR,POINT,MULTIDRUG,AMPICILLIN/CHLORAMPHENICOL/QUINOLONE/RIFAMPIN/TETRACYCLINE,AMPICILLIN,POINTP,WP_000843414.1,transcriptional regulator MarR,100.00,97.92,,,Annotation|https://ftp.ebi.ac.uk/pub/databases/amr_portal/genomes/GCA/023/884/GCA_023884145.1,1.5.0,Fast,2019,,,urine,urinary tract,38.97,-77.03,,no,NCBI_antibiogram,United States of America,Americas,Northern America
ampicillin,resistant,> 16 mg/L,SAMN26304663,GCA_023884485.1,Escherichia,Escherichia coli,Escherichia coli,562,807752,Homo sapiens,SRS15358660,broth dilution,BD Phoenix,CLSI,ARO_3000637|https://www.ebi.ac.uk/ols4/ontologies/aro/classes/http%253A%252F%252Fpurl.obolibrary.org%252Fobo%252FARO_3000637,JAKYDT010000053.1,26538,26972,+,GCA_023884485.1_04343,marR,marR_S3N,AMR,POINT,MULTIDRUG,AMPICILLIN/CHLORAMPHENICOL/QUINOLONE/RIFAMPIN/TETRACYCLINE,AMPICILLIN,POINTP,WP_000843414.1,transcriptional regulator MarR,100.00,97.92,,,Annotation|https://ftp.ebi.ac.uk/pub/databases/amr_portal/genomes/GCA/023/884/GCA_023884485.1,1.5.0,Fast,2020,,,urine,urinary tract,38.97,-77.03,,no,NCBI_antibiogram,United States of America,Americas,Northern America
ampicillin,susceptible,<= 4 mg/L,SAMN26304683,GCA_023884405.1,Escherichia,Escherichia coli,Escherichia coli,562,735399,Homo sapiens,SRS15348404,broth dilution,BD Phoenix,CLSI,ARO_3000637|https://www.ebi.ac.uk/ols4/ontologies/aro/classes/http%253A%252F%252Fpurl.obolibrary.org%252Fobo%252FARO_3000637,JAKYDJ010000015.1,72616,73050,-,GCA_023884405.1_02663,marR,marR_S3N,AMR,POINT,MULTIDRUG,AMPICILLIN/CHLORAMPHENICOL/QUINOLONE/RIFAMPIN/TETRACYCLINE,AMPICILLIN,POINTP,WP_000843414.1,transcriptional regulator MarR,100.00,97.92,,,Annotation|https://ftp.ebi.ac.uk/pub/databases/amr_portal/genomes/GCA/023/884/GCA_023884405.1,1.5.0,Fast,2019,,,urine,urinary tract,38.97,-77.03,,no,NCBI_antibiogram,United States of America,Americas,Northern America
ampicillin,susceptible,<= 4 mg/L,SAMN26305241,GCA_023884725.1,Escherichia,Escherichia coli,Escherichia coli,562,768283,Homo sapiens,SRS15355619,broth dilution,BD Phoenix,CLSI,ARO_3000637|https://www.ebi.ac.uk/ols4/ontologies/aro/classes/http%253A%252F%252Fpurl.obolibrary.org%252Fobo%252FARO_3000637,JAKYGR010000011.1,36771,37205,+,GCA_023884725.1_01499,marR,marR_S3N,AMR,POINT,MULTIDRUG,AMPICILLIN/CHLORAMPHENICOL/QUINOLONE/RIFAMPIN/TETRACYCLINE,AMPICILLIN,POINTP,WP_000843414.1,transcriptional regulator MarR,100.00,97.92,,,Annotation|https://ftp.ebi.ac.uk/pub/databases/amr_portal/genomes/GCA/023/884/GCA_023884725.1,1.5.0,Fast,2020,,,urine,urinary tract,38.97,-77.03,,no,NCBI_antibiogram,United States of America,Americas,Northern America
ampicillin,susceptible,<= 4 mg/L,SAMN26304329,GCA_023884445.1,Escherichia,Escherichia coli,Escherichia coli,562,709621,Homo sapiens,SRS15339900,broth dilution,BD Phoenix,CLSI,ARO_3000637|https://www.ebi.ac.uk/ols4/ontologies/aro/classes/http%253A%252F%252Fpurl.obolibrary.org%252Fobo%252FARO_3000637,JAKYDM010000001.1,45916,46350,+,GCA_023884445.1_00044,marR,marR_S3N,AMR,POINT,MULTIDRUG,AMPICILLIN/CHLORAMPHENICOL/QUINOLONE/RIFAMPIN/TETRACYCLINE,AMPICILLIN,POINTP,WP_000843414.1,transcriptional regulator MarR,100.00,97.92,,,Annotation|https://ftp.ebi.ac.uk/pub/databases/amr_portal/genomes/GCA/023/884/GCA_023884445.1,1.5.0,Fast,2019,,,urine,urinary tract,38.97,-77.03,,no,NCBI_antibiogram,United States of America,Americas,Northern America
ampicillin,susceptible,<= 4 mg/L,SAMN26309114,GCA_023884785.1,Escherichia,Escherichia coli,Escherichia coli,562,749839,Homo sapiens,SRS15352198,broth dilution,BD Phoenix,CLSI,ARO_3000637|https://www.ebi.ac.uk/ols4/ontologies/aro/classes/http%253A%252F%252Fpurl.obolibrary.org%252Fobo%252FARO_3000637,JAKYGV010000027.1,8914,9348,-,GCA_023884785.1_01752,marR,marR_S3N,AMR,POINT,MULTIDRUG,AMPICILLIN/CHLORAMPHENICOL/QUINOLONE/RIFAMPIN/TETRACYCLINE,AMPICILLIN,POINTP,WP_000843414.1,transcriptional regulator MarR,100.00,97.92,,,Annotation|https://ftp.ebi.ac.uk/pub/databases/amr_portal/genomes/GCA/023/884/GCA_023884785.1,1.5.0,Fast,2020,,,urine,urinary tract,38.97,-77.03,,no,NCBI_antibiogram,United States of America,Americas,Northern America
ampicillin,susceptible,<= 4 mg/L,SAMN26305226,GCA_023884925.1,Escherichia,Escherichia coli,Escherichia coli,562,735307,Homo sapiens,SRS15348394,broth dilution,BD Phoenix,CLSI,ARO_3000637|https://www.ebi.ac.uk/ols4/ontologies/aro/classes/http%253A%252F%252Fpurl.obolibrary.org%252Fobo%252FARO_3000637,JAKYGZ010000015.1,36770,37204,+,GCA_023884925.1_01288,marR,marR_S3N,AMR,POINT,MULTIDRUG,AMPICILLIN/CHLORAMPHENICOL/QUINOLONE/RIFAMPIN/TETRACYCLINE,AMPICILLIN,POINTP,WP_000843414.1,transcriptional regulator MarR,100.00,97.92,,,Annotation|https://ftp.ebi.ac.uk/pub/databases/amr_portal/genomes/GCA/023/884/GCA_023884925.1,1.5.0,Fast,2019,,,urine,urinary tract,38.97,-77.03,,no,NCBI_antibiogram,United States of America,Americas,Northern America
ampicillin,susceptible,<= 4 mg/L,SAMN26308640,GCA_023884245.1,Escherichia,Escherichia coli,Escherichia coli,562,709873,Homo sapiens,SRS15348195,broth dilution,BD Phoenix,CLSI,ARO_3000637|https://www.ebi.ac.uk/ols4/ontologies/aro/classes/http%253A%252F%252Fpurl.obolibrary.org%252Fobo%252FARO_3000637,JAKYCO010000009.1,72586,73020,-,GCA_023884245.1_01085,marR,marR_S3N,AMR,POINT,MULTIDRUG,AMPICILLIN/CHLORAMPHENICOL/QUINOLONE/RIFAMPIN/TETRACYCLINE,AMPICILLIN,POINTP,WP_000843414.1,transcriptional regulator MarR,100.00,97.92,,,Annotation|https://ftp.ebi.ac.uk/pub/databases/amr_portal/genomes/GCA/023/884/GCA_023884245.1,1.5.0,Fast,2019,,,urine,urinary tract,38.97,-77.03,,no,NCBI_antibiogram,United States of America,Americas,Northern America
ampicillin,resistant,> 16 mg/L,SAMN26308787,GCA_023884525.1,Escherichia,Escherichia coli,Escherichia coli,562,697866,Homo sapiens,SRS15339953,broth dilution,BD Phoenix,CLSI,ARO_3000637|https://www.ebi.ac.uk/ols4/ontologies/aro/classes/http%253A%252F%252Fpurl.obolibrary.org%252Fobo%252FARO_3000637,JAKYDW010000007.1,84681,85145,+,GCA_023884525.1_00617,soxR,soxR_G121D,AMR,POINT,MULTIDRUG,AMPICILLIN/CHLORAMPHENICOL/QUINOLONE/RIFAMPIN/TETRACYCLINE,AMPICILLIN,POINTP,WP_000412428.1,redox-sensitive transcriptional activator SoxR,100.00,98.70,,,Annotation|https://ftp.ebi.ac.uk/pub/databases/amr_portal/genomes/GCA/023/884/GCA_023884525.1,1.5.0,Fast,2019,,,urine,urinary tract,38.97,-77.03,,no,NCBI_antibiogram,United States of America,Americas,Northern America
ampicillin,resistant,> 16 mg/L,SAMN26309237,GCA_023884225.1,Escherichia,Escherichia coli,Escherichia coli,562,766315,Homo sapiens,SRS15355716,broth dilution,BD Phoenix,CLSI,ARO_3000637|https://www.ebi.ac.uk/ols4/ontologies/aro/classes/http%253A%252F%252Fpurl.obolibrary.org%252Fobo%252FARO_3000637,JAKYCG010000009.1,9403,9837,-,GCA_023884225.1_01014,marR,marR_S3N,AMR,POINT,MULTIDRUG,AMPICILLIN/CHLORAMPHENICOL/QUINOLONE/RIFAMPIN/TETRACYCLINE,AMPICILLIN,POINTP,WP_000843414.1,transcriptional regulator MarR,100.00,97.92,,,Annotation|https://ftp.ebi.ac.uk/pub/databases/amr_portal/genomes/GCA/023/884/GCA_023884225.1,1.5.0,Fast,2020,,,urine,urinary tract,38.97,-77.03,,no,NCBI_antibiogram,United States of America,Americas,Northern America
ampicillin,susceptible,<= 4 mg/L,SAMN26305243,GCA_023884825.1,Escherichia,Escherichia coli,Escherichia coli,562,772257,Homo sapiens,SRS15355559,broth dilution,BD Phoenix,CLSI,ARO_3000637|https://www.ebi.ac.uk/ols4/ontologies/aro/classes/http%253A%252F%252Fpurl.obolibrary.org%252Fobo%252FARO_3000637,JAKYGW010000003.1,36771,37205,+,GCA_023884825.1_00643,marR,marR_S3N,AMR,POINT,MULTIDRUG,AMPICILLIN/CHLORAMPHENICOL/QUINOLONE/RIFAMPIN/TETRACYCLINE,AMPICILLIN,POINTP,WP_000843414.1,transcriptional regulator MarR,100.00,97.92,,,Annotation|https://ftp.ebi.ac.uk/pub/databases/amr_portal/genomes/GCA/023/884/GCA_023884825.1,1.5.0,Fast,2020,,,urine,urinary tract,38.97,-77.03,,no,NCBI_antibiogram,United States of America,Americas,Northern America
ampicillin,susceptible,<= 4 mg/L,SAMN26308985,GCA_023884575.1,Escherichia,Escherichia coli,Escherichia coli,562,709777,Homo sapiens,SRS15348180,broth dilution,BD Phoenix,CLSI,ARO_3000637|https://www.ebi.ac.uk/ols4/ontologies/aro/classes/http%253A%252F%252Fpurl.obolibrary.org%252Fobo%252FARO_3000637,JAKYEQ010000002.1,36140,36574,+,GCA_023884575.1_00065,marR,marR_S3N,AMR,POINT,MULTIDRUG,AMPICILLIN/CHLORAMPHENICOL/QUINOLONE/RIFAMPIN/TETRACYCLINE,AMPICILLIN,POINTP,WP_000843414.1,transcriptional regulator MarR,100.00,97.92,,,Annotation|https://ftp.ebi.ac.uk/pub/databases/amr_portal/genomes/GCA/023/884/GCA_023884575.1,1.5.0,Fast,2019,,,urine,urinary tract,38.97,-77.03,,no,NCBI_antibiogram,United States of America,Americas,Northern America
ampicillin,susceptible,<= 4 mg/L,SAMN26308967,GCA_023884835.1,Escherichia,Escherichia coli,Escherichia coli,562,735995,Homo sapiens,SRS15348298,broth dilution,BD Phoenix,CLSI,ARO_3000637|https://www.ebi.ac.uk/ols4/ontologies/aro/classes/http%253A%252F%252Fpurl.obolibrary.org%252Fobo%252FARO_3000637,JAKYGX010000017.1,67507,67941,-,GCA_023884835.1_02937,marR,marR_S3N,AMR,POINT,MULTIDRUG,AMPICILLIN/CHLORAMPHENICOL/QUINOLONE/RIFAMPIN/TETRACYCLINE,AMPICILLIN,POINTP,WP_000843414.1,transcriptional regulator MarR,100.00,97.92,,,Annotation|https://ftp.ebi.ac.uk/pub/databases/amr_portal/genomes/GCA/023/884/GCA_023884835.1,1.5.0,Fast,2019,,,urine,urinary tract,38.97,-77.03,,no,NCBI_antibiogram,United States of America,Americas,Northern America
ampicillin,susceptible,<= 4 mg/L,SAMN26305221,GCA_023884005.1,Escherichia,Escherichia coli,Escherichia coli,562,698134,Homo sapiens,SRS15339752,broth dilution,BD Phoenix,CLSI,ARO_3000637|https://www.ebi.ac.uk/ols4/ontologies/aro/classes/http%253A%252F%252Fpurl.obolibrary.org%252Fobo%252FARO_3000637,JAKYBL010000014.1,414678,415112,-,GCA_023884005.1_01534,marR,marR_S3N,AMR,POINT,MULTIDRUG,AMPICILLIN/CHLORAMPHENICOL/QUINOLONE/RIFAMPIN/TETRACYCLINE,AMPICILLIN,POINTP,WP_000843414.1,transcriptional regulator MarR,100.00,97.92,,,Annotation|https://ftp.ebi.ac.uk/pub/databases/amr_portal/genomes/GCA/023/884/GCA_023884005.1,1.5.0,Fast,2019,,,urine,urinary tract,38.97,-77.03,,no,NCBI_antibiogram,United States of America,Americas,Northern America
ampicillin,resistant,> 16 mg/L,SAMN26308647,GCA_023876225.1,Escherichia,Escherichia coli,Escherichia coli,562,749645,Homo sapiens,SRS15352112,broth dilution,BD Phoenix,CLSI,ARO_3000637|https://www.ebi.ac.uk/ols4/ontologies/aro/classes/http%253A%252F%252Fpurl.obolibrary.org%252Fobo%252FARO_3000637,JAKXQJ010000010.1,72617,73051,-,GCA_023876225.1_01116,marR,marR_S3N,AMR,POINT,MULTIDRUG,AMPICILLIN/CHLORAMPHENICOL/QUINOLONE/RIFAMPIN/TETRACYCLINE,AMPICILLIN,POINTP,WP_000843414.1,transcriptional regulator MarR,100.00,97.92,,,Annotation|https://ftp.ebi.ac.uk/pub/databases/amr_portal/genomes/GCA/023/876/GCA_023876225.1,1.5.0,Fast,2020,,,urine,urinary tract,38.97,-77.03,,no,NCBI_antibiogram,United States of America,Americas,Northern America
ampicillin,susceptible,<= 4 mg/L,SAMN26309224,GCA_023876125.1,Escherichia,Escherichia coli,Escherichia coli,562,736053,Homo sapiens,SRS15348305,broth dilution,BD Phoenix,CLSI,ARO_3000637|https://www.ebi.ac.uk/ols4/ontologies/aro/classes/http%253A%252F%252Fpurl.obolibrary.org%252Fobo%252FARO_3000637,JAKXQD010000011.1,9403,9837,-,GCA_023876125.1_00960,marR,marR_S3N,AMR,POINT,MULTIDRUG,AMPICILLIN/CHLORAMPHENICOL/QUINOLONE/RIFAMPIN/TETRACYCLINE,AMPICILLIN,POINTP,WP_000843414.1,transcriptional regulator MarR,100.00,97.92,,,Annotation|https://ftp.ebi.ac.uk/pub/databases/amr_portal/genomes/GCA/023/876/GCA_023876125.1,1.5.0,Fast,2019,,,urine,urinary tract,38.97,-77.03,,no,NCBI_antibiogram,United States of America,Americas,Northern America
ampicillin,susceptible,<= 4 mg/L,SAMN26304449,GCA_023876925.1,Escherichia,Escherichia coli,Escherichia coli,562,767907,Homo sapiens,SRS15355746,broth dilution,BD Phoenix,CLSI,ARO_3000637|https://www.ebi.ac.uk/ols4/ontologies/aro/classes/http%253A%252F%252Fpurl.obolibrary.org%252Fobo%252FARO_3000637,JAKXRQ010000043.1,33204,33638,-,GCA_023876925.1_04190,marR,marR_S3N,AMR,POINT,MULTIDRUG,AMPICILLIN/CHLORAMPHENICOL/QUINOLONE/RIFAMPIN/TETRACYCLINE,AMPICILLIN,POINTP,WP_000843414.1,transcriptional regulator MarR,100.00,97.92,,,Annotation|https://ftp.ebi.ac.uk/pub/databases/amr_portal/genomes/GCA/023/876/GCA_023876925.1,1.5.0,Fast,2020,,,urine,urinary tract,38.97,-77.03,,no,NCBI_antibiogram,United States of America,Americas,Northern America
ampicillin,susceptible,<= 4 mg/L,SAMN26305248,GCA_023876825.1,Escherichia,Escherichia coli,Escherichia coli,562,806694,Homo sapiens,SRS15358559,broth dilution,BD Phoenix,CLSI,ARO_3000637|https://www.ebi.ac.uk/ols4/ontologies/aro/classes/http%253A%252F%252Fpurl.obolibrary.org%252Fobo%252FARO_3000637,JAKXRM010000012.1,36771,37205,+,GCA_023876825.1_02136,marR,marR_S3N,AMR,POINT,MULTIDRUG,AMPICILLIN/CHLORAMPHENICOL/QUINOLONE/RIFAMPIN/TETRACYCLINE,AMPICILLIN,POINTP,WP_000843414.1,transcriptional regulator MarR,100.00,97.92,,,Annotation|https://ftp.ebi.ac.uk/pub/databases/amr_portal/genomes/GCA/023/876/GCA_023876825.1,1.5.0,Fast,2020,,,urine,urinary tract,38.97,-77.03,,no,NCBI_antibiogram,United States of America,Americas,Northern America
ampicillin,susceptible,<= 4 mg/L,SAMN26304522,GCA_023876015.1,Escherichia,Escherichia coli,Escherichia coli,562,794549,Homo sapiens,SRS15358648,broth dilution,BD Phoenix,CLSI,ARO_3000637|https://www.ebi.ac.uk/ols4/ontologies/aro/classes/http%253A%252F%252Fpurl.obolibrary.org%252Fobo%252FARO_3000637,JAKXPX010000028.1,9401,9835,-,GCA_023876015.1_02752,marR,marR_S3N,AMR,POINT,MULTIDRUG,AMPICILLIN/CHLORAMPHENICOL/QUINOLONE/RIFAMPIN/TETRACYCLINE,AMPICILLIN,POINTP,WP_000843414.1,transcriptional regulator MarR,100.00,97.92,,,Annotation|https://ftp.ebi.ac.uk/pub/databases/amr_portal/genomes/GCA/023/876/GCA_023876015.1,1.5.0,Fast,2020,,,urine,urinary tract,38.97,-77.03,,no,NCBI_antibiogram,United States of America,Americas,Northern America
ampicillin,susceptible,<= 4 mg/L,SAMN26309333,GCA_023876485.1,Escherichia,Escherichia coli,Escherichia coli,562,838938,Homo sapiens,SRS15359944,broth dilution,BD Phoenix,CLSI,ARO_3000637|https://www.ebi.ac.uk/ols4/ontologies/aro/classes/http%253A%252F%252Fpurl.obolibrary.org%252Fobo%252FARO_3000637,JAKXQU010000037.1,35492,35926,+,GCA_023876485.1_04315,marR,marR_S3N,AMR,POINT,MULTIDRUG,AMPICILLIN/CHLORAMPHENICOL/QUINOLONE/RIFAMPIN/TETRACYCLINE,AMPICILLIN,POINTP,WP_000843414.1,transcriptional regulator MarR,100.00,97.92,,,Annotation|https://ftp.ebi.ac.uk/pub/databases/amr_portal/genomes/GCA/023/876/GCA_023876485.1,1.5.0,Fast,2020,,,urine,urinary tract,38.97,-77.03,,no,NCBI_antibiogram,United States of America,Americas,Northern America
ampicillin,susceptible,<= 4 mg/L,SAMN26305224,GCA_023876065.1,Escherichia,Escherichia coli,Escherichia coli,562,709147,Homo sapiens,SRS15339809,broth dilution,BD Phoenix,CLSI,ARO_3000637|https://www.ebi.ac.uk/ols4/ontologies/aro/classes/http%253A%252F%252Fpurl.obolibrary.org%252Fobo%252FARO_3000637,JAKXPZ010000009.1,36771,37205,+,GCA_023876065.1_01323,marR,marR_S3N,AMR,POINT,MULTIDRUG,AMPICILLIN/CHLORAMPHENICOL/QUINOLONE/RIFAMPIN/TETRACYCLINE,AMPICILLIN,POINTP,WP_000843414.1,transcriptional regulator MarR,100.00,97.92,,,Annotation|https://ftp.ebi.ac.uk/pub/databases/amr_portal/genomes/GCA/023/876/GCA_023876065.1,1.5.0,Fast,2019,,,urine,urinary tract,38.97,-77.03,,no,NCBI_antibiogram,United States of America,Americas,Northern America
ampicillin,resistant,> 16 mg/L,SAMN26304403,GCA_023876455.1,Escherichia,Escherichia coli,Escherichia coli,562,781553,Homo sapiens,SRS15357477,broth dilution,BD Phoenix,CLSI,ARO_3000637|https://www.ebi.ac.uk/ols4/ontologies/aro/classes/http%253A%252F%252Fpurl.obolibrary.org%252Fobo%252FARO_3000637,JAKXQS010000015.1,72617,73051,-,GCA_023876455.1_01991,marR,marR_S3N,AMR,POINT,MULTIDRUG,AMPICILLIN/CHLORAMPHENICOL/QUINOLONE/RIFAMPIN/TETRACYCLINE,AMPICILLIN,POINTP,WP_000843414.1,transcriptional regulator MarR,100.00,97.92,,,Annotation|https://ftp.ebi.ac.uk/pub/databases/amr_portal/genomes/GCA/023/876/GCA_023876455.1,1.5.0,Fast,2020,,,urine,urinary tract,38.97,-77.03,,no,NCBI_antibiogram,United States of America,Americas,Northern America
ampicillin,resistant,> 16 mg/L,SAMN26309223,GCA_023876545.1,Escherichia,Escherichia coli,Escherichia coli,562,735903,Homo sapiens,SRS15348289,broth dilution,BD Phoenix,CLSI,ARO_3000637|https://www.ebi.ac.uk/ols4/ontologies/aro/classes/http%253A%252F%252Fpurl.obolibrary.org%252Fobo%252FARO_3000637,JAKXQX010000022.1,9401,9835,-,GCA_023876545.1_01837,marR,marR_S3N,AMR,POINT,MULTIDRUG,AMPICILLIN/CHLORAMPHENICOL/QUINOLONE/RIFAMPIN/TETRACYCLINE,AMPICILLIN,POINTP,WP_000843414.1,transcriptional regulator MarR,100.00,97.92,,,Annotation|https://ftp.ebi.ac.uk/pub/databases/amr_portal/genomes/GCA/023/876/GCA_023876545.1,1.5.0,Fast,2019,,,urine,urinary tract,38.97,-77.03,,no,NCBI_antibiogram,United States of America,Americas,Northern America
ampicillin,resistant,> 16 mg/L,SAMN26304330,GCA_023876425.1,Escherichia,Escherichia coli,Escherichia coli,562,710047,Homo sapiens,SRS15348433,broth dilution,BD Phoenix,CLSI,ARO_3000637|https://www.ebi.ac.uk/ols4/ontologies/aro/classes/http%253A%252F%252Fpurl.obolibrary.org%252Fobo%252FARO_3000637,JAKXQQ010000017.1,72616,73050,-,GCA_023876425.1_01613,marR,marR_S3N,AMR,POINT,MULTIDRUG,AMPICILLIN/CHLORAMPHENICOL/QUINOLONE/RIFAMPIN/TETRACYCLINE,AMPICILLIN,POINTP,WP_000843414.1,transcriptional regulator MarR,100.00,97.92,,,Annotation|https://ftp.ebi.ac.uk/pub/databases/amr_portal/genomes/GCA/023/876/GCA_023876425.1,1.5.0,Fast,2019,,,urine,urinary tract,38.97,-77.03,,no,NCBI_antibiogram,United States of America,Americas,Northern America
ampicillin,susceptible,<= 4 mg/L,SAMN26308970,GCA_023876865.1,Escherichia,Escherichia coli,Escherichia coli,562,749855,Homo sapiens,SRS15351903,broth dilution,BD Phoenix,CLSI,ARO_3000637|https://www.ebi.ac.uk/ols4/ontologies/aro/classes/http%253A%252F%252Fpurl.obolibrary.org%252Fobo%252FARO_3000637,JAKXRO010000024.1,67307,67741,-,GCA_023876865.1_03242,marR,marR_S3N,AMR,POINT,MULTIDRUG,AMPICILLIN/CHLORAMPHENICOL/QUINOLONE/RIFAMPIN/TETRACYCLINE,AMPICILLIN,POINTP,WP_000843414.1,transcriptional regulator MarR,100.00,97.92,,,Annotation|https://ftp.ebi.ac.uk/pub/databases/amr_portal/genomes/GCA/023/876/GCA_023876865.1,1.5.0,Fast,2020,,,urine,urinary tract,38.97,-77.03,,no,NCBI_antibiogram,United States of America,Americas,Northern America
ampicillin,susceptible,<= 4 mg/L,SAMN26304686,GCA_023876385.1,Escherichia,Escherichia coli,Escherichia coli,562,794599,Homo sapiens,SRS15358672,broth dilution,BD Phoenix,CLSI,ARO_3000637|https://www.ebi.ac.uk/ols4/ontologies/aro/classes/http%253A%252F%252Fpurl.obolibrary.org%252Fobo%252FARO_3000637,JAKXQP010000003.1,36770,37204,+,GCA_023876385.1_00683,marR,marR_S3N,AMR,POINT,MULTIDRUG,AMPICILLIN/CHLORAMPHENICOL/QUINOLONE/RIFAMPIN/TETRACYCLINE,AMPICILLIN,POINTP,WP_000843414.1,transcriptional regulator MarR,100.00,97.92,,,Annotation|https://ftp.ebi.ac.uk/pub/databases/amr_portal/genomes/GCA/023/876/GCA_023876385.1,1.5.0,Fast,2020,,,urine,urinary tract,38.97,-77.03,,no,NCBI_antibiogram,United States of America,Americas,Northern America
ampicillin,susceptible,<= 4 mg/L,SAMN26309101,GCA_023876765.1,Escherichia,Escherichia coli,Escherichia coli,562,709033,Homo sapiens,SRS15339932,broth dilution,BD Phoenix,CLSI,ARO_3000637|https://www.ebi.ac.uk/ols4/ontologies/aro/classes/http%253A%252F%252Fpurl.obolibrary.org%252Fobo%252FARO_3000637,JAKXRI010000016.1,13231,13665,+,GCA_023876765.1_01247,marR,marR_S3N,AMR,POINT,MULTIDRUG,AMPICILLIN/CHLORAMPHENICOL/QUINOLONE/RIFAMPIN/TETRACYCLINE,AMPICILLIN,POINTP,WP_000843414.1,transcriptional regulator MarR,100.00,97.92,,,Annotation|https://ftp.ebi.ac.uk/pub/databases/amr_portal/genomes/GCA/023/876/GCA_023876765.1,1.5.0,Fast,2019,,,urine,urinary tract,38.97,-77.03,,no,NCBI_antibiogram,United States of America,Americas,Northern America
ampicillin,resistant,> 16 mg/L,SAMN26304813,GCA_023876295.1,Escherichia,Escherichia coli,Escherichia coli,562,794187,Homo sapiens,SRS15357714,broth dilution,BD Phoenix,CLSI,ARO_3000637|https://www.ebi.ac.uk/ols4/ontologies/aro/classes/http%253A%252F%252Fpurl.obolibrary.org%252Fobo%252FARO_3000637,JAKXQG010000022.1,231223,231657,-,GCA_023876295.1_01659,marR,marR_S3N,AMR,POINT,MULTIDRUG,AMPICILLIN/CHLORAMPHENICOL/QUINOLONE/RIFAMPIN/TETRACYCLINE,AMPICILLIN,POINTP,WP_000843414.1,transcriptional regulator MarR,100.00,97.92,,,Annotation|https://ftp.ebi.ac.uk/pub/databases/amr_portal/genomes/GCA/023/876/GCA_023876295.1,1.5.0,Fast,2020,,,urine,urinary tract,38.97,-77.03,,no,NCBI_antibiogram,United States of America,Americas,Northern America
ampicillin,resistant,> 16 mg/L,SAMN26308826,GCA_023876285.1,Escherichia,Escherichia coli,Escherichia coli,562,749943,Homo sapiens,SRS15351976,broth dilution,BD Phoenix,CLSI,ARO_3000637|https://www.ebi.ac.uk/ols4/ontologies/aro/classes/http%253A%252F%252Fpurl.obolibrary.org%252Fobo%252FARO_3000637,JAKXQK010000012.1,77397,77861,-,GCA_023876285.1_00773,soxR,soxR_G121D,AMR,POINT,MULTIDRUG,AMPICILLIN/CHLORAMPHENICOL/QUINOLONE/RIFAMPIN/TETRACYCLINE,AMPICILLIN,POINTP,WP_000412428.1,redox-sensitive transcriptional activator SoxR,100.00,98.70,,,Annotation|https://ftp.ebi.ac.uk/pub/databases/amr_portal/genomes/GCA/023/876/GCA_023876285.1,1.5.0,Fast,2020,,,wound,skin or soft tissue,38.97,-77.03,,no,NCBI_antibiogram,United States of America,Americas,Northern America
ampicillin,susceptible,<= 4 mg/L,SAMN26309118,GCA_023876745.1,Escherichia,Escherichia coli,Escherichia coli,562,757703,Homo sapiens,SRS15351917,broth dilution,BD Phoenix,CLSI,ARO_3000637|https://www.ebi.ac.uk/ols4/ontologies/aro/classes/http%253A%252F%252Fpurl.obolibrary.org%252Fobo%252FARO_3000637,JAKXRH010000017.1,13248,13682,+,GCA_023876745.1_01284,marR,marR_S3N,AMR,POINT,MULTIDRUG,AMPICILLIN/CHLORAMPHENICOL/QUINOLONE/RIFAMPIN/TETRACYCLINE,AMPICILLIN,POINTP,WP_000843414.1,transcriptional regulator MarR,100.00,97.92,,,Annotation|https://ftp.ebi.ac.uk/pub/databases/amr_portal/genomes/GCA/023/876/GCA_023876745.1,1.5.0,Fast,2020,,,urine,urinary tract,38.97,-77.03,,no,NCBI_antibiogram,United States of America,Americas,Northern America
ampicillin,susceptible,<= 4 mg/L,SAMN26304633,GCA_023876325.1,Escherichia,Escherichia coli,Escherichia coli,562,735701,Homo sapiens,SRS15348203,broth dilution,BD Phoenix,CLSI,ARO_3000637|https://www.ebi.ac.uk/ols4/ontologies/aro/classes/http%253A%252F%252Fpurl.obolibrary.org%252Fobo%252FARO_3000637,JAKXQM010000016.1,67433,67867,-,GCA_023876325.1_02098,marR,marR_S3N,AMR,POINT,MULTIDRUG,AMPICILLIN/CHLORAMPHENICOL/QUINOLONE/RIFAMPIN/TETRACYCLINE,AMPICILLIN,POINTP,WP_000843414.1,transcriptional regulator MarR,100.00,97.92,,,Annotation|https://ftp.ebi.ac.uk/pub/databases/amr_portal/genomes/GCA/023/876/GCA_023876325.1,1.5.0,Fast,2019,,,urine,urinary tract,38.97,-77.03,,no,NCBI_antibiogram,United States of America,Americas,Northern America
ampicillin,susceptible,<= 4 mg/L,SAMN26304898,GCA_023876715.1,Escherichia,Escherichia coli,Escherichia coli,562,767481,Homo sapiens,SRS15355596,broth dilution,BD Phoenix,CLSI,ARO_3000637|https://www.ebi.ac.uk/ols4/ontologies/aro/classes/http%253A%252F%252Fpurl.obolibrary.org%252Fobo%252FARO_3000637,JAKXRC010000012.1,36451,36885,+,GCA_023876715.1_01508,marR,marR_S3N,AMR,POINT,MULTIDRUG,AMPICILLIN/CHLORAMPHENICOL/QUINOLONE/RIFAMPIN/TETRACYCLINE,AMPICILLIN,POINTP,WP_000843414.1,transcriptional regulator MarR,100.00,97.92,,,Annotation|https://ftp.ebi.ac.uk/pub/databases/amr_portal/genomes/GCA/023/876/GCA_023876715.1,1.5.0,Fast,2020,,,urine,urinary tract,38.97,-77.03,,no,NCBI_antibiogram,United States of America,Americas,Northern America
ampicillin,susceptible,<= 4 mg/L,SAMN26309152,GCA_023876675.1,Escherichia,Escherichia coli,Escherichia coli,562,806602,Homo sapiens,SRS15358554,broth dilution,BD Phoenix,CLSI,ARO_3000637|https://www.ebi.ac.uk/ols4/ontologies/aro/classes/http%253A%252F%252Fpurl.obolibrary.org%252Fobo%252FARO_3000637,JAKXRG010000016.1,36552,36986,+,GCA_023876675.1_02142,marR,marR_S3N,AMR,POINT,MULTIDRUG,AMPICILLIN/CHLORAMPHENICOL/QUINOLONE/RIFAMPIN/TETRACYCLINE,AMPICILLIN,POINTP,WP_000843414.1,transcriptional regulator MarR,100.00,97.92,,,Annotation|https://ftp.ebi.ac.uk/pub/databases/amr_portal/genomes/GCA/023/876/GCA_023876675.1,1.5.0,Fast,2020,,,urine,urinary tract,38.97,-77.03,,no,NCBI_antibiogram,United States of America,Americas,Northern America
ampicillin,susceptible,<= 4 mg/L,SAMN26305230,GCA_023876365.1,Escherichia,Escherichia coli,Escherichia coli,562,757649,Homo sapiens,SRS15351911,broth dilution,BD Phoenix,CLSI,ARO_3000637|https://www.ebi.ac.uk/ols4/ontologies/aro/classes/http%253A%252F%252Fpurl.obolibrary.org%252Fobo%252FARO_3000637,JAKXQO010000015.1,72757,73191,-,GCA_023876365.1_01823,marR,marR_S3N,AMR,POINT,MULTIDRUG,AMPICILLIN/CHLORAMPHENICOL/QUINOLONE/RIFAMPIN/TETRACYCLINE,AMPICILLIN,POINTP,WP_000843414.1,transcriptional regulator MarR,100.00,97.92,,,Annotation|https://ftp.ebi.ac.uk/pub/databases/amr_portal/genomes/GCA/023/876/GCA_023876365.1,1.5.0,Fast,2020,,,urine,urinary tract,38.97,-77.03,,no,NCBI_antibiogram,United States of America,Americas,Northern America
ampicillin,susceptible,<= 4 mg/L,SAMN26309142,GCA_023872315.1,Escherichia,Escherichia coli,Escherichia coli,562,822634,Homo sapiens,SRS15358702,broth dilution,BD Phoenix,CLSI,ARO_3000637|https://www.ebi.ac.uk/ols4/ontologies/aro/classes/http%253A%252F%252Fpurl.obolibrary.org%252Fobo%252FARO_3000637,JAMFJL010000011.1,44869,45303,+,GCA_023872315.1_01487,marR,marR_S3N,AMR,POINT,MULTIDRUG,AMPICILLIN/CHLORAMPHENICOL/QUINOLONE/RIFAMPIN/TETRACYCLINE,AMPICILLIN,POINTP,WP_000843414.1,transcriptional regulator MarR,100.00,97.92,,,Annotation|https://ftp.ebi.ac.uk/pub/databases/amr_portal/genomes/GCA/023/872/GCA_023872315.1,1.5.0,Fast,2020,,,urine,urinary tract,38.97,-77.03,,no,NCBI_antibiogram,United States of America,Americas,Northern America
ampicillin,susceptible,<= 4 mg/L,SAMN26305052,GCA_023872755.1,Escherichia,Escherichia coli,Escherichia coli,562,699226,Homo sapiens,SRS15339870,broth dilution,BD Phoenix,CLSI,ARO_3000637|https://www.ebi.ac.uk/ols4/ontologies/aro/classes/http%253A%252F%252Fpurl.obolibrary.org%252Fobo%252FARO_3000637,JAMFJQ010000013.1,475654,476088,-,GCA_023872755.1_01569,marR,marR_S3N,AMR,POINT,MULTIDRUG,AMPICILLIN/CHLORAMPHENICOL/QUINOLONE/RIFAMPIN/TETRACYCLINE,AMPICILLIN,POINTP,WP_000843414.1,transcriptional regulator MarR,100.00,97.92,,,Annotation|https://ftp.ebi.ac.uk/pub/databases/amr_portal/genomes/GCA/023/872/GCA_023872755.1,1.5.0,Fast,2019,,,urine,urinary tract,38.97,-77.03,,no,NCBI_antibiogram,United States of America,Americas,Northern America
ampicillin,resistant,> 16 mg/L,SAMN26309177,GCA_023872425.1,Escherichia,Escherichia coli,Escherichia coli,562,698336,Homo sapiens,SRS15339838,broth dilution,BD Phoenix,CLSI,ARO_3000637|https://www.ebi.ac.uk/ols4/ontologies/aro/classes/http%253A%252F%252Fpurl.obolibrary.org%252Fobo%252FARO_3000637,JAMFGT010000015.1,27397,27831,+,GCA_023872425.1_01184,marR,marR_S3N,AMR,POINT,MULTIDRUG,AMPICILLIN/CHLORAMPHENICOL/QUINOLONE/RIFAMPIN/TETRACYCLINE,AMPICILLIN,POINTP,WP_000843414.1,transcriptional regulator MarR,100.00,97.92,,,Annotation|https://ftp.ebi.ac.uk/pub/databases/amr_portal/genomes/GCA/023/872/GCA_023872425.1,1.5.0,Fast,2019,,,urine,urinary tract,38.97,-77.03,,no,NCBI_antibiogram,United States of America,Americas,Northern America
ampicillin,resistant,> 16 mg/L,SAMN26304525,GCA_023872635.1,Escherichia,Escherichia coli,Escherichia coli,562,838084,Homo sapiens,SRS15359915,broth dilution,BD Phoenix,CLSI,ARO_3000637|https://www.ebi.ac.uk/ols4/ontologies/aro/classes/http%253A%252F%252Fpurl.obolibrary.org%252Fobo%252FARO_3000637,JAMFIG010000019.1,16911,17345,+,GCA_023872635.1_01444,marR,marR_S3N,AMR,POINT,MULTIDRUG,AMPICILLIN/CHLORAMPHENICOL/QUINOLONE/RIFAMPIN/TETRACYCLINE,AMPICILLIN,POINTP,WP_000843414.1,transcriptional regulator MarR,100.00,97.92,,,Annotation|https://ftp.ebi.ac.uk/pub/databases/amr_portal/genomes/GCA/023/872/GCA_023872635.1,1.5.0,Fast,2020,,,urine,urinary tract,38.97,-77.03,,no,NCBI_antibiogram,United States of America,Americas,Northern America
ampicillin,susceptible,<= 4 mg/L,SAMN26304824,GCA_023872205.1,Escherichia,Escherichia coli,Escherichia coli,562,767789,Homo sapiens,SRS15355693,broth dilution,BD Phoenix,CLSI,ARO_3000637|https://www.ebi.ac.uk/ols4/ontologies/aro/classes/http%253A%252F%252Fpurl.obolibrary.org%252Fobo%252FARO_3000637,JAMFJF010000001.1,27409,27843,+,GCA_023872205.1_00027,marR,marR_S3N,AMR,POINT,MULTIDRUG,AMPICILLIN/CHLORAMPHENICOL/QUINOLONE/RIFAMPIN/TETRACYCLINE,AMPICILLIN,POINTP,WP_000843414.1,transcriptional regulator MarR,100.00,97.92,,,Annotation|https://ftp.ebi.ac.uk/pub/databases/amr_portal/genomes/GCA/023/872/GCA_023872205.1,1.5.0,Fast,2020,,,urine,urinary tract,38.97,-77.03,,no,NCBI_antibiogram,United States of America,Americas,Northern America
ampicillin,susceptible,<= 4 mg/L,SAMN26308597,GCA_023872245.1,Escherichia,Escherichia coli,Escherichia coli,562,767423,Homo sapiens,SRS15355590,broth dilution,BD Phoenix,CLSI,ARO_3000637|https://www.ebi.ac.uk/ols4/ontologies/aro/classes/http%253A%252F%252Fpurl.obolibrary.org%252Fobo%252FARO_3000637,JAMFJH010000006.1,36771,37205,+,GCA_023872245.1_01188,marR,marR_S3N,AMR,POINT,MULTIDRUG,AMPICILLIN/CHLORAMPHENICOL/QUINOLONE/RIFAMPIN/TETRACYCLINE,AMPICILLIN,POINTP,WP_000843414.1,transcriptional regulator MarR,100.00,97.92,,,Annotation|https://ftp.ebi.ac.uk/pub/databases/amr_portal/genomes/GCA/023/872/GCA_023872245.1,1.5.0,Fast,2020,,,urine,urinary tract,38.97,-77.03,,no,NCBI_antibiogram,United States of America,Americas,Northern America
ampicillin,susceptible,<= 4 mg/L,SAMN26304475,GCA_023872545.1,Escherichia,Escherichia coli,Escherichia coli,562,767713,Homo sapiens,SRS15355685,broth dilution,BD Phoenix,CLSI,ARO_3000637|https://www.ebi.ac.uk/ols4/ontologies/aro/classes/http%253A%252F%252Fpurl.obolibrary.org%252Fobo%252FARO_3000637,JAMFHQ010000008.1,72616,73050,-,GCA_023872545.1_01773,marR,marR_S3N,AMR,POINT,MULTIDRUG,AMPICILLIN/CHLORAMPHENICOL/QUINOLONE/RIFAMPIN/TETRACYCLINE,AMPICILLIN,POINTP,WP_000843414.1,transcriptional regulator MarR,100.00,97.92,,,Annotation|https://ftp.ebi.ac.uk/pub/databases/amr_portal/genomes/GCA/023/872/GCA_023872545.1,1.5.0,Fast,2020,,,urine,urinary tract,38.97,-77.03,,no,NCBI_antibiogram,United States of America,Americas,Northern America
ampicillin,resistant,> 16 mg/L,SAMN26304333,GCA_023872555.1,Escherichia,Escherichia coli,Escherichia coli,562,822940,Homo sapiens,SRS15360052,broth dilution,BD Phoenix,CLSI,ARO_3000637|https://www.ebi.ac.uk/ols4/ontologies/aro/classes/http%253A%252F%252Fpurl.obolibrary.org%252Fobo%252FARO_3000637,JAMFHZ010000018.1,36504,36938,+,GCA_023872555.1_02198,marR,marR_S3N,AMR,POINT,MULTIDRUG,AMPICILLIN/CHLORAMPHENICOL/QUINOLONE/RIFAMPIN/TETRACYCLINE,AMPICILLIN,POINTP,WP_000843414.1,transcriptional regulator MarR,100.00,97.92,,,Annotation|https://ftp.ebi.ac.uk/pub/databases/amr_portal/genomes/GCA/023/872/GCA_023872555.1,1.5.0,Fast,2020,,,urine,urinary tract,38.97,-77.03,,no,NCBI_antibiogram,United States of America,Americas,Northern America
ampicillin,resistant,> 16 mg/L,SAMN26309251,GCA_023872835.1,Escherichia,Escherichia coli,Escherichia coli,562,807568,Homo sapiens,SRS15358743,broth dilution,BD Phoenix,CLSI,ARO_3000637|https://www.ebi.ac.uk/ols4/ontologies/aro/classes/http%253A%252F%252Fpurl.obolibrary.org%252Fobo%252FARO_3000637,JAMFJV010000074.1,10252,10686,+,GCA_023872835.1_04515,marR,marR_S3N,AMR,POINT,MULTIDRUG,AMPICILLIN/CHLORAMPHENICOL/QUINOLONE/RIFAMPIN/TETRACYCLINE,AMPICILLIN,POINTP,WP_000843414.1,transcriptional regulator MarR,100.00,97.92,,,Annotation|https://ftp.ebi.ac.uk/pub/databases/amr_portal/genomes/GCA/023/872/GCA_023872835.1,1.5.0,Fast,2020,,,urine,urinary tract,38.97,-77.03,,no,NCBI_antibiogram,United States of America,Americas,Northern America
ampicillin,susceptible,<= 4 mg/L,SAMN26308345,GCA_023872585.1,Escherichia,Escherichia coli,Escherichia coli,562,767797,Homo sapiens,SRS15355694,broth dilution,BD Phoenix,CLSI,ARO_3000637|https://www.ebi.ac.uk/ols4/ontologies/aro/classes/http%253A%252F%252Fpurl.obolibrary.org%252Fobo%252FARO_3000637,JAMFID010000036.1,94756,95079,+,GCA_023872585.1_03043,soxS,soxS_A12S,AMR,POINT,MULTIDRUG,AMPICILLIN/CHLORAMPHENICOL/QUINOLONE/RIFAMPIN/TETRACYCLINE,AMPICILLIN,POINTP,WP_000019358.1,regulatory protein SoxS,100.00,99.07,,,Annotation|https://ftp.ebi.ac.uk/pub/databases/amr_portal/genomes/GCA/023/872/GCA_023872585.1,1.5.0,Fast,2020,,,urine,urinary tract,38.97,-77.03,,no,NCBI_antibiogram,United States of America,Americas,Northern America
ampicillin,susceptible,<= 4 mg/L,SAMN26308685,GCA_023872145.1,Escherichia,Escherichia coli,Escherichia coli,562,767755,Homo sapiens,SRS15355690,broth dilution,BD Phoenix,CLSI,ARO_3000637|https://www.ebi.ac.uk/ols4/ontologies/aro/classes/http%253A%252F%252Fpurl.obolibrary.org%252Fobo%252FARO_3000637,JAMFJC010000011.1,22490,22924,-,GCA_023872145.1_02270,marR,marR_S3N,AMR,POINT,MULTIDRUG,AMPICILLIN/CHLORAMPHENICOL/QUINOLONE/RIFAMPIN/TETRACYCLINE,AMPICILLIN,POINTP,WP_000843414.1,transcriptional regulator MarR,100.00,97.92,,,Annotation|https://ftp.ebi.ac.uk/pub/databases/amr_portal/genomes/GCA/023/872/GCA_023872145.1,1.5.0,Fast,2020,,,urine,urinary tract,38.97,-77.03,,no,NCBI_antibiogram,United States of America,Americas,Northern America
ampicillin,susceptible,<= 4 mg/L,SAMN26304396,GCA_023872265.1,Escherichia,Escherichia coli,Escherichia coli,562,767167,Homo sapiens,SRS15355530,broth dilution,BD Phoenix,CLSI,ARO_3000637|https://www.ebi.ac.uk/ols4/ontologies/aro/classes/http%253A%252F%252Fpurl.obolibrary.org%252Fobo%252FARO_3000637,JAMFJI010000017.1,72615,73049,-,GCA_023872265.1_01950,marR,marR_S3N,AMR,POINT,MULTIDRUG,AMPICILLIN/CHLORAMPHENICOL/QUINOLONE/RIFAMPIN/TETRACYCLINE,AMPICILLIN,POINTP,WP_000843414.1,transcriptional regulator MarR,100.00,97.92,,,Annotation|https://ftp.ebi.ac.uk/pub/databases/amr_portal/genomes/GCA/023/872/GCA_023872265.1,1.5.0,Fast,2020,,,urine,urinary tract,38.97,-77.03,,no,NCBI_antibiogram,United States of America,Americas,Northern America
ampicillin,susceptible,<= 4 mg/L,SAMN26308995,GCA_023872605.1,Escherichia,Escherichia coli,Escherichia coli,562,805384,Homo sapiens,SRS15358820,broth dilution,BD Phoenix,CLSI,ARO_3000637|https://www.ebi.ac.uk/ols4/ontologies/aro/classes/http%253A%252F%252Fpurl.obolibrary.org%252Fobo%252FARO_3000637,JAMFJD010000008.1,29532,29966,+,GCA_023872605.1_01122,marR,marR_S3N,AMR,POINT,MULTIDRUG,AMPICILLIN/CHLORAMPHENICOL/QUINOLONE/RIFAMPIN/TETRACYCLINE,AMPICILLIN,POINTP,WP_000843414.1,transcriptional regulator MarR,100.00,97.92,,,Annotation|https://ftp.ebi.ac.uk/pub/databases/amr_portal/genomes/GCA/023/872/GCA_023872605.1,1.5.0,Fast,2020,,,urine,urinary tract,38.97,-77.03,,no,NCBI_antibiogram,United States of America,Americas,Northern America
ampicillin,susceptible,<= 4 mg/L,SAMN26304348,GCA_023872345.1,Escherichia,Escherichia coli,Escherichia coli,562,806942,Homo sapiens,SRS15358635,broth dilution,BD Phoenix,CLSI,ARO_3000637|https://www.ebi.ac.uk/ols4/ontologies/aro/classes/http%253A%252F%252Fpurl.obolibrary.org%252Fobo%252FARO_3000637,JAMFJR010000015.1,63636,64070,-,GCA_023872345.1_01256,marR,marR_S3N,AMR,POINT,MULTIDRUG,AMPICILLIN/CHLORAMPHENICOL/QUINOLONE/RIFAMPIN/TETRACYCLINE,AMPICILLIN,POINTP,WP_000843414.1,transcriptional regulator MarR,100.00,97.92,,,Annotation|https://ftp.ebi.ac.uk/pub/databases/amr_portal/genomes/GCA/023/872/GCA_023872345.1,1.5.0,Fast,2020,,,urine,urinary tract,38.97,-77.03,,no,NCBI_antibiogram,United States of America,Americas,Northern America
ampicillin,susceptible,<= 4 mg/L,SAMN26308963,GCA_023872045.1,Escherichia,Escherichia coli,Escherichia coli,562,767045,Homo sapiens,SRS15355516,broth dilution,BD Phoenix,CLSI,ARO_3000637|https://www.ebi.ac.uk/ols4/ontologies/aro/classes/http%253A%252F%252Fpurl.obolibrary.org%252Fobo%252FARO_3000637,JAMFIV010000012.1,27410,27844,+,GCA_023872045.1_01291,marR,marR_S3N,AMR,POINT,MULTIDRUG,AMPICILLIN/CHLORAMPHENICOL/QUINOLONE/RIFAMPIN/TETRACYCLINE,AMPICILLIN,POINTP,WP_000843414.1,transcriptional regulator MarR,100.00,97.92,,,Annotation|https://ftp.ebi.ac.uk/pub/databases/amr_portal/genomes/GCA/023/872/GCA_023872045.1,1.5.0,Fast,2020,,,urine,urinary tract,38.97,-77.03,,no,NCBI_antibiogram,United States of America,Americas,Northern America
ampicillin,resistant,> 16 mg/L,SAMN26304728,GCA_023872185.1,Escherichia,Escherichia coli,Escherichia coli,562,822650,Homo sapiens,SRS15358704,broth dilution,BD Phoenix,CLSI,ARO_3000637|https://www.ebi.ac.uk/ols4/ontologies/aro/classes/http%253A%252F%252Fpurl.obolibrary.org%252Fobo%252FARO_3000637,JAMFJA010000004.1,72628,73062,-,GCA_023872185.1_01016,marR,marR_S3N,AMR,POINT,MULTIDRUG,AMPICILLIN/CHLORAMPHENICOL/QUINOLONE/RIFAMPIN/TETRACYCLINE,AMPICILLIN,POINTP,WP_000843414.1,transcriptional regulator MarR,100.00,97.92,,,Annotation|https://ftp.ebi.ac.uk/pub/databases/amr_portal/genomes/GCA/023/872/GCA_023872185.1,1.5.0,Fast,2020,,,urine,urinary tract,38.97,-77.03,,no,NCBI_antibiogram,United States of America,Americas,Northern America
ampicillin,susceptible,<= 4 mg/L,SAMN26308657,GCA_023872745.1,Escherichia,Escherichia coli,Escherichia coli,562,767297,Homo sapiens,SRS15355575,broth dilution,BD Phoenix,CLSI,ARO_3000637|https://www.ebi.ac.uk/ols4/ontologies/aro/classes/http%253A%252F%252Fpurl.obolibrary.org%252Fobo%252FARO_3000637,JAMFJM010000010.1,72616,73050,-,GCA_023872745.1_01019,marR,marR_S3N,AMR,POINT,MULTIDRUG,AMPICILLIN/CHLORAMPHENICOL/QUINOLONE/RIFAMPIN/TETRACYCLINE,AMPICILLIN,POINTP,WP_000843414.1,transcriptional regulator MarR,100.00,97.92,,,Annotation|https://ftp.ebi.ac.uk/pub/databases/amr_portal/genomes/GCA/023/872/GCA_023872745.1,1.5.0,Fast,2020,,,urine,urinary tract,38.97,-77.03,,no,NCBI_antibiogram,United States of America,Americas,Northern America
ampicillin,susceptible,<= 4 mg/L,SAMN26304520,GCA_023872195.1,Escherichia,Escherichia coli,Escherichia coli,562,781625,Homo sapiens,SRS15357484,broth dilution,BD Phoenix,CLSI,ARO_3000637|https://www.ebi.ac.uk/ols4/ontologies/aro/classes/http%253A%252F%252Fpurl.obolibrary.org%252Fobo%252FARO_3000637,JAMFJE010000013.1,63382,63816,-,GCA_023872195.1_01908,marR,marR_S3N,AMR,POINT,MULTIDRUG,AMPICILLIN/CHLORAMPHENICOL/QUINOLONE/RIFAMPIN/TETRACYCLINE,AMPICILLIN,POINTP,WP_000843414.1,transcriptional regulator MarR,100.00,97.92,,,Annotation|https://ftp.ebi.ac.uk/pub/databases/amr_portal/genomes/GCA/023/872/GCA_023872195.1,1.5.0,Fast,2020,,,urine,urinary tract,38.97,-77.03,,no,NCBI_antibiogram,United States of America,Americas,Northern America
ampicillin,resistant,> 16 mg/L,SAMN26305120,GCA_023872465.1,Escherichia,Escherichia coli,Escherichia coli,562,699196,Homo sapiens,SRS15339867,broth dilution,BD Phoenix,CLSI,ARO_3000637|https://www.ebi.ac.uk/ols4/ontologies/aro/classes/http%253A%252F%252Fpurl.obolibrary.org%252Fobo%252FARO_3000637,JAMFHD010000019.1,63437,63871,-,GCA_023872465.1_01857,marR,marR_S3N,AMR,POINT,MULTIDRUG,AMPICILLIN/CHLORAMPHENICOL/QUINOLONE/RIFAMPIN/TETRACYCLINE,AMPICILLIN,POINTP,WP_000843414.1,transcriptional regulator MarR,100.00,97.92,,,Annotation|https://ftp.ebi.ac.uk/pub/databases/amr_portal/genomes/GCA/023/872/GCA_023872465.1,1.5.0,Fast,2019,,,urine,urinary tract,38.97,-77.03,,no,NCBI_antibiogram,United States of America,Americas,Northern America
ampicillin,susceptible,<= 4 mg/L,SAMN26304915,GCA_023872705.1,Escherichia,Escherichia coli,Escherichia coli,562,772803,Homo sapiens,SRS15357693,broth dilution,BD Phoenix,CLSI,ARO_3000637|https://www.ebi.ac.uk/ols4/ontologies/aro/classes/http%253A%252F%252Fpurl.obolibrary.org%252Fobo%252FARO_3000637,JAMFJJ010000007.1,9403,9837,-,GCA_023872705.1_01001,marR,marR_S3N,AMR,POINT,MULTIDRUG,AMPICILLIN/CHLORAMPHENICOL/QUINOLONE/RIFAMPIN/TETRACYCLINE,AMPICILLIN,POINTP,WP_000843414.1,transcriptional regulator MarR,100.00,97.92,,,Annotation|https://ftp.ebi.ac.uk/pub/databases/amr_portal/genomes/GCA/023/872/GCA_023872705.1,1.5.0,Fast,2020,,,urine,urinary tract,38.97,-77.03,,no,NCBI_antibiogram,United States of America,Americas,Northern America
ampicillin,susceptible,<= 4 mg/L,SAMN26308453,GCA_023872415.1,Escherichia,Escherichia coli,Escherichia coli,562,806136,Homo sapiens,SRS15358727,broth dilution,BD Phoenix,CLSI,ARO_3000637|https://www.ebi.ac.uk/ols4/ontologies/aro/classes/http%253A%252F%252Fpurl.obolibrary.org%252Fobo%252FARO_3000637,JAMFGZ010000002.1,74208,74642,-,GCA_023872415.1_00420,marR,marR_S3N,AMR,POINT,MULTIDRUG,AMPICILLIN/CHLORAMPHENICOL/QUINOLONE/RIFAMPIN/TETRACYCLINE,AMPICILLIN,POINTP,WP_000843414.1,transcriptional regulator MarR,100.00,97.92,,,Annotation|https://ftp.ebi.ac.uk/pub/databases/amr_portal/genomes/GCA/023/872/GCA_023872415.1,1.5.0,Fast,2020,,,urine,urinary tract,38.97,-77.03,,no,NCBI_antibiogram,United States of America,Americas,Northern America
ampicillin,resistant,> 16 mg/L,SAMN26309250,GCA_023860665.1,Escherichia,Escherichia coli,Escherichia coli,562,807500,Homo sapiens,SRS15358736,broth dilution,BD Phoenix,CLSI,ARO_3000637|https://www.ebi.ac.uk/ols4/ontologies/aro/classes/http%253A%252F%252Fpurl.obolibrary.org%252Fobo%252FARO_3000637,JAKWTV010000009.1,9403,9837,-,GCA_023860665.1_00993,marR,marR_S3N,AMR,POINT,MULTIDRUG,AMPICILLIN/CHLORAMPHENICOL/QUINOLONE/RIFAMPIN/TETRACYCLINE,AMPICILLIN,POINTP,WP_000843414.1,transcriptional regulator MarR,100.00,97.92,,,Annotation|https://ftp.ebi.ac.uk/pub/databases/amr_portal/genomes/GCA/023/860/GCA_023860665.1,1.5.0,Fast,2020,,,urine,urinary tract,38.97,-77.03,,no,NCBI_antibiogram,United States of America,Americas,Northern America
ampicillin,susceptible,<= 4 mg/L,SAMN26304658,GCA_023860945.1,Escherichia,Escherichia coli,Escherichia coli,562,806976,Homo sapiens,SRS15358638,broth dilution,BD Phoenix,CLSI,ARO_3000637|https://www.ebi.ac.uk/ols4/ontologies/aro/classes/http%253A%252F%252Fpurl.obolibrary.org%252Fobo%252FARO_3000637,JAKWUJ010000032.1,231224,231658,-,GCA_023860945.1_02773,marR,marR_S3N,AMR,POINT,MULTIDRUG,AMPICILLIN/CHLORAMPHENICOL/QUINOLONE/RIFAMPIN/TETRACYCLINE,AMPICILLIN,POINTP,WP_000843414.1,transcriptional regulator MarR,100.00,97.92,,,Annotation|https://ftp.ebi.ac.uk/pub/databases/amr_portal/genomes/GCA/023/860/GCA_023860945.1,1.5.0,Fast,2020,,,urine,urinary tract,38.97,-77.03,,no,NCBI_antibiogram,United States of America,Americas,Northern America
ampicillin,susceptible,<= 4 mg/L,SAMN26305244,GCA_023860465.1,Escherichia,Escherichia coli,Escherichia coli,562,781851,Homo sapiens,SRS15357581,broth dilution,BD Phoenix,CLSI,ARO_3000637|https://www.ebi.ac.uk/ols4/ontologies/aro/classes/http%253A%252F%252Fpurl.obolibrary.org%252Fobo%252FARO_3000637,JAKWSU010000011.1,36771,37205,+,GCA_023860465.1_01446,marR,marR_S3N,AMR,POINT,MULTIDRUG,AMPICILLIN/CHLORAMPHENICOL/QUINOLONE/RIFAMPIN/TETRACYCLINE,AMPICILLIN,POINTP,WP_000843414.1,transcriptional regulator MarR,100.00,97.92,,,Annotation|https://ftp.ebi.ac.uk/pub/databases/amr_portal/genomes/GCA/023/860/GCA_023860465.1,1.5.0,Fast,2020,,,urine,urinary tract,38.97,-77.03,,no,NCBI_antibiogram,United States of America,Americas,Northern America
ampicillin,susceptible,<= 4 mg/L,SAMN26309125,GCA_023860225.1,Escherichia,Escherichia coli,Escherichia coli,562,772097,Homo sapiens,SRS15355542,broth dilution,BD Phoenix,CLSI,ARO_3000637|https://www.ebi.ac.uk/ols4/ontologies/aro/classes/http%253A%252F%252Fpurl.obolibrary.org%252Fobo%252FARO_3000637,JAKWSJ010000016.1,36553,36987,+,GCA_023860225.1_02039,marR,marR_S3N,AMR,POINT,MULTIDRUG,AMPICILLIN/CHLORAMPHENICOL/QUINOLONE/RIFAMPIN/TETRACYCLINE,AMPICILLIN,POINTP,WP_000843414.1,transcriptional regulator MarR,100.00,97.92,,,Annotation|https://ftp.ebi.ac.uk/pub/databases/amr_portal/genomes/GCA/023/860/GCA_023860225.1,1.5.0,Fast,2020,,,urine,urinary tract,38.97,-77.03,,no,NCBI_antibiogram,United States of America,Americas,Northern America
ampicillin,resistant,> 16 mg/L,SAMN26305078,GCA_023860445.1,Escherichia,Escherichia coli,Escherichia coli,562,806766,Homo sapiens,SRS15358628,broth dilution,BD Phoenix,CLSI,ARO_3000637|https://www.ebi.ac.uk/ols4/ontologies/aro/classes/http%253A%252F%252Fpurl.obolibrary.org%252Fobo%252FARO_3000637,JAKWST010000032.1,27409,27843,+,GCA_023860445.1_02736,marR,marR_S3N,AMR,POINT,MULTIDRUG,AMPICILLIN/CHLORAMPHENICOL/QUINOLONE/RIFAMPIN/TETRACYCLINE,AMPICILLIN,POINTP,WP_000843414.1,transcriptional regulator MarR,100.00,97.92,,,Annotation|https://ftp.ebi.ac.uk/pub/databases/amr_portal/genomes/GCA/023/860/GCA_023860445.1,1.5.0,Fast,2020,,,urine,urinary tract,38.97,-77.03,,no,NCBI_antibiogram,United States of America,Americas,Northern America
ampicillin,susceptible,<= 4 mg/L,SAMN26304798,GCA_023860205.1,Escherichia,Escherichia coli,Escherichia coli,562,699090,Homo sapiens,SRS15339856,broth dilution,BD Phoenix,CLSI,ARO_3000637|https://www.ebi.ac.uk/ols4/ontologies/aro/classes/http%253A%252F%252Fpurl.obolibrary.org%252Fobo%252FARO_3000637,JAKWSH010000013.1,36552,36986,+,GCA_023860205.1_00784,marR,marR_S3N,AMR,POINT,MULTIDRUG,AMPICILLIN/CHLORAMPHENICOL/QUINOLONE/RIFAMPIN/TETRACYCLINE,AMPICILLIN,POINTP,WP_000843414.1,transcriptional regulator MarR,100.00,97.92,,,Annotation|https://ftp.ebi.ac.uk/pub/databases/amr_portal/genomes/GCA/023/860/GCA_023860205.1,1.5.0,Fast,2019,,,urine,urinary tract,38.97,-77.03,,no,NCBI_antibiogram,United States of America,Americas,Northern America
ampicillin,resistant,> 16 mg/L,SAMN26308624,GCA_023860865.1,Escherichia,Escherichia coli,Escherichia coli,562,806804,Homo sapiens,SRS15358632,broth dilution,BD Phoenix,CLSI,ARO_3000637|https://www.ebi.ac.uk/ols4/ontologies/aro/classes/http%253A%252F%252Fpurl.obolibrary.org%252Fobo%252FARO_3000637,JAKWUG010000005.1,17858,18292,+,GCA_023860865.1_00595,marR,marR_S3N,AMR,POINT,MULTIDRUG,AMPICILLIN/CHLORAMPHENICOL/QUINOLONE/RIFAMPIN/TETRACYCLINE,AMPICILLIN,POINTP,WP_000843414.1,transcriptional regulator MarR,100.00,97.92,,,Annotation|https://ftp.ebi.ac.uk/pub/databases/amr_portal/genomes/GCA/023/860/GCA_023860865.1,1.5.0,Fast,2020,,,urine,urinary tract,38.97,-77.03,,no,NCBI_antibiogram,United States of America,Americas,Northern America
ampicillin,susceptible,<= 4 mg/L,SAMN26309109,GCA_023860125.1,Escherichia,Escherichia coli,Escherichia coli,562,748923,Homo sapiens,SRS15352114,broth dilution,BD Phoenix,CLSI,ARO_3000637|https://www.ebi.ac.uk/ols4/ontologies/aro/classes/http%253A%252F%252Fpurl.obolibrary.org%252Fobo%252FARO_3000637,JAKWSE010000018.1,13248,13682,+,GCA_023860125.1_01284,marR,marR_S3N,AMR,POINT,MULTIDRUG,AMPICILLIN/CHLORAMPHENICOL/QUINOLONE/RIFAMPIN/TETRACYCLINE,AMPICILLIN,POINTP,WP_000843414.1,transcriptional regulator MarR,100.00,97.92,,,Annotation|https://ftp.ebi.ac.uk/pub/databases/amr_portal/genomes/GCA/023/860/GCA_023860125.1,1.5.0,Fast,2020,,,tissue,skin or soft tissue,38.97,-77.03,,no,NCBI_antibiogram,United States of America,Americas,Northern America
ampicillin,resistant,> 16 mg/L,SAMN26309137,GCA_023860025.1,Escherichia,Escherichia coli,Escherichia coli,562,806732,Homo sapiens,SRS15358627,broth dilution,BD Phoenix,CLSI,ARO_3000637|https://www.ebi.ac.uk/ols4/ontologies/aro/classes/http%253A%252F%252Fpurl.obolibrary.org%252Fobo%252FARO_3000637,JAKWRY010000025.1,13231,13665,+,GCA_023860025.1_02683,marR,marR_S3N,AMR,POINT,MULTIDRUG,AMPICILLIN/CHLORAMPHENICOL/QUINOLONE/RIFAMPIN/TETRACYCLINE,AMPICILLIN,POINTP,WP_000843414.1,transcriptional regulator MarR,100.00,97.92,,,Annotation|https://ftp.ebi.ac.uk/pub/databases/amr_portal/genomes/GCA/023/860/GCA_023860025.1,1.5.0,Fast,2020,,,urine,urinary tract,38.97,-77.03,,no,NCBI_antibiogram,United States of America,Americas,Northern America
ampicillin,susceptible,<= 4 mg/L,SAMN26309194,GCA_023860165.1,Escherichia,Escherichia coli,Escherichia coli,562,698916,Homo sapiens,SRS15339796,broth dilution,BD Phoenix,CLSI,ARO_3000637|https://www.ebi.ac.uk/ols4/ontologies/aro/classes/http%253A%252F%252Fpurl.obolibrary.org%252Fobo%252FARO_3000637,JAKWSG010000070.1,9400,9834,-,GCA_023860165.1_04316,marR,marR_S3N,AMR,POINT,MULTIDRUG,AMPICILLIN/CHLORAMPHENICOL/QUINOLONE/RIFAMPIN/TETRACYCLINE,AMPICILLIN,POINTP,WP_000843414.1,transcriptional regulator MarR,100.00,97.92,,,Annotation|https://ftp.ebi.ac.uk/pub/databases/amr_portal/genomes/GCA/023/860/GCA_023860165.1,1.5.0,Fast,2019,,,urine,urinary tract,38.97,-77.03,,no,NCBI_antibiogram,United States of America,Americas,Northern America
ampicillin,resistant,> 16 mg/L,SAMN26304617,GCA_023860545.1,Escherichia,Escherichia coli,Escherichia coli,562,806362,Homo sapiens,SRS15358538,broth dilution,BD Phoenix,CLSI,ARO_3000637|https://www.ebi.ac.uk/ols4/ontologies/aro/classes/http%253A%252F%252Fpurl.obolibrary.org%252Fobo%252FARO_3000637,JAKWTP010000010.1,13231,13665,+,GCA_023860545.1_01074,marR,marR_S3N,AMR,POINT,MULTIDRUG,AMPICILLIN/CHLORAMPHENICOL/QUINOLONE/RIFAMPIN/TETRACYCLINE,AMPICILLIN,POINTP,WP_000843414.1,transcriptional regulator MarR,100.00,97.92,,,Annotation|https://ftp.ebi.ac.uk/pub/databases/amr_portal/genomes/GCA/023/860/GCA_023860545.1,1.5.0,Fast,2020,,,urine,urinary tract,38.97,-77.03,,no,NCBI_antibiogram,United States of America,Americas,Northern America
ampicillin,resistant,> 16 mg/L,SAMN26308858,GCA_023860065.1,Escherichia,Escherichia coli,Escherichia coli,562,781393,Homo sapiens,SRS15357565,broth dilution,BD Phoenix,CLSI,ARO_3000637|https://www.ebi.ac.uk/ols4/ontologies/aro/classes/http%253A%252F%252Fpurl.obolibrary.org%252Fobo%252FARO_3000637,JAKWSA010000007.1,396,860,+,GCA_023860065.1_00615,soxR,soxR_G121D,AMR,POINT,MULTIDRUG,AMPICILLIN/CHLORAMPHENICOL/QUINOLONE/RIFAMPIN/TETRACYCLINE,AMPICILLIN,POINTP,WP_000412428.1,redox-sensitive transcriptional activator SoxR,100.00,98.70,,,Annotation|https://ftp.ebi.ac.uk/pub/databases/amr_portal/genomes/GCA/023/860/GCA_023860065.1,1.5.0,Fast,2020,,,tissue,skin or soft tissue,38.97,-77.03,,no,NCBI_antibiogram,United States of America,Americas,Northern America
ampicillin,susceptible,<= 4 mg/L,SAMN26308680,GCA_023859285.1,Escherichia,Escherichia coli,Escherichia coli,562,837900,Homo sapiens,SRS15360043,broth dilution,BD Phoenix,CLSI,ARO_3000637|https://www.ebi.ac.uk/ols4/ontologies/aro/classes/http%253A%252F%252Fpurl.obolibrary.org%252Fobo%252FARO_3000637,JAKWQN010000044.1,42017,42451,+,GCA_023859285.1_04364,marR,marR_S3N,AMR,POINT,MULTIDRUG,AMPICILLIN/CHLORAMPHENICOL/QUINOLONE/RIFAMPIN/TETRACYCLINE,AMPICILLIN,POINTP,WP_000843414.1,transcriptional regulator MarR,100.00,97.92,,,Annotation|https://ftp.ebi.ac.uk/pub/databases/amr_portal/genomes/GCA/023/859/GCA_023859285.1,1.5.0,Fast,2020,,,urine,urinary tract,38.97,-77.03,,no,NCBI_antibiogram,United States of America,Americas,Northern America
ampicillin,susceptible,<= 4 mg/L,SAMN26304737,GCA_023859565.1,Escherichia,Escherichia coli,Escherichia coli,562,822134,Homo sapiens,SRS15358583,broth dilution,BD Phoenix,CLSI,ARO_3000637|https://www.ebi.ac.uk/ols4/ontologies/aro/classes/http%253A%252F%252Fpurl.obolibrary.org%252Fobo%252FARO_3000637,JAKWRB010000007.1,72616,73050,-,GCA_023859565.1_01703,marR,marR_S3N,AMR,POINT,MULTIDRUG,AMPICILLIN/CHLORAMPHENICOL/QUINOLONE/RIFAMPIN/TETRACYCLINE,AMPICILLIN,POINTP,WP_000843414.1,transcriptional regulator MarR,100.00,97.92,,,Annotation|https://ftp.ebi.ac.uk/pub/databases/amr_portal/genomes/GCA/023/859/GCA_023859565.1,1.5.0,Fast,2020,,,urine,urinary tract,38.97,-77.03,,no,NCBI_antibiogram,United States of America,Americas,Northern America
ampicillin,resistant,> 16 mg/L,SAMN26304377,GCA_023859345.1,Escherichia,Escherichia coli,Escherichia coli,562,781289,Homo sapiens,SRS15357553,broth dilution,BD Phoenix,CLSI,ARO_3000637|https://www.ebi.ac.uk/ols4/ontologies/aro/classes/http%253A%252F%252Fpurl.obolibrary.org%252Fobo%252FARO_3000637,JAKWQP010000030.1,13248,13682,+,GCA_023859345.1_03087,marR,marR_S3N,AMR,POINT,MULTIDRUG,AMPICILLIN/CHLORAMPHENICOL/QUINOLONE/RIFAMPIN/TETRACYCLINE,AMPICILLIN,POINTP,WP_000843414.1,transcriptional regulator MarR,100.00,97.92,,,Annotation|https://ftp.ebi.ac.uk/pub/databases/amr_portal/genomes/GCA/023/859/GCA_023859345.1,1.5.0,Fast,2020,,,urine,urinary tract,38.97,-77.03,,no,NCBI_antibiogram,United States of America,Americas,Northern America
ampicillin,susceptible,<= 4 mg/L,SAMN26304400,GCA_023859485.1,Escherichia,Escherichia coli,Escherichia coli,562,772337,Homo sapiens,SRS15355767,broth dilution,BD Phoenix,CLSI,ARO_3000637|https://www.ebi.ac.uk/ols4/ontologies/aro/classes/http%253A%252F%252Fpurl.obolibrary.org%252Fobo%252FARO_3000637,JAKWQX010000014.1,17858,18292,+,GCA_023859485.1_01468,marR,marR_S3N,AMR,POINT,MULTIDRUG,AMPICILLIN/CHLORAMPHENICOL/QUINOLONE/RIFAMPIN/TETRACYCLINE,AMPICILLIN,POINTP,WP_000843414.1,transcriptional regulator MarR,100.00,97.92,,,Annotation|https://ftp.ebi.ac.uk/pub/databases/amr_portal/genomes/GCA/023/859/GCA_023859485.1,1.5.0,Fast,2020,,,urine,urinary tract,38.97,-77.03,,no,NCBI_antibiogram,United States of America,Americas,Northern America
ampicillin,susceptible,<= 4 mg/L,SAMN26304365,GCA_023859465.1,Escherichia,Escherichia coli,Escherichia coli,562,794145,Homo sapiens,SRS15357710,broth dilution,BD Phoenix,CLSI,ARO_3000637|https://www.ebi.ac.uk/ols4/ontologies/aro/classes/http%253A%252F%252Fpurl.obolibrary.org%252Fobo%252FARO_3000637,JAKWQW010000016.1,72616,73050,-,GCA_023859465.1_02234,marR,marR_S3N,AMR,POINT,MULTIDRUG,AMPICILLIN/CHLORAMPHENICOL/QUINOLONE/RIFAMPIN/TETRACYCLINE,AMPICILLIN,POINTP,WP_000843414.1,transcriptional regulator MarR,100.00,97.92,,,Annotation|https://ftp.ebi.ac.uk/pub/databases/amr_portal/genomes/GCA/023/859/GCA_023859465.1,1.5.0,Fast,2020,,,urine,urinary tract,38.97,-77.03,,no,NCBI_antibiogram,United States of America,Americas,Northern America
ampicillin,resistant,> 16 mg/L,SAMN26309225,GCA_023859405.1,Escherichia,Escherichia coli,Escherichia coli,562,748957,Homo sapiens,SRS15351977,broth dilution,BD Phoenix,CLSI,ARO_3000637|https://www.ebi.ac.uk/ols4/ontologies/aro/classes/http%253A%252F%252Fpurl.obolibrary.org%252Fobo%252FARO_3000637,JAKWQV010000001.1,27410,27844,+,GCA_023859405.1_00027,marR,marR_S3N,AMR,POINT,MULTIDRUG,AMPICILLIN/CHLORAMPHENICOL/QUINOLONE/RIFAMPIN/TETRACYCLINE,AMPICILLIN,POINTP,WP_000843414.1,transcriptional regulator MarR,100.00,97.92,,,Annotation|https://ftp.ebi.ac.uk/pub/databases/amr_portal/genomes/GCA/023/859/GCA_023859405.1,1.5.0,Fast,2020,,,urine,urinary tract,38.97,-77.03,,no,NCBI_antibiogram,United States of America,Americas,Northern America
ampicillin,susceptible,<= 4 mg/L,SAMN26304454,GCA_023859045.1,Escherichia,Escherichia coli,Escherichia coli,562,782111,Homo sapiens,SRS15357609,broth dilution,BD Phoenix,CLSI,ARO_3000637|https://www.ebi.ac.uk/ols4/ontologies/aro/classes/http%253A%252F%252Fpurl.obolibrary.org%252Fobo%252FARO_3000637,JAKWQB010000021.1,36771,37205,+,GCA_023859045.1_02203,marR,marR_S3N,AMR,POINT,MULTIDRUG,AMPICILLIN/CHLORAMPHENICOL/QUINOLONE/RIFAMPIN/TETRACYCLINE,AMPICILLIN,POINTP,WP_000843414.1,transcriptional regulator MarR,100.00,97.92,,,Annotation|https://ftp.ebi.ac.uk/pub/databases/amr_portal/genomes/GCA/023/859/GCA_023859045.1,1.5.0,Fast,2020,,,urine,urinary tract,38.97,-77.03,,no,NCBI_antibiogram,United States of America,Americas,Northern America
ampicillin,resistant,> 16 mg/L,SAMN26308627,GCA_023859665.1,Escherichia,Escherichia coli,Escherichia coli,562,837628,Homo sapiens,SRS15359897,broth dilution,BD Phoenix,CLSI,ARO_3000637|https://www.ebi.ac.uk/ols4/ontologies/aro/classes/http%253A%252F%252Fpurl.obolibrary.org%252Fobo%252FARO_3000637,JAKWRI010000006.1,72628,73062,-,GCA_023859665.1_01136,marR,marR_S3N,AMR,POINT,MULTIDRUG,AMPICILLIN/CHLORAMPHENICOL/QUINOLONE/RIFAMPIN/TETRACYCLINE,AMPICILLIN,POINTP,WP_000843414.1,transcriptional regulator MarR,100.00,97.92,,,Annotation|https://ftp.ebi.ac.uk/pub/databases/amr_portal/genomes/GCA/023/859/GCA_023859665.1,1.5.0,Fast,2020,,,urine,urinary tract,38.97,-77.03,,no,NCBI_antibiogram,United States of America,Americas,Northern America
ampicillin,susceptible,<= 4 mg/L,SAMN26305053,GCA_023859545.1,Escherichia,Escherichia coli,Escherichia coli,562,781423,Homo sapiens,SRS15357568,broth dilution,BD Phoenix,CLSI,ARO_3000637|https://www.ebi.ac.uk/ols4/ontologies/aro/classes/http%253A%252F%252Fpurl.obolibrary.org%252Fobo%252FARO_3000637,JAKWRA010000017.1,72757,73191,-,GCA_023859545.1_01938,marR,marR_S3N,AMR,POINT,MULTIDRUG,AMPICILLIN/CHLORAMPHENICOL/QUINOLONE/RIFAMPIN/TETRACYCLINE,AMPICILLIN,POINTP,WP_000843414.1,transcriptional regulator MarR,100.00,97.92,,,Annotation|https://ftp.ebi.ac.uk/pub/databases/amr_portal/genomes/GCA/023/859/GCA_023859545.1,1.5.0,Fast,2020,,,urine,urinary tract,38.97,-77.03,,no,NCBI_antibiogram,United States of America,Americas,Northern America
ampicillin,susceptible,<= 4 mg/L,SAMN26308664,GCA_023859165.1,Escherichia,Escherichia coli,Escherichia coli,562,838092,Homo sapiens,SRS15359917,broth dilution,BD Phoenix,CLSI,ARO_3000637|https://www.ebi.ac.uk/ols4/ontologies/aro/classes/http%253A%252F%252Fpurl.obolibrary.org%252Fobo%252FARO_3000637,JAKWQH010000008.1,36503,36937,+,GCA_023859165.1_01416,marR,marR_S3N,AMR,POINT,MULTIDRUG,AMPICILLIN/CHLORAMPHENICOL/QUINOLONE/RIFAMPIN/TETRACYCLINE,AMPICILLIN,POINTP,WP_000843414.1,transcriptional regulator MarR,100.00,97.92,,,Annotation|https://ftp.ebi.ac.uk/pub/databases/amr_portal/genomes/GCA/023/859/GCA_023859165.1,1.5.0,Fast,2020,,,urine,urinary tract,38.97,-77.03,,no,NCBI_antibiogram,United States of America,Americas,Northern America
ampicillin,resistant,> 16 mg/L,SAMN26304567,GCA_023859125.1,Escherichia,Escherichia coli,Escherichia coli,562,772055,Homo sapiens,SRS15355536,broth dilution,BD Phoenix,CLSI,ARO_3000637|https://www.ebi.ac.uk/ols4/ontologies/aro/classes/http%253A%252F%252Fpurl.obolibrary.org%252Fobo%252FARO_3000637,JAKWQF010000037.1,70120,70554,-,GCA_023859125.1_03589,marR,marR_S3N,AMR,POINT,MULTIDRUG,AMPICILLIN/CHLORAMPHENICOL/QUINOLONE/RIFAMPIN/TETRACYCLINE,AMPICILLIN,POINTP,WP_000843414.1,transcriptional regulator MarR,100.00,97.92,,,Annotation|https://ftp.ebi.ac.uk/pub/databases/amr_portal/genomes/GCA/023/859/GCA_023859125.1,1.5.0,Fast,2020,,,urine,urinary tract,38.97,-77.03,,no,NCBI_antibiogram,United States of America,Americas,Northern America
ampicillin,susceptible,<= 4 mg/L,SAMN26305154,GCA_023859865.1,Escherichia,Escherichia coli,Escherichia coli,562,781499,Homo sapiens,SRS15357576,broth dilution,BD Phoenix,CLSI,ARO_3000637|https://www.ebi.ac.uk/ols4/ontologies/aro/classes/http%253A%252F%252Fpurl.obolibrary.org%252Fobo%252FARO_3000637,JAKWRR010000023.1,180057,180491,-,GCA_023859865.1_02137,marR,marR_S3N,AMR,POINT,MULTIDRUG,AMPICILLIN/CHLORAMPHENICOL/QUINOLONE/RIFAMPIN/TETRACYCLINE,AMPICILLIN,POINTP,WP_000843414.1,transcriptional regulator MarR,100.00,97.92,,,Annotation|https://ftp.ebi.ac.uk/pub/databases/amr_portal/genomes/GCA/023/859/GCA_023859865.1,1.5.0,Fast,2020,,,urine,urinary tract,38.97,-77.03,,no,NCBI_antibiogram,United States of America,Americas,Northern America
ampicillin,susceptible,<= 4 mg/L,SAMN26308996,GCA_023859805.1,Escherichia,Escherichia coli,Escherichia coli,562,822932,Homo sapiens,SRS15360041,broth dilution,BD Phoenix,CLSI,ARO_3000637|https://www.ebi.ac.uk/ols4/ontologies/aro/classes/http%253A%252F%252Fpurl.obolibrary.org%252Fobo%252FARO_3000637,JAKWRN010000025.1,29532,29966,+,GCA_023859805.1_02363,marR,marR_S3N,AMR,POINT,MULTIDRUG,AMPICILLIN/CHLORAMPHENICOL/QUINOLONE/RIFAMPIN/TETRACYCLINE,AMPICILLIN,POINTP,WP_000843414.1,transcriptional regulator MarR,100.00,97.92,,,Annotation|https://ftp.ebi.ac.uk/pub/databases/amr_portal/genomes/GCA/023/859/GCA_023859805.1,1.5.0,Fast,2020,,,urine,urinary tract,38.97,-77.03,,no,NCBI_antibiogram,United States of America,Americas,Northern America
ampicillin,susceptible,<= 4 mg/L,SAMN26309428,GCA_023859025.1,Escherichia,Escherichia coli,Escherichia coli,562,822990,Homo sapiens,SRS15360076,broth dilution,BD Phoenix,CLSI,ARO_3000637|https://www.ebi.ac.uk/ols4/ontologies/aro/classes/http%253A%252F%252Fpurl.obolibrary.org%252Fobo%252FARO_3000637,JAKWQA010000017.1,13242,13676,+,GCA_023859025.1_02772,marR,marR_S3N,AMR,POINT,MULTIDRUG,AMPICILLIN/CHLORAMPHENICOL/QUINOLONE/RIFAMPIN/TETRACYCLINE,AMPICILLIN,POINTP,WP_000843414.1,transcriptional regulator MarR,100.00,97.92,,,Annotation|https://ftp.ebi.ac.uk/pub/databases/amr_portal/genomes/GCA/023/859/GCA_023859025.1,1.5.0,Fast,2020,,,wound,skin or soft tissue,38.97,-77.03,,no,NCBI_antibiogram,United States of America,Americas,Northern America
ampicillin,susceptible,<= 4 mg/L,SAMN26304899,GCA_023859265.1,Escherichia,Escherichia coli,Escherichia coli,562,772207,Homo sapiens,SRS15355553,broth dilution,BD Phoenix,CLSI,ARO_3000637|https://www.ebi.ac.uk/ols4/ontologies/aro/classes/http%253A%252F%252Fpurl.obolibrary.org%252Fobo%252FARO_3000637,JAKWQM010000010.1,72616,73050,-,GCA_023859265.1_01833,marR,marR_S3N,AMR,POINT,MULTIDRUG,AMPICILLIN/CHLORAMPHENICOL/QUINOLONE/RIFAMPIN/TETRACYCLINE,AMPICILLIN,POINTP,WP_000843414.1,transcriptional regulator MarR,100.00,97.92,,,Annotation|https://ftp.ebi.ac.uk/pub/databases/amr_portal/genomes/GCA/023/859/GCA_023859265.1,1.5.0,Fast,2020,,,urine,urinary tract,38.97,-77.03,,no,NCBI_antibiogram,United States of America,Americas,Northern America
ampicillin,susceptible,<= 4 mg/L,SAMN26304657,GCA_023859185.1,Escherichia,Escherichia coli,Escherichia coli,562,805300,Homo sapiens,SRS15358813,broth dilution,BD Phoenix,CLSI,ARO_3000637|https://www.ebi.ac.uk/ols4/ontologies/aro/classes/http%253A%252F%252Fpurl.obolibrary.org%252Fobo%252FARO_3000637,JAKWQI010000034.1,231224,231658,-,GCA_023859185.1_02044,marR,marR_S3N,AMR,POINT,MULTIDRUG,AMPICILLIN/CHLORAMPHENICOL/QUINOLONE/RIFAMPIN/TETRACYCLINE,AMPICILLIN,POINTP,WP_000843414.1,transcriptional regulator MarR,100.00,97.92,,,Annotation|https://ftp.ebi.ac.uk/pub/databases/amr_portal/genomes/GCA/023/859/GCA_023859185.1,1.5.0,Fast,2020,,,urine,urinary tract,38.97,-77.03,,no,NCBI_antibiogram,United States of America,Americas,Northern America
ampicillin,susceptible,<= 4 mg/L,SAMN26305013,GCA_023859445.1,Escherichia,Escherichia coli,Escherichia coli,562,772597,Homo sapiens,SRS15357658,broth dilution,BD Phoenix,CLSI,ARO_3000637|https://www.ebi.ac.uk/ols4/ontologies/aro/classes/http%253A%252F%252Fpurl.obolibrary.org%252Fobo%252FARO_3000637,JAKWQU010000011.1,70132,70566,-,GCA_023859445.1_01937,marR,marR_S3N,AMR,POINT,MULTIDRUG,AMPICILLIN/CHLORAMPHENICOL/QUINOLONE/RIFAMPIN/TETRACYCLINE,AMPICILLIN,POINTP,WP_000843414.1,transcriptional regulator MarR,100.00,97.92,,,Annotation|https://ftp.ebi.ac.uk/pub/databases/amr_portal/genomes/GCA/023/859/GCA_023859445.1,1.5.0,Fast,2020,,,urine,urinary tract,38.97,-77.03,,no,NCBI_antibiogram,United States of America,Americas,Northern America
ampicillin,susceptible,<= 4 mg/L,SAMN26309252,GCA_023859785.1,Escherichia,Escherichia coli,Escherichia coli,562,806900,Homo sapiens,SRS15358636,broth dilution,BD Phoenix,CLSI,ARO_3000637|https://www.ebi.ac.uk/ols4/ontologies/aro/classes/http%253A%252F%252Fpurl.obolibrary.org%252Fobo%252FARO_3000637,JAKWRM010000008.1,9401,9835,-,GCA_023859785.1_01017,marR,marR_S3N,AMR,POINT,MULTIDRUG,AMPICILLIN/CHLORAMPHENICOL/QUINOLONE/RIFAMPIN/TETRACYCLINE,AMPICILLIN,POINTP,WP_000843414.1,transcriptional regulator MarR,100.00,97.92,,,Annotation|https://ftp.ebi.ac.uk/pub/databases/amr_portal/genomes/GCA/023/859/GCA_023859785.1,1.5.0,Fast,2020,,,urine,urinary tract,38.97,-77.03,,no,NCBI_antibiogram,United States of America,Americas,Northern America
ampicillin,susceptible,<= 4 mg/L,SAMN26309176,GCA_023859325.1,Escherichia,Escherichia coli,Escherichia coli,562,838202,Homo sapiens,SRS15359928,broth dilution,BD Phoenix,CLSI,ARO_3000637|https://www.ebi.ac.uk/ols4/ontologies/aro/classes/http%253A%252F%252Fpurl.obolibrary.org%252Fobo%252FARO_3000637,JAKWQQ010000019.1,16692,17126,+,GCA_023859325.1_01329,marR,marR_S3N,AMR,POINT,MULTIDRUG,AMPICILLIN/CHLORAMPHENICOL/QUINOLONE/RIFAMPIN/TETRACYCLINE,AMPICILLIN,POINTP,WP_000843414.1,transcriptional regulator MarR,100.00,97.92,,,Annotation|https://ftp.ebi.ac.uk/pub/databases/amr_portal/genomes/GCA/023/859/GCA_023859325.1,1.5.0,Fast,2020,,,blood,blood,38.97,-77.03,,no,NCBI_antibiogram,United States of America,Americas,Northern America
ampicillin,susceptible,<= 4 mg/L,SAMN26304820,GCA_023859225.1,Escherichia,Escherichia coli,Escherichia coli,562,698490,Homo sapiens,SRS15339686,broth dilution,BD Phoenix,CLSI,ARO_3000637|https://www.ebi.ac.uk/ols4/ontologies/aro/classes/http%253A%252F%252Fpurl.obolibrary.org%252Fobo%252FARO_3000637,JAKWQK010000010.1,9403,9837,-,GCA_023859225.1_01115,marR,marR_S3N,AMR,POINT,MULTIDRUG,AMPICILLIN/CHLORAMPHENICOL/QUINOLONE/RIFAMPIN/TETRACYCLINE,AMPICILLIN,POINTP,WP_000843414.1,transcriptional regulator MarR,100.00,97.92,,,Annotation|https://ftp.ebi.ac.uk/pub/databases/amr_portal/genomes/GCA/023/859/GCA_023859225.1,1.5.0,Fast,2019,,,urine,urinary tract,38.97,-77.03,,no,NCBI_antibiogram,United States of America,Americas,Northern America
ampicillin,susceptible,<= 4 mg/L,SAMN26309127,GCA_023859925.1,Escherichia,Escherichia coli,Escherichia coli,562,772651,Homo sapiens,SRS15357560,broth dilution,BD Phoenix,CLSI,ARO_3000637|https://www.ebi.ac.uk/ols4/ontologies/aro/classes/http%253A%252F%252Fpurl.obolibrary.org%252Fobo%252FARO_3000637,JAKWRT010000012.1,63388,63822,-,GCA_023859925.1_01749,marR,marR_S3N,AMR,POINT,MULTIDRUG,AMPICILLIN/CHLORAMPHENICOL/QUINOLONE/RIFAMPIN/TETRACYCLINE,AMPICILLIN,POINTP,WP_000843414.1,transcriptional regulator MarR,100.00,97.92,,,Annotation|https://ftp.ebi.ac.uk/pub/databases/amr_portal/genomes/GCA/023/859/GCA_023859925.1,1.5.0,Fast,2020,,,urine,urinary tract,38.97,-77.03,,no,NCBI_antibiogram,United States of America,Americas,Northern America
ampicillin,susceptible,<= 4 mg/L,SAMN26304563,GCA_023859245.1,Escherichia,Escherichia coli,Escherichia coli,562,782099,Homo sapiens,SRS15357607,broth dilution,BD Phoenix,CLSI,ARO_3000637|https://www.ebi.ac.uk/ols4/ontologies/aro/classes/http%253A%252F%252Fpurl.obolibrary.org%252Fobo%252FARO_3000637,JAKWQL010000026.1,27410,27844,+,GCA_023859245.1_02296,marR,marR_S3N,AMR,POINT,MULTIDRUG,AMPICILLIN/CHLORAMPHENICOL/QUINOLONE/RIFAMPIN/TETRACYCLINE,AMPICILLIN,POINTP,WP_000843414.1,transcriptional regulator MarR,100.00,97.92,,,Annotation|https://ftp.ebi.ac.uk/pub/databases/amr_portal/genomes/GCA/023/859/GCA_023859245.1,1.5.0,Fast,2020,,,urine,urinary tract,38.97,-77.03,,no,NCBI_antibiogram,United States of America,Americas,Northern America
ampicillin,susceptible,<= 4 mg/L,SAMN26309332,GCA_023859755.1,Escherichia,Escherichia coli,Escherichia coli,562,794507,Homo sapiens,SRS15358540,broth dilution,BD Phoenix,CLSI,ARO_3000637|https://www.ebi.ac.uk/ols4/ontologies/aro/classes/http%253A%252F%252Fpurl.obolibrary.org%252Fobo%252FARO_3000637,JAKWRK010000039.1,23699,24133,-,GCA_023859755.1_04056,marR,marR_S3N,AMR,POINT,MULTIDRUG,AMPICILLIN/CHLORAMPHENICOL/QUINOLONE/RIFAMPIN/TETRACYCLINE,AMPICILLIN,POINTP,WP_000843414.1,transcriptional regulator MarR,100.00,97.92,,,Annotation|https://ftp.ebi.ac.uk/pub/databases/amr_portal/genomes/GCA/023/859/GCA_023859755.1,1.5.0,Fast,2020,,,urine,urinary tract,38.97,-77.03,,no,NCBI_antibiogram,United States of America,Americas,Northern America
ampicillin,susceptible,<= 4 mg/L,SAMN26309255,GCA_023889675.1,Escherichia,Escherichia coli,Escherichia coli,562,822004,Homo sapiens,SRS15358570,broth dilution,BD Phoenix,CLSI,ARO_3000637|https://www.ebi.ac.uk/ols4/ontologies/aro/classes/http%253A%252F%252Fpurl.obolibrary.org%252Fobo%252FARO_3000637,JAMEMB010000061.1,27410,27844,+,GCA_023889675.1_04277,marR,marR_S3N,AMR,POINT,MULTIDRUG,AMPICILLIN/CHLORAMPHENICOL/QUINOLONE/RIFAMPIN/TETRACYCLINE,AMPICILLIN,POINTP,WP_000843414.1,transcriptional regulator MarR,100.00,97.92,,,Annotation|https://ftp.ebi.ac.uk/pub/databases/amr_portal/genomes/GCA/023/889/GCA_023889675.1,1.5.0,Fast,2020,,,urine,urinary tract,38.97,-77.03,,no,NCBI_antibiogram,United States of America,Americas,Northern America
ampicillin,susceptible,<= 4 mg/L,SAMN26308957,GCA_023889505.1,Escherichia,Escherichia coli,Escherichia coli,562,757955,Homo sapiens,SRS15352169,broth dilution,BD Phoenix,CLSI,ARO_3000637|https://www.ebi.ac.uk/ols4/ontologies/aro/classes/http%253A%252F%252Fpurl.obolibrary.org%252Fobo%252FARO_3000637,JAMELQ010000022.1,14824,15258,+,GCA_023889505.1_00963,marR,marR_S3N,AMR,POINT,MULTIDRUG,AMPICILLIN/CHLORAMPHENICOL/QUINOLONE/RIFAMPIN/TETRACYCLINE,AMPICILLIN,POINTP,WP_000843414.1,transcriptional regulator MarR,100.00,97.92,,,Annotation|https://ftp.ebi.ac.uk/pub/databases/amr_portal/genomes/GCA/023/889/GCA_023889505.1,1.5.0,Fast,2020,,,urine,urinary tract,38.97,-77.03,,no,NCBI_antibiogram,United States of America,Americas,Northern America
ampicillin,susceptible,<= 4 mg/L,SAMN26309199,GCA_023889995.1,Escherichia,Escherichia coli,Escherichia coli,562,838470,Homo sapiens,SRS15360072,broth dilution,BD Phoenix,CLSI,ARO_3000637|https://www.ebi.ac.uk/ols4/ontologies/aro/classes/http%253A%252F%252Fpurl.obolibrary.org%252Fobo%252FARO_3000637,JAMEMX010000067.1,27410,27844,+,GCA_023889995.1_04450,marR,marR_S3N,AMR,POINT,MULTIDRUG,AMPICILLIN/CHLORAMPHENICOL/QUINOLONE/RIFAMPIN/TETRACYCLINE,AMPICILLIN,POINTP,WP_000843414.1,transcriptional regulator MarR,100.00,97.92,,,Annotation|https://ftp.ebi.ac.uk/pub/databases/amr_portal/genomes/GCA/023/889/GCA_023889995.1,1.5.0,Fast,2020,,,urine,urinary tract,38.97,-77.03,,no,NCBI_antibiogram,United States of America,Americas,Northern America
ampicillin,resistant,> 16 mg/L,SAMN26309201,GCA_023885605.1,Escherichia,Escherichia coli,Escherichia coli,562,836712,Homo sapiens,SRS15360017,broth dilution,BD Phoenix,CLSI,ARO_3000637|https://www.ebi.ac.uk/ols4/ontologies/aro/classes/http%253A%252F%252Fpurl.obolibrary.org%252Fobo%252FARO_3000637,JAKYIL010000001.1,27410,27844,+,GCA_023885605.1_00027,marR,marR_S3N,AMR,POINT,MULTIDRUG,AMPICILLIN/CHLORAMPHENICOL/QUINOLONE/RIFAMPIN/TETRACYCLINE,AMPICILLIN,POINTP,WP_000843414.1,transcriptional regulator MarR,100.00,97.92,,,Annotation|https://ftp.ebi.ac.uk/pub/databases/amr_portal/genomes/GCA/023/885/GCA_023885605.1,1.5.0,Fast,2020,,,urine,urinary tract,38.97,-77.03,,no,NCBI_antibiogram,United States of America,Americas,Northern America
ampicillin,susceptible,<= 4 mg/L,SAMN26304835,GCA_023885065.1,Escherichia,Escherichia coli,Escherichia coli,562,772021,Homo sapiens,SRS15355631,broth dilution,BD Phoenix,CLSI,ARO_3000637|https://www.ebi.ac.uk/ols4/ontologies/aro/classes/http%253A%252F%252Fpurl.obolibrary.org%252Fobo%252FARO_3000637,JAKYHI010000004.1,31690,32124,+,GCA_023885065.1_00650,marR,marR_S3N,AMR,POINT,MULTIDRUG,AMPICILLIN/CHLORAMPHENICOL/QUINOLONE/RIFAMPIN/TETRACYCLINE,AMPICILLIN,POINTP,WP_000843414.1,transcriptional regulator MarR,100.00,97.92,,,Annotation|https://ftp.ebi.ac.uk/pub/databases/amr_portal/genomes/GCA/023/885/GCA_023885065.1,1.5.0,Fast,2020,,,urine,urinary tract,38.97,-77.03,,no,NCBI_antibiogram,United States of America,Americas,Northern America
ampicillin,susceptible,<= 4 mg/L,SAMN26309217,GCA_023885685.1,Escherichia,Escherichia coli,Escherichia coli,562,709059,Homo sapiens,SRS15339935,broth dilution,BD Phoenix,CLSI,ARO_3000637|https://www.ebi.ac.uk/ols4/ontologies/aro/classes/http%253A%252F%252Fpurl.obolibrary.org%252Fobo%252FARO_3000637,JAKYIK010000014.1,9403,9837,-,GCA_023885685.1_01093,marR,marR_S3N,AMR,POINT,MULTIDRUG,AMPICILLIN/CHLORAMPHENICOL/QUINOLONE/RIFAMPIN/TETRACYCLINE,AMPICILLIN,POINTP,WP_000843414.1,transcriptional regulator MarR,100.00,97.92,,,Annotation|https://ftp.ebi.ac.uk/pub/databases/amr_portal/genomes/GCA/023/885/GCA_023885685.1,1.5.0,Fast,2019,,,urine,urinary tract,38.97,-77.03,,no,NCBI_antibiogram,United States of America,Americas,Northern America
ampicillin,resistant,> 16 mg/L,SAMN26309218,GCA_023885105.1,Escherichia,Escherichia coli,Escherichia coli,562,704929,Homo sapiens,SRS15339725,broth dilution,BD Phoenix,CLSI,ARO_3000637|https://www.ebi.ac.uk/ols4/ontologies/aro/classes/http%253A%252F%252Fpurl.obolibrary.org%252Fobo%252FARO_3000637,JAKYHJ010000020.1,9399,9833,-,GCA_023885105.1_01785,marR,marR_S3N,AMR,POINT,MULTIDRUG,AMPICILLIN/CHLORAMPHENICOL/QUINOLONE/RIFAMPIN/TETRACYCLINE,AMPICILLIN,POINTP,WP_000843414.1,transcriptional regulator MarR,100.00,97.92,,,Annotation|https://ftp.ebi.ac.uk/pub/databases/amr_portal/genomes/GCA/023/885/GCA_023885105.1,1.5.0,Fast,2019,,,urine,urinary tract,38.97,-77.03,,no,NCBI_antibiogram,United States of America,Americas,Northern America
ampicillin,susceptible,<= 4 mg/L,SAMN26304685,GCA_023885725.1,Escherichia,Escherichia coli,Escherichia coli,562,748915,Homo sapiens,SRS15352103,broth dilution,BD Phoenix,CLSI,ARO_3000637|https://www.ebi.ac.uk/ols4/ontologies/aro/classes/http%253A%252F%252Fpurl.obolibrary.org%252Fobo%252FARO_3000637,JAKYIQ010000013.1,72616,73050,-,GCA_023885725.1_01663,marR,marR_S3N,AMR,POINT,MULTIDRUG,AMPICILLIN/CHLORAMPHENICOL/QUINOLONE/RIFAMPIN/TETRACYCLINE,AMPICILLIN,POINTP,WP_000843414.1,transcriptional regulator MarR,100.00,97.92,,,Annotation|https://ftp.ebi.ac.uk/pub/databases/amr_portal/genomes/GCA/023/885/GCA_023885725.1,1.5.0,Fast,2020,,,urine,urinary tract,38.97,-77.03,,no,NCBI_antibiogram,United States of America,Americas,Northern America
ampicillin,resistant,> 16 mg/L,SAMN26309205,GCA_023885005.1,Escherichia,Escherichia coli,Escherichia coli,562,766381,Homo sapiens,SRS15355723,broth dilution,BD Phoenix,CLSI,ARO_3000637|https://www.ebi.ac.uk/ols4/ontologies/aro/classes/http%253A%252F%252Fpurl.obolibrary.org%252Fobo%252FARO_3000637,JAKYHF010000001.1,27410,27844,+,GCA_023885005.1_00027,marR,marR_S3N,AMR,POINT,MULTIDRUG,AMPICILLIN/CHLORAMPHENICOL/QUINOLONE/RIFAMPIN/TETRACYCLINE,AMPICILLIN,POINTP,WP_000843414.1,transcriptional regulator MarR,100.00,97.92,,,Annotation|https://ftp.ebi.ac.uk/pub/databases/amr_portal/genomes/GCA/023/885/GCA_023885005.1,1.5.0,Fast,2020,,,urine,urinary tract,38.97,-77.03,,no,NCBI_antibiogram,United States of America,Americas,Northern America
ampicillin,susceptible,<= 4 mg/L,SAMN26309120,GCA_023885625.1,Escherichia,Escherichia coli,Escherichia coli,562,757883,Homo sapiens,SRS15352161,broth dilution,BD Phoenix,CLSI,ARO_3000637|https://www.ebi.ac.uk/ols4/ontologies/aro/classes/http%253A%252F%252Fpurl.obolibrary.org%252Fobo%252FARO_3000637,JAKYIJ010000022.1,63382,63816,-,GCA_023885625.1_01725,marR,marR_S3N,AMR,POINT,MULTIDRUG,AMPICILLIN/CHLORAMPHENICOL/QUINOLONE/RIFAMPIN/TETRACYCLINE,AMPICILLIN,POINTP,WP_000843414.1,transcriptional regulator MarR,100.00,97.92,,,Annotation|https://ftp.ebi.ac.uk/pub/databases/amr_portal/genomes/GCA/023/885/GCA_023885625.1,1.5.0,Fast,2020,,,urine,urinary tract,38.97,-77.03,,no,NCBI_antibiogram,United States of America,Americas,Northern America
ampicillin,susceptible,<= 4 mg/L,SAMN26304867,GCA_023885415.1,Escherichia,Escherichia coli,Escherichia coli,562,768217,Homo sapiens,SRS15355611,broth dilution,BD Phoenix,CLSI,ARO_3000637|https://www.ebi.ac.uk/ols4/ontologies/aro/classes/http%253A%252F%252Fpurl.obolibrary.org%252Fobo%252FARO_3000637,JAKYIA010000021.1,36770,37204,+,GCA_023885415.1_02218,marR,marR_S3N,AMR,POINT,MULTIDRUG,AMPICILLIN/CHLORAMPHENICOL/QUINOLONE/RIFAMPIN/TETRACYCLINE,AMPICILLIN,POINTP,WP_000843414.1,transcriptional regulator MarR,100.00,97.92,,,Annotation|https://ftp.ebi.ac.uk/pub/databases/amr_portal/genomes/GCA/023/885/GCA_023885415.1,1.5.0,Fast,2020,,,urine,urinary tract,38.97,-77.03,,no,NCBI_antibiogram,United States of America,Americas,Northern America
ampicillin,resistant,> 16 mg/L,SAMN26308619,GCA_023885765.1,Escherichia,Escherichia coli,Escherichia coli,562,749073,Homo sapiens,SRS15351918,broth dilution,BD Phoenix,CLSI,ARO_3000637|https://www.ebi.ac.uk/ols4/ontologies/aro/classes/http%253A%252F%252Fpurl.obolibrary.org%252Fobo%252FARO_3000637,JAKYIR010000005.1,72628,73062,-,GCA_023885765.1_00967,marR,marR_S3N,AMR,POINT,MULTIDRUG,AMPICILLIN/CHLORAMPHENICOL/QUINOLONE/RIFAMPIN/TETRACYCLINE,AMPICILLIN,POINTP,WP_000843414.1,transcriptional regulator MarR,100.00,97.92,,,Annotation|https://ftp.ebi.ac.uk/pub/databases/amr_portal/genomes/GCA/023/885/GCA_023885765.1,1.5.0,Fast,2020,,,urine,urinary tract,38.97,-77.03,,no,NCBI_antibiogram,United States of America,Americas,Northern America
ampicillin,susceptible,<= 4 mg/L,SAMN26309131,GCA_023885365.1,Escherichia,Escherichia coli,Escherichia coli,562,793691,Homo sapiens,SRS15357692,broth dilution,BD Phoenix,CLSI,ARO_3000637|https://www.ebi.ac.uk/ols4/ontologies/aro/classes/http%253A%252F%252Fpurl.obolibrary.org%252Fobo%252FARO_3000637,JAKYHY010000011.1,63381,63815,-,GCA_023885365.1_01750,marR,marR_S3N,AMR,POINT,MULTIDRUG,AMPICILLIN/CHLORAMPHENICOL/QUINOLONE/RIFAMPIN/TETRACYCLINE,AMPICILLIN,POINTP,WP_000843414.1,transcriptional regulator MarR,100.00,97.92,,,Annotation|https://ftp.ebi.ac.uk/pub/databases/amr_portal/genomes/GCA/023/885/GCA_023885365.1,1.5.0,Fast,2020,,,urine,urinary tract,38.97,-77.03,,no,NCBI_antibiogram,United States of America,Americas,Northern America
ampicillin,susceptible,<= 4 mg/L,SAMN26304678,GCA_023885165.1,Escherichia,Escherichia coli,Escherichia coli,562,750263,Homo sapiens,SRS15352076,broth dilution,BD Phoenix,CLSI,ARO_3000637|https://www.ebi.ac.uk/ols4/ontologies/aro/classes/http%253A%252F%252Fpurl.obolibrary.org%252Fobo%252FARO_3000637,JAKYHN010000020.1,36771,37205,+,GCA_023885165.1_01988,marR,marR_S3N,AMR,POINT,MULTIDRUG,AMPICILLIN/CHLORAMPHENICOL/QUINOLONE/RIFAMPIN/TETRACYCLINE,AMPICILLIN,POINTP,WP_000843414.1,transcriptional regulator MarR,100.00,97.92,,,Annotation|https://ftp.ebi.ac.uk/pub/databases/amr_portal/genomes/GCA/023/885/GCA_023885165.1,1.5.0,Fast,2020,,,urine,urinary tract,38.97,-77.03,,no,NCBI_antibiogram,United States of America,Americas,Northern America
ampicillin,susceptible,<= 4 mg/L,SAMN26309111,GCA_023885285.1,Escherichia,Escherichia coli,Escherichia coli,562,749389,Homo sapiens,SRS15351957,broth dilution,BD Phoenix,CLSI,ARO_3000637|https://www.ebi.ac.uk/ols4/ontologies/aro/classes/http%253A%252F%252Fpurl.obolibrary.org%252Fobo%252FARO_3000637,JAKYHS010000014.1,63374,63808,-,GCA_023885285.1_01853,marR,marR_S3N,AMR,POINT,MULTIDRUG,AMPICILLIN/CHLORAMPHENICOL/QUINOLONE/RIFAMPIN/TETRACYCLINE,AMPICILLIN,POINTP,WP_000843414.1,transcriptional regulator MarR,100.00,97.92,,,Annotation|https://ftp.ebi.ac.uk/pub/databases/amr_portal/genomes/GCA/023/885/GCA_023885285.1,1.5.0,Fast,2020,,,urine,urinary tract,38.97,-77.03,,no,NCBI_antibiogram,United States of America,Americas,Northern America
ampicillin,susceptible,<= 4 mg/L,SAMN26308972,GCA_023885525.1,Escherichia,Escherichia coli,Escherichia coli,562,749993,Homo sapiens,SRS15351982,broth dilution,BD Phoenix,CLSI,ARO_3000637|https://www.ebi.ac.uk/ols4/ontologies/aro/classes/http%253A%252F%252Fpurl.obolibrary.org%252Fobo%252FARO_3000637,JAKYIF010000067.1,14696,15130,+,GCA_023885525.1_04466,marR,marR_S3N,AMR,POINT,MULTIDRUG,AMPICILLIN/CHLORAMPHENICOL/QUINOLONE/RIFAMPIN/TETRACYCLINE,AMPICILLIN,POINTP,WP_000843414.1,transcriptional regulator MarR,100.00,97.92,,,Annotation|https://ftp.ebi.ac.uk/pub/databases/amr_portal/genomes/GCA/023/885/GCA_023885525.1,1.5.0,Fast,2020,,,urine,urinary tract,38.97,-77.03,,no,NCBI_antibiogram,United States of America,Americas,Northern America
ampicillin,susceptible,<= 4 mg/L,SAMN26308652,GCA_023885735.1,Escherichia,Escherichia coli,Escherichia coli,562,758063,Homo sapiens,SRS15352181,broth dilution,BD Phoenix,CLSI,ARO_3000637|https://www.ebi.ac.uk/ols4/ontologies/aro/classes/http%253A%252F%252Fpurl.obolibrary.org%252Fobo%252FARO_3000637,JAKYIP010000029.1,72616,73050,-,GCA_023885735.1_02729,marR,marR_S3N,AMR,POINT,MULTIDRUG,AMPICILLIN/CHLORAMPHENICOL/QUINOLONE/RIFAMPIN/TETRACYCLINE,AMPICILLIN,POINTP,WP_000843414.1,transcriptional regulator MarR,100.00,97.92,,,Annotation|https://ftp.ebi.ac.uk/pub/databases/amr_portal/genomes/GCA/023/885/GCA_023885735.1,1.5.0,Fast,2020,,,wound,skin or soft tissue,38.97,-77.03,,no,NCBI_antibiogram,United States of America,Americas,Northern America
ampicillin,resistant,> 16 mg/L,SAMN26304432,GCA_023885945.1,Escherichia,Escherichia coli,Escherichia coli,562,735613,Homo sapiens,SRS15348193,broth dilution,BD Phoenix,CLSI,ARO_3000637|https://www.ebi.ac.uk/ols4/ontologies/aro/classes/http%253A%252F%252Fpurl.obolibrary.org%252Fobo%252FARO_3000637,JAKYIZ010000014.1,63369,63803,-,GCA_023885945.1_01706,marR,marR_S3N,AMR,POINT,MULTIDRUG,AMPICILLIN/CHLORAMPHENICOL/QUINOLONE/RIFAMPIN/TETRACYCLINE,AMPICILLIN,POINTP,WP_000843414.1,transcriptional regulator MarR,100.00,97.92,,,Annotation|https://ftp.ebi.ac.uk/pub/databases/amr_portal/genomes/GCA/023/885/GCA_023885945.1,1.5.0,Fast,2019,,,urine,urinary tract,38.97,-77.03,,no,NCBI_antibiogram,United States of America,Americas,Northern America
ampicillin,susceptible,<= 4 mg/L,SAMN26304492,GCA_023885245.1,Escherichia,Escherichia coli,Escherichia coli,562,710089,Homo sapiens,SRS15348438,broth dilution,BD Phoenix,CLSI,ARO_3000637|https://www.ebi.ac.uk/ols4/ontologies/aro/classes/http%253A%252F%252Fpurl.obolibrary.org%252Fobo%252FARO_3000637,JAKYHR010000004.1,42017,42451,+,GCA_023885245.1_00577,marR,marR_S3N,AMR,POINT,MULTIDRUG,AMPICILLIN/CHLORAMPHENICOL/QUINOLONE/RIFAMPIN/TETRACYCLINE,AMPICILLIN,POINTP,WP_000843414.1,transcriptional regulator MarR,100.00,97.92,,,Annotation|https://ftp.ebi.ac.uk/pub/databases/amr_portal/genomes/GCA/023/885/GCA_023885245.1,1.5.0,Fast,2019,,,urine,urinary tract,38.97,-77.03,,no,NCBI_antibiogram,United States of America,Americas,Northern America
ampicillin,resistant,> 16 mg/L,SAMN26309206,GCA_023885265.1,Escherichia,Escherichia coli,Escherichia coli,562,836796,Homo sapiens,SRS15360026,broth dilution,BD Phoenix,CLSI,ARO_3000637|https://www.ebi.ac.uk/ols4/ontologies/aro/classes/http%253A%252F%252Fpurl.obolibrary.org%252Fobo%252FARO_3000637,JAKYHT010000001.1,27410,27844,+,GCA_023885265.1_00027,marR,marR_S3N,AMR,POINT,MULTIDRUG,AMPICILLIN/CHLORAMPHENICOL/QUINOLONE/RIFAMPIN/TETRACYCLINE,AMPICILLIN,POINTP,WP_000843414.1,transcriptional regulator MarR,100.00,97.92,,,Annotation|https://ftp.ebi.ac.uk/pub/databases/amr_portal/genomes/GCA/023/885/GCA_023885265.1,1.5.0,Fast,2020,,,urine,urinary tract,38.97,-77.03,,no,NCBI_antibiogram,United States of America,Americas,Northern America
ampicillin,resistant,> 16 mg/L,SAMN26304739,GCA_023885785.1,Escherichia,Escherichia coli,Escherichia coli,562,735807,Homo sapiens,SRS15348214,broth dilution,BD Phoenix,CLSI,ARO_3000637|https://www.ebi.ac.uk/ols4/ontologies/aro/classes/http%253A%252F%252Fpurl.obolibrary.org%252Fobo%252FARO_3000637,JAKYIS010000011.1,34558,34992,+,GCA_023885785.1_01488,marR,marR_S3N,AMR,POINT,MULTIDRUG,AMPICILLIN/CHLORAMPHENICOL/QUINOLONE/RIFAMPIN/TETRACYCLINE,AMPICILLIN,POINTP,WP_000843414.1,transcriptional regulator MarR,100.00,97.92,,,Annotation|https://ftp.ebi.ac.uk/pub/databases/amr_portal/genomes/GCA/023/885/GCA_023885785.1,1.5.0,Fast,2019,,,urine,urinary tract,38.97,-77.03,,no,NCBI_antibiogram,United States of America,Americas,Northern America
ampicillin,susceptible,<= 4 mg/L,SAMN26304489,GCA_023885645.1,Escherichia,Escherichia coli,Escherichia coli,562,735429,Homo sapiens,SRS15348407,broth dilution,BD Phoenix,CLSI,ARO_3000637|https://www.ebi.ac.uk/ols4/ontologies/aro/classes/http%253A%252F%252Fpurl.obolibrary.org%252Fobo%252FARO_3000637,JAKYIN010000017.1,72616,73050,-,GCA_023885645.1_02604,marR,marR_S3N,AMR,POINT,MULTIDRUG,AMPICILLIN/CHLORAMPHENICOL/QUINOLONE/RIFAMPIN/TETRACYCLINE,AMPICILLIN,POINTP,WP_000843414.1,transcriptional regulator MarR,100.00,97.92,,,Annotation|https://ftp.ebi.ac.uk/pub/databases/amr_portal/genomes/GCA/023/885/GCA_023885645.1,1.5.0,Fast,2019,,,urine,urinary tract,38.97,-77.03,,no,NCBI_antibiogram,United States of America,Americas,Northern America
ampicillin,susceptible,<= 4 mg/L,SAMN26305227,GCA_023885305.1,Escherichia,Escherichia coli,Escherichia coli,562,735735,Homo sapiens,SRS15348207,broth dilution,BD Phoenix,CLSI,ARO_3000637|https://www.ebi.ac.uk/ols4/ontologies/aro/classes/http%253A%252F%252Fpurl.obolibrary.org%252Fobo%252FARO_3000637,JAKYHU010000011.1,36770,37204,+,GCA_023885305.1_01424,marR,marR_S3N,AMR,POINT,MULTIDRUG,AMPICILLIN/CHLORAMPHENICOL/QUINOLONE/RIFAMPIN/TETRACYCLINE,AMPICILLIN,POINTP,WP_000843414.1,transcriptional regulator MarR,100.00,97.92,,,Annotation|https://ftp.ebi.ac.uk/pub/databases/amr_portal/genomes/GCA/023/885/GCA_023885305.1,1.5.0,Fast,2019,,,urine,urinary tract,38.97,-77.03,,no,NCBI_antibiogram,United States of America,Americas,Northern America
ampicillin,susceptible,<= 4 mg/L,SAMN26309187,GCA_023885705.1,Escherichia,Escherichia coli,Escherichia coli,562,793667,Homo sapiens,SRS15357689,broth dilution,BD Phoenix,CLSI,ARO_3000637|https://www.ebi.ac.uk/ols4/ontologies/aro/classes/http%253A%252F%252Fpurl.obolibrary.org%252Fobo%252FARO_3000637,JAKYIO010000013.1,15532,15966,+,GCA_023885705.1_01302,marR,marR_S3N,AMR,POINT,MULTIDRUG,AMPICILLIN/CHLORAMPHENICOL/QUINOLONE/RIFAMPIN/TETRACYCLINE,AMPICILLIN,POINTP,WP_000843414.1,transcriptional regulator MarR,100.00,97.92,,,Annotation|https://ftp.ebi.ac.uk/pub/databases/amr_portal/genomes/GCA/023/885/GCA_023885705.1,1.5.0,Fast,2020,,,urine,urinary tract,38.97,-77.03,,no,NCBI_antibiogram,United States of America,Americas,Northern America
ampicillin,susceptible,<= 4 mg/L,SAMN26308595,GCA_023877405.1,Escherichia,Escherichia coli,Escherichia coli,562,793915,Homo sapiens,SRS15357621,broth dilution,BD Phoenix,CLSI,ARO_3000637|https://www.ebi.ac.uk/ols4/ontologies/aro/classes/http%253A%252F%252Fpurl.obolibrary.org%252Fobo%252FARO_3000637,JAKXSP010000014.1,72616,73050,-,GCA_023877405.1_01770,marR,marR_S3N,AMR,POINT,MULTIDRUG,AMPICILLIN/CHLORAMPHENICOL/QUINOLONE/RIFAMPIN/TETRACYCLINE,AMPICILLIN,POINTP,WP_000843414.1,transcriptional regulator MarR,100.00,97.92,,,Annotation|https://ftp.ebi.ac.uk/pub/databases/amr_portal/genomes/GCA/023/877/GCA_023877405.1,1.5.0,Fast,2020,,,urine,urinary tract,38.97,-77.03,,no,NCBI_antibiogram,United States of America,Americas,Northern America
ampicillin,susceptible,<= 4 mg/L,SAMN26304350,GCA_023877455.1,Escherichia,Escherichia coli,Escherichia coli,562,734967,Homo sapiens,SRS15348281,broth dilution,BD Phoenix,CLSI,ARO_3000637|https://www.ebi.ac.uk/ols4/ontologies/aro/classes/http%253A%252F%252Fpurl.obolibrary.org%252Fobo%252FARO_3000637,JAKXSQ010000058.1,130815,131249,-,GCA_023877455.1_03431,marR,marR_S3N,AMR,POINT,MULTIDRUG,AMPICILLIN/CHLORAMPHENICOL/QUINOLONE/RIFAMPIN/TETRACYCLINE,AMPICILLIN,POINTP,WP_000843414.1,transcriptional regulator MarR,100.00,97.92,,,Annotation|https://ftp.ebi.ac.uk/pub/databases/amr_portal/genomes/GCA/023/877/GCA_023877455.1,1.5.0,Fast,2019,,,urine,urinary tract,38.97,-77.03,,no,NCBI_antibiogram,United States of America,Americas,Northern America
ampicillin,resistant,> 16 mg/L,SAMN26304661,GCA_023877205.1,Escherichia,Escherichia coli,Escherichia coli,562,734715,Homo sapiens,SRS15348253,broth dilution,BD Phoenix,CLSI,ARO_3000637|https://www.ebi.ac.uk/ols4/ontologies/aro/classes/http%253A%252F%252Fpurl.obolibrary.org%252Fobo%252FARO_3000637,JAKXSD010000001.1,27410,27844,+,GCA_023877205.1_00027,marR,marR_S3N,AMR,POINT,MULTIDRUG,AMPICILLIN/CHLORAMPHENICOL/QUINOLONE/RIFAMPIN/TETRACYCLINE,AMPICILLIN,POINTP,WP_000843414.1,transcriptional regulator MarR,100.00,97.92,,,Annotation|https://ftp.ebi.ac.uk/pub/databases/amr_portal/genomes/GCA/023/877/GCA_023877205.1,1.5.0,Fast,2019,,,urine,urinary tract,38.97,-77.03,,no,NCBI_antibiogram,United States of America,Americas,Northern America
ampicillin,resistant,> 16 mg/L,SAMN26304890,GCA_023877805.1,Escherichia,Escherichia coli,Escherichia coli,562,750141,Homo sapiens,SRS15351998,broth dilution,BD Phoenix,CLSI,ARO_3000637|https://www.ebi.ac.uk/ols4/ontologies/aro/classes/http%253A%252F%252Fpurl.obolibrary.org%252Fobo%252FARO_3000637,JAKXTK010000020.1,14520,14954,+,GCA_023877805.1_01294,marR,marR_S3N,AMR,POINT,MULTIDRUG,AMPICILLIN/CHLORAMPHENICOL/QUINOLONE/RIFAMPIN/TETRACYCLINE,AMPICILLIN,POINTP,WP_000843414.1,transcriptional regulator MarR,100.00,97.92,,,Annotation|https://ftp.ebi.ac.uk/pub/databases/amr_portal/genomes/GCA/023/877/GCA_023877805.1,1.5.0,Fast,2020,,,urine,urinary tract,38.97,-77.03,,no,NCBI_antibiogram,United States of America,Americas,Northern America
ampicillin,susceptible,<= 4 mg/L,SAMN26304777,GCA_023877145.1,Escherichia,Escherichia coli,Escherichia coli,562,781537,Homo sapiens,SRS15357580,broth dilution,BD Phoenix,CLSI,ARO_3000637|https://www.ebi.ac.uk/ols4/ontologies/aro/classes/http%253A%252F%252Fpurl.obolibrary.org%252Fobo%252FARO_3000637,JAKXSB010000016.1,36140,36574,+,GCA_023877145.1_02577,marR,marR_S3N,AMR,POINT,MULTIDRUG,AMPICILLIN/CHLORAMPHENICOL/QUINOLONE/RIFAMPIN/TETRACYCLINE,AMPICILLIN,POINTP,WP_000843414.1,transcriptional regulator MarR,100.00,97.92,,,Annotation|https://ftp.ebi.ac.uk/pub/databases/amr_portal/genomes/GCA/023/877/GCA_023877145.1,1.5.0,Fast,2020,,,urine,urinary tract,38.97,-77.03,,no,NCBI_antibiogram,United States of America,Americas,Northern America
ampicillin,resistant,> 16 mg/L,SAMN26308684,GCA_023877605.1,Escherichia,Escherichia coli,Escherichia coli,562,736175,Homo sapiens,SRS15348362,broth dilution,BD Phoenix,CLSI,ARO_3000637|https://www.ebi.ac.uk/ols4/ontologies/aro/classes/http%253A%252F%252Fpurl.obolibrary.org%252Fobo%252FARO_3000637,JAKXSY010000030.1,73638,74072,-,GCA_023877605.1_02836,marR,marR_S3N,AMR,POINT,MULTIDRUG,AMPICILLIN/CHLORAMPHENICOL/QUINOLONE/RIFAMPIN/TETRACYCLINE,AMPICILLIN,POINTP,WP_000843414.1,transcriptional regulator MarR,100.00,97.92,,,Annotation|https://ftp.ebi.ac.uk/pub/databases/amr_portal/genomes/GCA/023/877/GCA_023877605.1,1.5.0,Fast,2020,,,urine,urinary tract,38.97,-77.03,,no,NCBI_antibiogram,United States of America,Americas,Northern America
ampicillin,susceptible,<= 4 mg/L,SAMN26309186,GCA_023877505.1,Escherichia,Escherichia coli,Escherichia coli,562,768161,Homo sapiens,SRS15355607,broth dilution,BD Phoenix,CLSI,ARO_3000637|https://www.ebi.ac.uk/ols4/ontologies/aro/classes/http%253A%252F%252Fpurl.obolibrary.org%252Fobo%252FARO_3000637,JAKXST010000063.1,25696,26130,+,GCA_023877505.1_04235,marR,marR_S3N,AMR,POINT,MULTIDRUG,AMPICILLIN/CHLORAMPHENICOL/QUINOLONE/RIFAMPIN/TETRACYCLINE,AMPICILLIN,POINTP,WP_000843414.1,transcriptional regulator MarR,100.00,97.92,,,Annotation|https://ftp.ebi.ac.uk/pub/databases/amr_portal/genomes/GCA/023/877/GCA_023877505.1,1.5.0,Fast,2020,,,urine,urinary tract,38.97,-77.03,,no,NCBI_antibiogram,United States of America,Americas,Northern America
ampicillin,susceptible,<= 4 mg/L,SAMN26309108,GCA_023877165.1,Escherichia,Escherichia coli,Escherichia coli,562,736183,Homo sapiens,SRS15348363,broth dilution,BD Phoenix,CLSI,ARO_3000637|https://www.ebi.ac.uk/ols4/ontologies/aro/classes/http%253A%252F%252Fpurl.obolibrary.org%252Fobo%252FARO_3000637,JAKXSC010000022.1,13248,13682,+,GCA_023877165.1_01277,marR,marR_S3N,AMR,POINT,MULTIDRUG,AMPICILLIN/CHLORAMPHENICOL/QUINOLONE/RIFAMPIN/TETRACYCLINE,AMPICILLIN,POINTP,WP_000843414.1,transcriptional regulator MarR,100.00,97.92,,,Annotation|https://ftp.ebi.ac.uk/pub/databases/amr_portal/genomes/GCA/023/877/GCA_023877165.1,1.5.0,Fast,2020,,,tissue,skin or soft tissue,38.97,-77.03,,no,NCBI_antibiogram,United States of America,Americas,Northern America
ampicillin,susceptible,<= 4 mg/L,SAMN26308583,GCA_023877355.1,Escherichia,Escherichia coli,Escherichia coli,562,710185,Homo sapiens,SRS15348449,broth dilution,BD Phoenix,CLSI,ARO_3000637|https://www.ebi.ac.uk/ols4/ontologies/aro/classes/http%253A%252F%252Fpurl.obolibrary.org%252Fobo%252FARO_3000637,JAKXSL010000012.1,36761,37195,+,GCA_023877355.1_01351,marR,marR_S3N,AMR,POINT,MULTIDRUG,AMPICILLIN/CHLORAMPHENICOL/QUINOLONE/RIFAMPIN/TETRACYCLINE,AMPICILLIN,POINTP,WP_000843414.1,transcriptional regulator MarR,100.00,97.92,,,Annotation|https://ftp.ebi.ac.uk/pub/databases/amr_portal/genomes/GCA/023/877/GCA_023877355.1,1.5.0,Fast,2019,,,urine,urinary tract,38.97,-77.03,,no,NCBI_antibiogram,United States of America,Americas,Northern America
ampicillin,susceptible,<= 4 mg/L,SAMN26304684,GCA_023877125.1,Escherichia,Escherichia coli,Escherichia coli,562,736167,Homo sapiens,SRS15348361,broth dilution,BD Phoenix,CLSI,ARO_3000637|https://www.ebi.ac.uk/ols4/ontologies/aro/classes/http%253A%252F%252Fpurl.obolibrary.org%252Fobo%252FARO_3000637,JAKXRZ010000005.1,36770,37204,+,GCA_023877125.1_00640,marR,marR_S3N,AMR,POINT,MULTIDRUG,AMPICILLIN/CHLORAMPHENICOL/QUINOLONE/RIFAMPIN/TETRACYCLINE,AMPICILLIN,POINTP,WP_000843414.1,transcriptional regulator MarR,100.00,97.92,,,Annotation|https://ftp.ebi.ac.uk/pub/databases/amr_portal/genomes/GCA/023/877/GCA_023877125.1,1.5.0,Fast,2020,,,urine,urinary tract,38.97,-77.03,,no,NCBI_antibiogram,United States of America,Americas,Northern America
ampicillin,susceptible,<= 4 mg/L,SAMN26309150,GCA_023877825.1,Escherichia,Escherichia coli,Escherichia coli,562,838390,Homo sapiens,SRS15360063,broth dilution,BD Phoenix,CLSI,ARO_3000637|https://www.ebi.ac.uk/ols4/ontologies/aro/classes/http%253A%252F%252Fpurl.obolibrary.org%252Fobo%252FARO_3000637,JAKXTM010000017.1,472733,473167,-,GCA_023877825.1_01724,marR,marR_S3N,AMR,POINT,MULTIDRUG,AMPICILLIN/CHLORAMPHENICOL/QUINOLONE/RIFAMPIN/TETRACYCLINE,AMPICILLIN,POINTP,WP_000843414.1,transcriptional regulator MarR,100.00,97.92,,,Annotation|https://ftp.ebi.ac.uk/pub/databases/amr_portal/genomes/GCA/023/877/GCA_023877825.1,1.5.0,Fast,2020,,,fluid,,38.97,-77.03,,no,NCBI_antibiogram,United States of America,Americas,Northern America
ampicillin,susceptible,<= 4 mg/L,SAMN26309232,GCA_023877485.1,Escherichia,Escherichia coli,Escherichia coli,562,750481,Homo sapiens,SRS15352132,broth dilution,BD Phoenix,CLSI,ARO_3000637|https://www.ebi.ac.uk/ols4/ontologies/aro/classes/http%253A%252F%252Fpurl.obolibrary.org%252Fobo%252FARO_3000637,JAKXSN010000001.1,27409,27843,+,GCA_023877485.1_00027,marR,marR_S3N,AMR,POINT,MULTIDRUG,AMPICILLIN/CHLORAMPHENICOL/QUINOLONE/RIFAMPIN/TETRACYCLINE,AMPICILLIN,POINTP,WP_000843414.1,transcriptional regulator MarR,100.00,97.92,,,Annotation|https://ftp.ebi.ac.uk/pub/databases/amr_portal/genomes/GCA/023/877/GCA_023877485.1,1.5.0,Fast,2020,,,urine,urinary tract,38.97,-77.03,,no,NCBI_antibiogram,United States of America,Americas,Northern America
ampicillin,resistant,> 16 mg/L,SAMN26308673,GCA_023877715.1,Escherichia,Escherichia coli,Escherichia coli,562,735381,Homo sapiens,SRS15348403,broth dilution,BD Phoenix,CLSI,ARO_3000637|https://www.ebi.ac.uk/ols4/ontologies/aro/classes/http%253A%252F%252Fpurl.obolibrary.org%252Fobo%252FARO_3000637,JAKXTE010000023.1,13247,13681,+,GCA_023877715.1_01107,marR,marR_S3N,AMR,POINT,MULTIDRUG,AMPICILLIN/CHLORAMPHENICOL/QUINOLONE/RIFAMPIN/TETRACYCLINE,AMPICILLIN,POINTP,WP_000843414.1,transcriptional regulator MarR,100.00,97.92,,,Annotation|https://ftp.ebi.ac.uk/pub/databases/amr_portal/genomes/GCA/023/877/GCA_023877715.1,1.5.0,Fast,2019,,,urine,urinary tract,38.97,-77.03,,no,NCBI_antibiogram,United States of America,Americas,Northern America
ampicillin,susceptible,<= 4 mg/L,SAMN26308586,GCA_023877765.1,Escherichia,Escherichia coli,Escherichia coli,562,757971,Homo sapiens,SRS15352171,broth dilution,BD Phoenix,CLSI,ARO_3000637|https://www.ebi.ac.uk/ols4/ontologies/aro/classes/http%253A%252F%252Fpurl.obolibrary.org%252Fobo%252FARO_3000637,JAKXTI010000002.1,72616,73050,-,GCA_023877765.1_00437,marR,marR_S3N,AMR,POINT,MULTIDRUG,AMPICILLIN/CHLORAMPHENICOL/QUINOLONE/RIFAMPIN/TETRACYCLINE,AMPICILLIN,POINTP,WP_000843414.1,transcriptional regulator MarR,100.00,97.92,,,Annotation|https://ftp.ebi.ac.uk/pub/databases/amr_portal/genomes/GCA/023/877/GCA_023877765.1,1.5.0,Fast,2020,,,urine,urinary tract,38.97,-77.03,,no,NCBI_antibiogram,United States of America,Americas,Northern America
ampicillin,resistant,> 16 mg/L,SAMN26309126,GCA_023877645.1,Escherichia,Escherichia coli,Escherichia coli,562,772143,Homo sapiens,SRS15355547,broth dilution,BD Phoenix,CLSI,ARO_3000637|https://www.ebi.ac.uk/ols4/ontologies/aro/classes/http%253A%252F%252Fpurl.obolibrary.org%252Fobo%252FARO_3000637,JAKXTC010000017.1,63436,63870,-,GCA_023877645.1_01610,marR,marR_S3N,AMR,POINT,MULTIDRUG,AMPICILLIN/CHLORAMPHENICOL/QUINOLONE/RIFAMPIN/TETRACYCLINE,AMPICILLIN,POINTP,WP_000843414.1,transcriptional regulator MarR,100.00,97.92,,,Annotation|https://ftp.ebi.ac.uk/pub/databases/amr_portal/genomes/GCA/023/877/GCA_023877645.1,1.5.0,Fast,2020,,,urine,urinary tract,38.97,-77.03,,no,NCBI_antibiogram,United States of America,Americas,Northern America
ampicillin,susceptible,<= 4 mg/L,SAMN26305117,GCA_023865515.1,Escherichia,Escherichia coli,Escherichia coli,562,700771,Homo sapiens,SRS15339712,broth dilution,BD Phoenix,CLSI,ARO_3000637|https://www.ebi.ac.uk/ols4/ontologies/aro/classes/http%253A%252F%252Fpurl.obolibrary.org%252Fobo%252FARO_3000637,JAMEVU010000027.1,9549,9983,+,GCA_023865515.1_01269,marR,marR_S3N,AMR,POINT,MULTIDRUG,AMPICILLIN/CHLORAMPHENICOL/QUINOLONE/RIFAMPIN/TETRACYCLINE,AMPICILLIN,POINTP,WP_000843414.1,transcriptional regulator MarR,100.00,97.92,,,Annotation|https://ftp.ebi.ac.uk/pub/databases/amr_portal/genomes/GCA/023/865/GCA_023865515.1,1.5.0,Fast,2019,,,urine,urinary tract,38.97,-77.03,,no,NCBI_antibiogram,United States of America,Americas,Northern America
ampicillin,susceptible,<= 4 mg/L,SAMN26304774,GCA_023865575.1,Escherichia,Escherichia coli,Escherichia coli,562,698352,Homo sapiens,SRS15339840,broth dilution,BD Phoenix,CLSI,ARO_3000637|https://www.ebi.ac.uk/ols4/ontologies/aro/classes/http%253A%252F%252Fpurl.obolibrary.org%252Fobo%252FARO_3000637,JAMEVW010000029.1,36325,36759,+,GCA_023865575.1_02550,marR,marR_S3N,AMR,POINT,MULTIDRUG,AMPICILLIN/CHLORAMPHENICOL/QUINOLONE/RIFAMPIN/TETRACYCLINE,AMPICILLIN,POINTP,WP_000843414.1,transcriptional regulator MarR,100.00,97.92,,,Annotation|https://ftp.ebi.ac.uk/pub/databases/amr_portal/genomes/GCA/023/865/GCA_023865575.1,1.5.0,Fast,2019,,,urine,urinary tract,38.97,-77.03,,no,NCBI_antibiogram,United States of America,Americas,Northern America
ampicillin,susceptible,<= 4 mg/L,SAMN26308580,GCA_023865905.1,Escherichia,Escherichia coli,Escherichia coli,562,698810,Homo sapiens,SRS15339785,broth dilution,BD Phoenix,CLSI,ARO_3000637|https://www.ebi.ac.uk/ols4/ontologies/aro/classes/http%253A%252F%252Fpurl.obolibrary.org%252Fobo%252FARO_3000637,JAMEWP010000016.1,72616,73050,-,GCA_023865905.1_01752,marR,marR_S3N,AMR,POINT,MULTIDRUG,AMPICILLIN/CHLORAMPHENICOL/QUINOLONE/RIFAMPIN/TETRACYCLINE,AMPICILLIN,POINTP,WP_000843414.1,transcriptional regulator MarR,100.00,97.92,,,Annotation|https://ftp.ebi.ac.uk/pub/databases/amr_portal/genomes/GCA/023/865/GCA_023865905.1,1.5.0,Fast,2019,,,urine,urinary tract,38.97,-77.03,,no,NCBI_antibiogram,United States of America,Americas,Northern America
ampicillin,resistant,> 16 mg/L,SAMN26305214,GCA_023865315.1,Escherichia,Escherichia coli,Escherichia coli,562,700763,Homo sapiens,SRS15339711,broth dilution,BD Phoenix,CLSI,ARO_3000637|https://www.ebi.ac.uk/ols4/ontologies/aro/classes/http%253A%252F%252Fpurl.obolibrary.org%252Fobo%252FARO_3000637,JAMEVK010000055.1,34982,35416,+,GCA_023865315.1_02849,marR,marR_S3N,AMR,POINT,MULTIDRUG,AMPICILLIN/CHLORAMPHENICOL/QUINOLONE/RIFAMPIN/TETRACYCLINE,AMPICILLIN,POINTP,WP_000843414.1,transcriptional regulator MarR,100.00,97.92,,,Annotation|https://ftp.ebi.ac.uk/pub/databases/amr_portal/genomes/GCA/023/865/GCA_023865315.1,1.5.0,Fast,2019,,,urine,urinary tract,38.97,-77.03,,no,NCBI_antibiogram,United States of America,Americas,Northern America
ampicillin,susceptible,<= 4 mg/L,SAMN26305051,GCA_023865655.1,Escherichia,Escherichia coli,Escherichia coli,562,697736,Homo sapiens,SRS15339940,broth dilution,BD Phoenix,CLSI,ARO_3000637|https://www.ebi.ac.uk/ols4/ontologies/aro/classes/http%253A%252F%252Fpurl.obolibrary.org%252Fobo%252FARO_3000637,JAMEWB010000027.1,72604,73038,-,GCA_023865655.1_01858,marR,marR_S3N,AMR,POINT,MULTIDRUG,AMPICILLIN/CHLORAMPHENICOL/QUINOLONE/RIFAMPIN/TETRACYCLINE,AMPICILLIN,POINTP,WP_000843414.1,transcriptional regulator MarR,100.00,97.92,,,Annotation|https://ftp.ebi.ac.uk/pub/databases/amr_portal/genomes/GCA/023/865/GCA_023865655.1,1.5.0,Fast,2019,,,urine,urinary tract,38.97,-77.03,,no,NCBI_antibiogram,United States of America,Americas,Northern America
ampicillin,susceptible,<= 4 mg/L,SAMN26308576,GCA_023865355.1,Escherichia,Escherichia coli,Escherichia coli,562,697526,Homo sapiens,SRS15339707,broth dilution,BD Phoenix,CLSI,ARO_3000637|https://www.ebi.ac.uk/ols4/ontologies/aro/classes/http%253A%252F%252Fpurl.obolibrary.org%252Fobo%252FARO_3000637,JAMEVM010000022.1,6832,7266,-,GCA_023865355.1_02074,marR,marR_S3N,AMR,POINT,MULTIDRUG,AMPICILLIN/CHLORAMPHENICOL/QUINOLONE/RIFAMPIN/TETRACYCLINE,AMPICILLIN,POINTP,WP_000843414.1,transcriptional regulator MarR,100.00,97.92,,,Annotation|https://ftp.ebi.ac.uk/pub/databases/amr_portal/genomes/GCA/023/865/GCA_023865355.1,1.5.0,Fast,2019,,,urine,urinary tract,38.97,-77.03,,no,NCBI_antibiogram,United States of America,Americas,Northern America
ampicillin,susceptible,<= 4 mg/L,SAMN26308582,GCA_023865435.1,Escherichia,Escherichia coli,Escherichia coli,562,709849,Homo sapiens,SRS15348397,broth dilution,BD Phoenix,CLSI,ARO_3000637|https://www.ebi.ac.uk/ols4/ontologies/aro/classes/http%253A%252F%252Fpurl.obolibrary.org%252Fobo%252FARO_3000637,JAMEVO010000015.1,72615,73049,-,GCA_023865435.1_01704,marR,marR_S3N,AMR,POINT,MULTIDRUG,AMPICILLIN/CHLORAMPHENICOL/QUINOLONE/RIFAMPIN/TETRACYCLINE,AMPICILLIN,POINTP,WP_000843414.1,transcriptional regulator MarR,100.00,97.92,,,Annotation|https://ftp.ebi.ac.uk/pub/databases/amr_portal/genomes/GCA/023/865/GCA_023865435.1,1.5.0,Fast,2019,,,urine,urinary tract,38.97,-77.03,,no,NCBI_antibiogram,United States of America,Americas,Northern America
ampicillin,resistant,> 16 mg/L,SAMN26309208,GCA_023865375.1,Escherichia,Escherichia coli,Escherichia coli,562,697874,Homo sapiens,SRS15339955,broth dilution,BD Phoenix,CLSI,ARO_3000637|https://www.ebi.ac.uk/ols4/ontologies/aro/classes/http%253A%252F%252Fpurl.obolibrary.org%252Fobo%252FARO_3000637,JAMEVN010000001.1,27410,27844,+,GCA_023865375.1_00027,marR,marR_S3N,AMR,POINT,MULTIDRUG,AMPICILLIN/CHLORAMPHENICOL/QUINOLONE/RIFAMPIN/TETRACYCLINE,AMPICILLIN,POINTP,WP_000843414.1,transcriptional regulator MarR,100.00,97.92,,,Annotation|https://ftp.ebi.ac.uk/pub/databases/amr_portal/genomes/GCA/023/865/GCA_023865375.1,1.5.0,Fast,2019,,,urine,urinary tract,38.97,-77.03,,no,NCBI_antibiogram,United States of America,Americas,Northern America
ampicillin,susceptible,<= 4 mg/L,SAMN26308644,GCA_023865855.1,Escherichia,Escherichia coli,Escherichia coli,562,747815,Homo sapiens,SRS15348370,broth dilution,BD Phoenix,CLSI,ARO_3000637|https://www.ebi.ac.uk/ols4/ontologies/aro/classes/http%253A%252F%252Fpurl.obolibrary.org%252Fobo%252FARO_3000637,JAMEWJ010000031.1,33293,33727,+,GCA_023865855.1_02477,marR,marR_S3N,AMR,POINT,MULTIDRUG,AMPICILLIN/CHLORAMPHENICOL/QUINOLONE/RIFAMPIN/TETRACYCLINE,AMPICILLIN,POINTP,WP_000843414.1,transcriptional regulator MarR,100.00,97.92,,,Annotation|https://ftp.ebi.ac.uk/pub/databases/amr_portal/genomes/GCA/023/865/GCA_023865855.1,1.5.0,Fast,2020,,,blood,blood,38.97,-77.03,,no,NCBI_antibiogram,United States of America,Americas,Northern America
ampicillin,susceptible,<= 4 mg/L,SAMN26308578,GCA_023861445.1,Escherichia,Escherichia coli,Escherichia coli,562,697858,Homo sapiens,SRS15339954,broth dilution,BD Phoenix,CLSI,ARO_3000637|https://www.ebi.ac.uk/ols4/ontologies/aro/classes/http%253A%252F%252Fpurl.obolibrary.org%252Fobo%252FARO_3000637,JAKXES010000013.1,13231,13665,+,GCA_023861445.1_01191,marR,marR_S3N,AMR,POINT,MULTIDRUG,AMPICILLIN/CHLORAMPHENICOL/QUINOLONE/RIFAMPIN/TETRACYCLINE,AMPICILLIN,POINTP,WP_000843414.1,transcriptional regulator MarR,100.00,97.92,,,Annotation|https://ftp.ebi.ac.uk/pub/databases/amr_portal/genomes/GCA/023/861/GCA_023861445.1,1.5.0,Fast,2019,,,urine,urinary tract,38.97,-77.03,,no,NCBI_antibiogram,United States of America,Americas,Northern America
ampicillin,susceptible,<= 4 mg/L,SAMN26304394,GCA_023861165.1,Escherichia,Escherichia coli,Escherichia coli,562,698504,Homo sapiens,SRS15339687,broth dilution,BD Phoenix,CLSI,ARO_3000637|https://www.ebi.ac.uk/ols4/ontologies/aro/classes/http%253A%252F%252Fpurl.obolibrary.org%252Fobo%252FARO_3000637,JAKWUU010000009.1,13248,13682,+,GCA_023861165.1_00696,marR,marR_S3N,AMR,POINT,MULTIDRUG,AMPICILLIN/CHLORAMPHENICOL/QUINOLONE/RIFAMPIN/TETRACYCLINE,AMPICILLIN,POINTP,WP_000843414.1,transcriptional regulator MarR,100.00,97.92,,,Annotation|https://ftp.ebi.ac.uk/pub/databases/amr_portal/genomes/GCA/023/861/GCA_023861165.1,1.5.0,Fast,2019,,,urine,urinary tract,38.97,-77.03,,no,NCBI_antibiogram,United States of America,Americas,Northern America
ampicillin,susceptible,<= 4 mg/L,SAMN26304648,GCA_023861025.1,Escherichia,Escherichia coli,Escherichia coli,562,837598,Homo sapiens,SRS15359894,broth dilution,BD Phoenix,CLSI,ARO_3000637|https://www.ebi.ac.uk/ols4/ontologies/aro/classes/http%253A%252F%252Fpurl.obolibrary.org%252Fobo%252FARO_3000637,JAKWUM010000013.1,63436,63870,-,GCA_023861025.1_01703,marR,marR_S3N,AMR,POINT,MULTIDRUG,AMPICILLIN/CHLORAMPHENICOL/QUINOLONE/RIFAMPIN/TETRACYCLINE,AMPICILLIN,POINTP,WP_000843414.1,transcriptional regulator MarR,100.00,97.92,,,Annotation|https://ftp.ebi.ac.uk/pub/databases/amr_portal/genomes/GCA/023/861/GCA_023861025.1,1.5.0,Fast,2020,,,urine,urinary tract,38.97,-77.03,,no,NCBI_antibiogram,United States of America,Americas,Northern America
ampicillin,susceptible,<= 4 mg/L,SAMN26308660,GCA_023861545.1,Escherichia,Escherichia coli,Escherichia coli,562,794645,Homo sapiens,SRS15358767,broth dilution,BD Phoenix,CLSI,ARO_3000637|https://www.ebi.ac.uk/ols4/ontologies/aro/classes/http%253A%252F%252Fpurl.obolibrary.org%252Fobo%252FARO_3000637,JAKXEZ010000012.1,72626,73060,-,GCA_023861545.1_02519,marR,marR_S3N,AMR,POINT,MULTIDRUG,AMPICILLIN/CHLORAMPHENICOL/QUINOLONE/RIFAMPIN/TETRACYCLINE,AMPICILLIN,POINTP,WP_000843414.1,transcriptional regulator MarR,100.00,97.92,,,Annotation|https://ftp.ebi.ac.uk/pub/databases/amr_portal/genomes/GCA/023/861/GCA_023861545.1,1.5.0,Fast,2020,,,urine,urinary tract,38.97,-77.03,,no,NCBI_antibiogram,United States of America,Americas,Northern America
ampicillin,susceptible,<= 4 mg/L,SAMN26309083,GCA_023861565.1,Escherichia,Escherichia coli,Escherichia coli,562,807114,Homo sapiens,SRS15358646,broth dilution,BD Phoenix,CLSI,ARO_3000637|https://www.ebi.ac.uk/ols4/ontologies/aro/classes/http%253A%252F%252Fpurl.obolibrary.org%252Fobo%252FARO_3000637,JAKXEW010000013.1,63641,64075,-,GCA_023861565.1_01696,marR,marR_S3N,AMR,POINT,MULTIDRUG,AMPICILLIN/CHLORAMPHENICOL/QUINOLONE/RIFAMPIN/TETRACYCLINE,AMPICILLIN,POINTP,WP_000843414.1,transcriptional regulator MarR,100.00,97.92,,,Annotation|https://ftp.ebi.ac.uk/pub/databases/amr_portal/genomes/GCA/023/861/GCA_023861565.1,1.5.0,Fast,2020,,,urine,urinary tract,38.97,-77.03,,no,NCBI_antibiogram,United States of America,Americas,Northern America
ampicillin,resistant,> 16 mg/L,SAMN26305081,GCA_023861185.1,Escherichia,Escherichia coli,Escherichia coli,562,781763,Homo sapiens,SRS15357500,broth dilution,BD Phoenix,CLSI,ARO_3000637|https://www.ebi.ac.uk/ols4/ontologies/aro/classes/http%253A%252F%252Fpurl.obolibrary.org%252Fobo%252FARO_3000637,JAKWUV010000006.1,13248,13682,+,GCA_023861185.1_00683,marR,marR_S3N,AMR,POINT,MULTIDRUG,AMPICILLIN/CHLORAMPHENICOL/QUINOLONE/RIFAMPIN/TETRACYCLINE,AMPICILLIN,POINTP,WP_000843414.1,transcriptional regulator MarR,100.00,97.92,,,Annotation|https://ftp.ebi.ac.uk/pub/databases/amr_portal/genomes/GCA/023/861/GCA_023861185.1,1.5.0,Fast,2020,,,urine,urinary tract,38.97,-77.03,,no,NCBI_antibiogram,United States of America,Americas,Northern America
ampicillin,susceptible,<= 4 mg/L,SAMN26309146,GCA_023861425.1,Escherichia,Escherichia coli,Escherichia coli,562,837846,Homo sapiens,SRS15360036,broth dilution,BD Phoenix,CLSI,ARO_3000637|https://www.ebi.ac.uk/ols4/ontologies/aro/classes/http%253A%252F%252Fpurl.obolibrary.org%252Fobo%252FARO_3000637,JAKWVG010000013.1,63435,63869,-,GCA_023861425.1_01901,marR,marR_S3N,AMR,POINT,MULTIDRUG,AMPICILLIN/CHLORAMPHENICOL/QUINOLONE/RIFAMPIN/TETRACYCLINE,AMPICILLIN,POINTP,WP_000843414.1,transcriptional regulator MarR,100.00,97.92,,,Annotation|https://ftp.ebi.ac.uk/pub/databases/amr_portal/genomes/GCA/023/861/GCA_023861425.1,1.5.0,Fast,2020,,,urine,urinary tract,38.97,-77.03,,no,NCBI_antibiogram,United States of America,Americas,Northern America
ampicillin,susceptible,<= 4 mg/L,SAMN26304976,GCA_023861705.1,Escherichia,Escherichia coli,Escherichia coli,562,807042,Homo sapiens,SRS15358643,broth dilution,BD Phoenix,CLSI,ARO_3000637|https://www.ebi.ac.uk/ols4/ontologies/aro/classes/http%253A%252F%252Fpurl.obolibrary.org%252Fobo%252FARO_3000637,JAKXFH010000011.1,36504,36938,+,GCA_023861705.1_01520,marR,marR_S3N,AMR,POINT,MULTIDRUG,AMPICILLIN/CHLORAMPHENICOL/QUINOLONE/RIFAMPIN/TETRACYCLINE,AMPICILLIN,POINTP,WP_000843414.1,transcriptional regulator MarR,100.00,97.92,,,Annotation|https://ftp.ebi.ac.uk/pub/databases/amr_portal/genomes/GCA/023/861/GCA_023861705.1,1.5.0,Fast,2020,,,urine,urinary tract,38.97,-77.03,,no,NCBI_antibiogram,United States of America,Americas,Northern America
ampicillin,resistant,> 16 mg/L,SAMN26309245,GCA_023861065.1,Escherichia,Escherichia coli,Escherichia coli,562,782103,Homo sapiens,SRS15357608,broth dilution,BD Phoenix,CLSI,ARO_3000637|https://www.ebi.ac.uk/ols4/ontologies/aro/classes/http%253A%252F%252Fpurl.obolibrary.org%252Fobo%252FARO_3000637,JAKWUQ010000008.1,9401,9835,-,GCA_023861065.1_01090,marR,marR_S3N,AMR,POINT,MULTIDRUG,AMPICILLIN/CHLORAMPHENICOL/QUINOLONE/RIFAMPIN/TETRACYCLINE,AMPICILLIN,POINTP,WP_000843414.1,transcriptional regulator MarR,100.00,97.92,,,Annotation|https://ftp.ebi.ac.uk/pub/databases/amr_portal/genomes/GCA/023/861/GCA_023861065.1,1.5.0,Fast,2020,,,urine,urinary tract,38.97,-77.03,,no,NCBI_antibiogram,United States of America,Americas,Northern America
ampicillin,resistant,> 16 mg/L,SAMN26308564,GCA_023861945.1,Escherichia,Escherichia coli,Escherichia coli,562,749451,Homo sapiens,SRS15351965,broth dilution,BD Phoenix,CLSI,ARO_3000637|https://www.ebi.ac.uk/ols4/ontologies/aro/classes/http%253A%252F%252Fpurl.obolibrary.org%252Fobo%252FARO_3000637,JAKXFR010000019.1,9403,9837,-,GCA_023861945.1_01649,marR,marR_S3N,AMR,POINT,MULTIDRUG,AMPICILLIN/CHLORAMPHENICOL/QUINOLONE/RIFAMPIN/TETRACYCLINE,AMPICILLIN,POINTP,WP_000843414.1,transcriptional regulator MarR,100.00,97.92,,,Annotation|https://ftp.ebi.ac.uk/pub/databases/amr_portal/genomes/GCA/023/861/GCA_023861945.1,1.5.0,Fast,2020,,,urine,urinary tract,38.97,-77.03,,no,NCBI_antibiogram,United States of America,Americas,Northern America
ampicillin,susceptible,<= 4 mg/L,SAMN26309334,GCA_023861865.1,Escherichia,Escherichia coli,Escherichia coli,562,750431,Homo sapiens,SRS15352094,broth dilution,BD Phoenix,CLSI,ARO_3000637|https://www.ebi.ac.uk/ols4/ontologies/aro/classes/http%253A%252F%252Fpurl.obolibrary.org%252Fobo%252FARO_3000637,JAKXFM010000053.1,35495,35929,+,GCA_023861865.1_04316,marR,marR_S3N,AMR,POINT,MULTIDRUG,AMPICILLIN/CHLORAMPHENICOL/QUINOLONE/RIFAMPIN/TETRACYCLINE,AMPICILLIN,POINTP,WP_000843414.1,transcriptional regulator MarR,100.00,97.92,,,Annotation|https://ftp.ebi.ac.uk/pub/databases/amr_portal/genomes/GCA/023/861/GCA_023861865.1,1.5.0,Fast,2020,,,urine,urinary tract,38.97,-77.03,,no,NCBI_antibiogram,United States of America,Americas,Northern America
ampicillin,susceptible,<= 4 mg/L,SAMN26304928,GCA_023861725.1,Escherichia,Escherichia coli,Escherichia coli,562,806636,Homo sapiens,SRS15358555,broth dilution,BD Phoenix,CLSI,ARO_3000637|https://www.ebi.ac.uk/ols4/ontologies/aro/classes/http%253A%252F%252Fpurl.obolibrary.org%252Fobo%252FARO_3000637,JAKXFG010000013.1,51138,51572,+,GCA_023861725.1_02156,marR,marR_S3N,AMR,POINT,MULTIDRUG,AMPICILLIN/CHLORAMPHENICOL/QUINOLONE/RIFAMPIN/TETRACYCLINE,AMPICILLIN,POINTP,WP_000843414.1,transcriptional regulator MarR,100.00,97.92,,,Annotation|https://ftp.ebi.ac.uk/pub/databases/amr_portal/genomes/GCA/023/861/GCA_023861725.1,1.5.0,Fast,2020,,,urine,urinary tract,38.97,-77.03,,no,NCBI_antibiogram,United States of America,Americas,Northern America
ampicillin,susceptible,<= 4 mg/L,SAMN26309139,GCA_023861825.1,Escherichia,Escherichia coli,Escherichia coli,562,807308,Homo sapiens,SRS15358654,broth dilution,BD Phoenix,CLSI,ARO_3000637|https://www.ebi.ac.uk/ols4/ontologies/aro/classes/http%253A%252F%252Fpurl.obolibrary.org%252Fobo%252FARO_3000637,JAKXFL010000015.1,63627,64061,-,GCA_023861825.1_01687,marR,marR_S3N,AMR,POINT,MULTIDRUG,AMPICILLIN/CHLORAMPHENICOL/QUINOLONE/RIFAMPIN/TETRACYCLINE,AMPICILLIN,POINTP,WP_000843414.1,transcriptional regulator MarR,100.00,97.92,,,Annotation|https://ftp.ebi.ac.uk/pub/databases/amr_portal/genomes/GCA/023/861/GCA_023861825.1,1.5.0,Fast,2020,,,urine,urinary tract,38.97,-77.03,,no,NCBI_antibiogram,United States of America,Americas,Northern America
ampicillin,resistant,> 16 mg/L,SAMN26305021,GCA_023861585.1,Escherichia,Escherichia coli,Escherichia coli,562,805528,Homo sapiens,SRS15358597,broth dilution,BD Phoenix,CLSI,ARO_3000637|https://www.ebi.ac.uk/ols4/ontologies/aro/classes/http%253A%252F%252Fpurl.obolibrary.org%252Fobo%252FARO_3000637,JAKXFA010000009.1,72615,73049,-,GCA_023861585.1_01542,marR,marR_S3N,AMR,POINT,MULTIDRUG,AMPICILLIN/CHLORAMPHENICOL/QUINOLONE/RIFAMPIN/TETRACYCLINE,AMPICILLIN,POINTP,WP_000843414.1,transcriptional regulator MarR,100.00,97.92,,,Annotation|https://ftp.ebi.ac.uk/pub/databases/amr_portal/genomes/GCA/023/861/GCA_023861585.1,1.5.0,Fast,2020,,,urine,urinary tract,38.97,-77.03,,no,NCBI_antibiogram,United States of America,Americas,Northern America
ampicillin,susceptible,<= 4 mg/L,SAMN26309087,GCA_023861245.1,Escherichia,Escherichia coli,Escherichia coli,562,837782,Homo sapiens,SRS15360029,broth dilution,BD Phoenix,CLSI,ARO_3000637|https://www.ebi.ac.uk/ols4/ontologies/aro/classes/http%253A%252F%252Fpurl.obolibrary.org%252Fobo%252FARO_3000637,JAKWUZ010000017.1,472737,473171,-,GCA_023861245.1_01748,marR,marR_S3N,AMR,POINT,MULTIDRUG,AMPICILLIN/CHLORAMPHENICOL/QUINOLONE/RIFAMPIN/TETRACYCLINE,AMPICILLIN,POINTP,WP_000843414.1,transcriptional regulator MarR,100.00,97.92,,,Annotation|https://ftp.ebi.ac.uk/pub/databases/amr_portal/genomes/GCA/023/861/GCA_023861245.1,1.5.0,Fast,2020,,,urine,urinary tract,38.97,-77.03,,no,NCBI_antibiogram,United States of America,Americas,Northern America
ampicillin,susceptible,<= 4 mg/L,SAMN26304812,GCA_023861105.1,Escherichia,Escherichia coli,Escherichia coli,562,772273,Homo sapiens,SRS15355561,broth dilution,BD Phoenix,CLSI,ARO_3000637|https://www.ebi.ac.uk/ols4/ontologies/aro/classes/http%253A%252F%252Fpurl.obolibrary.org%252Fobo%252FARO_3000637,JAKWUR010000019.1,18181,18615,+,GCA_023861105.1_01124,marR,marR_S3N,AMR,POINT,MULTIDRUG,AMPICILLIN/CHLORAMPHENICOL/QUINOLONE/RIFAMPIN/TETRACYCLINE,AMPICILLIN,POINTP,WP_000843414.1,transcriptional regulator MarR,100.00,97.92,,,Annotation|https://ftp.ebi.ac.uk/pub/databases/amr_portal/genomes/GCA/023/861/GCA_023861105.1,1.5.0,Fast,2020,,,urine,urinary tract,38.97,-77.03,,no,NCBI_antibiogram,United States of America,Americas,Northern America
ampicillin,resistant,> 16 mg/L,SAMN26308572,GCA_023861265.1,Escherichia,Escherichia coli,Escherichia coli,562,805002,Homo sapiens,SRS15358798,broth dilution,BD Phoenix,CLSI,ARO_3000637|https://www.ebi.ac.uk/ols4/ontologies/aro/classes/http%253A%252F%252Fpurl.obolibrary.org%252Fobo%252FARO_3000637,JAKWUX010000010.1,9400,9834,-,GCA_023861265.1_01053,marR,marR_S3N,AMR,POINT,MULTIDRUG,AMPICILLIN/CHLORAMPHENICOL/QUINOLONE/RIFAMPIN/TETRACYCLINE,AMPICILLIN,POINTP,WP_000843414.1,transcriptional regulator MarR,100.00,97.92,,,Annotation|https://ftp.ebi.ac.uk/pub/databases/amr_portal/genomes/GCA/023/861/GCA_023861265.1,1.5.0,Fast,2020,,,urine,urinary tract,38.97,-77.03,,no,NCBI_antibiogram,United States of America,Americas,Northern America
ampicillin,susceptible,<= 4 mg/L,SAMN26305110,GCA_023861625.1,Escherichia,Escherichia coli,Escherichia coli,562,806774,Homo sapiens,SRS15358629,broth dilution,BD Phoenix,CLSI,ARO_3000637|https://www.ebi.ac.uk/ols4/ontologies/aro/classes/http%253A%252F%252Fpurl.obolibrary.org%252Fobo%252FARO_3000637,JAKXFD010000017.1,67507,67941,-,GCA_023861625.1_03011,marR,marR_S3N,AMR,POINT,MULTIDRUG,AMPICILLIN/CHLORAMPHENICOL/QUINOLONE/RIFAMPIN/TETRACYCLINE,AMPICILLIN,POINTP,WP_000843414.1,transcriptional regulator MarR,100.00,97.92,,,Annotation|https://ftp.ebi.ac.uk/pub/databases/amr_portal/genomes/GCA/023/861/GCA_023861625.1,1.5.0,Fast,2020,,,urine,urinary tract,38.97,-77.03,,no,NCBI_antibiogram,United States of America,Americas,Northern America
ampicillin,susceptible,<= 4 mg/L,SAMN26309099,GCA_023861345.1,Escherichia,Escherichia coli,Escherichia coli,562,699016,Homo sapiens,SRS15339847,broth dilution,BD Phoenix,CLSI,ARO_3000637|https://www.ebi.ac.uk/ols4/ontologies/aro/classes/http%253A%252F%252Fpurl.obolibrary.org%252Fobo%252FARO_3000637,JAKWVB010000018.1,13253,13687,+,GCA_023861345.1_01311,marR,marR_S3N,AMR,POINT,MULTIDRUG,AMPICILLIN/CHLORAMPHENICOL/QUINOLONE/RIFAMPIN/TETRACYCLINE,AMPICILLIN,POINTP,WP_000843414.1,transcriptional regulator MarR,100.00,97.92,,,Annotation|https://ftp.ebi.ac.uk/pub/databases/amr_portal/genomes/GCA/023/861/GCA_023861345.1,1.5.0,Fast,2019,,,urine,urinary tract,38.97,-77.03,,no,NCBI_antibiogram,United States of America,Americas,Northern America
ampicillin,resistant,> 16 mg/L,SAMN26304811,GCA_023861605.1,Escherichia,Escherichia coli,Escherichia coli,562,759067,Homo sapiens,SRS15355696,broth dilution,BD Phoenix,CLSI,ARO_3000637|https://www.ebi.ac.uk/ols4/ontologies/aro/classes/http%253A%252F%252Fpurl.obolibrary.org%252Fobo%252FARO_3000637,JAKXFC010000017.1,231224,231658,-,GCA_023861605.1_01405,marR,marR_S3N,AMR,POINT,MULTIDRUG,AMPICILLIN/CHLORAMPHENICOL/QUINOLONE/RIFAMPIN/TETRACYCLINE,AMPICILLIN,POINTP,WP_000843414.1,transcriptional regulator MarR,100.00,97.92,,,Annotation|https://ftp.ebi.ac.uk/pub/databases/amr_portal/genomes/GCA/023/861/GCA_023861605.1,1.5.0,Fast,2020,,,urine,urinary tract,38.97,-77.03,,no,NCBI_antibiogram,United States of America,Americas,Northern America
ampicillin,susceptible,<= 4 mg/L,SAMN26304984,GCA_023861125.1,Escherichia,Escherichia coli,Escherichia coli,562,748981,Homo sapiens,SRS15352074,broth dilution,BD Phoenix,CLSI,ARO_3000637|https://www.ebi.ac.uk/ols4/ontologies/aro/classes/http%253A%252F%252Fpurl.obolibrary.org%252Fobo%252FARO_3000637,JAKWUS010000016.1,36771,37205,+,GCA_023861125.1_01365,marR,marR_S3N,AMR,POINT,MULTIDRUG,AMPICILLIN/CHLORAMPHENICOL/QUINOLONE/RIFAMPIN/TETRACYCLINE,AMPICILLIN,POINTP,WP_000843414.1,transcriptional regulator MarR,100.00,97.92,,,Annotation|https://ftp.ebi.ac.uk/pub/databases/amr_portal/genomes/GCA/023/861/GCA_023861125.1,1.5.0,Fast,2020,,,urine,urinary tract,38.97,-77.03,,no,NCBI_antibiogram,United States of America,Americas,Northern America
ampicillin,susceptible,<= 4 mg/L,SAMN26305260,GCA_023924225.1,Escherichia,Escherichia coli,Escherichia coli,562,709961,Homo sapiens,SRS15348425,broth dilution,BD Phoenix,CLSI,ARO_3000637|https://www.ebi.ac.uk/ols4/ontologies/aro/classes/http%253A%252F%252Fpurl.obolibrary.org%252Fobo%252FARO_3000637,JAMESC010000011.1,36771,37205,+,GCA_023924225.1_01654,marR,marR_S3N,AMR,POINT,MULTIDRUG,AMPICILLIN/CHLORAMPHENICOL/QUINOLONE/RIFAMPIN/TETRACYCLINE,AMPICILLIN,POINTP,WP_000843414.1,transcriptional regulator MarR,100.00,97.92,,,Annotation|https://ftp.ebi.ac.uk/pub/databases/amr_portal/genomes/GCA/023/924/GCA_023924225.1,1.5.0,Fast,2019,,,urine,urinary tract,38.97,-77.03,,no,NCBI_antibiogram,United States of America,Americas,Northern America
ampicillin,resistant,> 16 mg/L,SAMN26308568,GCA_023891205.1,Escherichia,Escherichia coli,Escherichia coli,562,730381,Homo sapiens,SRS15348325,broth dilution,BD Phoenix,CLSI,ARO_3000637|https://www.ebi.ac.uk/ols4/ontologies/aro/classes/http%253A%252F%252Fpurl.obolibrary.org%252Fobo%252FARO_3000637,JAMEOK010000027.1,9403,9837,-,GCA_023891205.1_02170,marR,marR_S3N,AMR,POINT,MULTIDRUG,AMPICILLIN/CHLORAMPHENICOL/QUINOLONE/RIFAMPIN/TETRACYCLINE,AMPICILLIN,POINTP,WP_000843414.1,transcriptional regulator MarR,100.00,97.92,,,Annotation|https://ftp.ebi.ac.uk/pub/databases/amr_portal/genomes/GCA/023/891/GCA_023891205.1,1.5.0,Fast,2019,,,urine,urinary tract,38.97,-77.03,,no,NCBI_antibiogram,United States of America,Americas,Northern America
ampicillin,susceptible,<= 4 mg/L,SAMN26309090,GCA_023891945.1,Escherichia,Escherichia coli,Escherichia coli,562,838882,Homo sapiens,SRS15360117,broth dilution,BD Phoenix,CLSI,ARO_3000637|https://www.ebi.ac.uk/ols4/ontologies/aro/classes/http%253A%252F%252Fpurl.obolibrary.org%252Fobo%252FARO_3000637,JAMEQI010000017.1,13231,13665,+,GCA_023891945.1_01312,marR,marR_S3N,AMR,POINT,MULTIDRUG,AMPICILLIN/CHLORAMPHENICOL/QUINOLONE/RIFAMPIN/TETRACYCLINE,AMPICILLIN,POINTP,WP_000843414.1,transcriptional regulator MarR,100.00,97.92,,,Annotation|https://ftp.ebi.ac.uk/pub/databases/amr_portal/genomes/GCA/023/891/GCA_023891945.1,1.5.0,Fast,2020,,,urine,urinary tract,38.97,-77.03,,no,NCBI_antibiogram,United States of America,Americas,Northern America
ampicillin,resistant,> 16 mg/L,SAMN26309256,GCA_023891125.1,Escherichia,Escherichia coli,Escherichia coli,562,822280,Homo sapiens,SRS15358768,broth dilution,BD Phoenix,CLSI,ARO_3000637|https://www.ebi.ac.uk/ols4/ontologies/aro/classes/http%253A%252F%252Fpurl.obolibrary.org%252Fobo%252FARO_3000637,JAMEOF010000011.1,27410,27844,+,GCA_023891125.1_01355,marR,marR_S3N,AMR,POINT,MULTIDRUG,AMPICILLIN/CHLORAMPHENICOL/QUINOLONE/RIFAMPIN/TETRACYCLINE,AMPICILLIN,POINTP,WP_000843414.1,transcriptional regulator MarR,100.00,97.92,,,Annotation|https://ftp.ebi.ac.uk/pub/databases/amr_portal/genomes/GCA/023/891/GCA_023891125.1,1.5.0,Fast,2020,,,urine,urinary tract,38.97,-77.03,,no,NCBI_antibiogram,United States of America,Americas,Northern America
ampicillin,susceptible,<= 4 mg/L,SAMN26308690,GCA_023891095.1,Escherichia,Escherichia coli,Escherichia coli,562,838832,Homo sapiens,SRS15360112,broth dilution,BD Phoenix,CLSI,ARO_3000637|https://www.ebi.ac.uk/ols4/ontologies/aro/classes/http%253A%252F%252Fpurl.obolibrary.org%252Fobo%252FARO_3000637,JAMEOE010000013.1,426482,426916,-,GCA_023891095.1_03037,marR,marR_S3N,AMR,POINT,MULTIDRUG,AMPICILLIN/CHLORAMPHENICOL/QUINOLONE/RIFAMPIN/TETRACYCLINE,AMPICILLIN,POINTP,WP_000843414.1,transcriptional regulator MarR,100.00,97.92,,,Annotation|https://ftp.ebi.ac.uk/pub/databases/amr_portal/genomes/GCA/023/891/GCA_023891095.1,1.5.0,Fast,2020,,,urine,urinary tract,38.97,-77.03,,no,NCBI_antibiogram,United States of America,Americas,Northern America
ampicillin,susceptible,<= 4 mg/L,SAMN26309330,GCA_023891525.1,Escherichia,Escherichia coli,Escherichia coli,562,758459,Homo sapiens,SRS15355637,broth dilution,BD Phoenix,CLSI,ARO_3000637|https://www.ebi.ac.uk/ols4/ontologies/aro/classes/http%253A%252F%252Fpurl.obolibrary.org%252Fobo%252FARO_3000637,JAMEPG010000008.1,26017,26451,-,GCA_023891525.1_01009,marR,marR_S3N,AMR,POINT,MULTIDRUG,AMPICILLIN/CHLORAMPHENICOL/QUINOLONE/RIFAMPIN/TETRACYCLINE,AMPICILLIN,POINTP,WP_000843414.1,transcriptional regulator MarR,100.00,97.92,,,Annotation|https://ftp.ebi.ac.uk/pub/databases/amr_portal/genomes/GCA/023/891/GCA_023891525.1,1.5.0,Fast,2020,,,urine,urinary tract,38.97,-77.03,,no,NCBI_antibiogram,United States of America,Americas,Northern America
ampicillin,susceptible,<= 4 mg/L,SAMN26304568,GCA_023891425.1,Escherichia,Escherichia coli,Escherichia coli,562,838496,Homo sapiens,SRS15360074,broth dilution,BD Phoenix,CLSI,ARO_3000637|https://www.ebi.ac.uk/ols4/ontologies/aro/classes/http%253A%252F%252Fpurl.obolibrary.org%252Fobo%252FARO_3000637,JAMEPA010000018.1,36771,37205,+,GCA_023891425.1_02271,marR,marR_S3N,AMR,POINT,MULTIDRUG,AMPICILLIN/CHLORAMPHENICOL/QUINOLONE/RIFAMPIN/TETRACYCLINE,AMPICILLIN,POINTP,WP_000843414.1,transcriptional regulator MarR,100.00,97.92,,,Annotation|https://ftp.ebi.ac.uk/pub/databases/amr_portal/genomes/GCA/023/891/GCA_023891425.1,1.5.0,Fast,2020,,,urine,urinary tract,38.97,-77.03,,no,NCBI_antibiogram,United States of America,Americas,Northern America
ampicillin,resistant,> 16 mg/L,SAMN26304332,GCA_023891815.1,Escherichia,Escherichia coli,Escherichia coli,562,758983,Homo sapiens,SRS15355655,broth dilution,BD Phoenix,CLSI,ARO_3000637|https://www.ebi.ac.uk/ols4/ontologies/aro/classes/http%253A%252F%252Fpurl.obolibrary.org%252Fobo%252FARO_3000637,JAMEPS010000019.1,36504,36938,+,GCA_023891815.1_01669,marR,marR_S3N,AMR,POINT,MULTIDRUG,AMPICILLIN/CHLORAMPHENICOL/QUINOLONE/RIFAMPIN/TETRACYCLINE,AMPICILLIN,POINTP,WP_000843414.1,transcriptional regulator MarR,100.00,97.92,,,Annotation|https://ftp.ebi.ac.uk/pub/databases/amr_portal/genomes/GCA/023/891/GCA_023891815.1,1.5.0,Fast,2020,,,urine,urinary tract,38.97,-77.03,,no,NCBI_antibiogram,United States of America,Americas,Northern America
ampicillin,susceptible,<= 4 mg/L,SAMN26305267,GCA_023891885.1,Escherichia,Escherichia coli,Escherichia coli,562,822222,Homo sapiens,SRS15358593,broth dilution,BD Phoenix,CLSI,ARO_3000637|https://www.ebi.ac.uk/ols4/ontologies/aro/classes/http%253A%252F%252Fpurl.obolibrary.org%252Fobo%252FARO_3000637,JAMEQD010000007.1,36771,37205,+,GCA_023891885.1_00660,marR,marR_S3N,AMR,POINT,MULTIDRUG,AMPICILLIN/CHLORAMPHENICOL/QUINOLONE/RIFAMPIN/TETRACYCLINE,AMPICILLIN,POINTP,WP_000843414.1,transcriptional regulator MarR,100.00,97.92,,,Annotation|https://ftp.ebi.ac.uk/pub/databases/amr_portal/genomes/GCA/023/891/GCA_023891885.1,1.5.0,Fast,2020,,,urine,urinary tract,38.97,-77.03,,no,NCBI_antibiogram,United States of America,Americas,Northern America
ampicillin,susceptible,<= 4 mg/L,SAMN26305251,GCA_023891405.1,Escherichia,Escherichia coli,Escherichia coli,562,821996,Homo sapiens,SRS15358569,broth dilution,BD Phoenix,CLSI,ARO_3000637|https://www.ebi.ac.uk/ols4/ontologies/aro/classes/http%253A%252F%252Fpurl.obolibrary.org%252Fobo%252FARO_3000637,JAMEOY010000012.1,72616,73050,-,GCA_023891405.1_01876,marR,marR_S3N,AMR,POINT,MULTIDRUG,AMPICILLIN/CHLORAMPHENICOL/QUINOLONE/RIFAMPIN/TETRACYCLINE,AMPICILLIN,POINTP,WP_000843414.1,transcriptional regulator MarR,100.00,97.92,,,Annotation|https://ftp.ebi.ac.uk/pub/databases/amr_portal/genomes/GCA/023/891/GCA_023891405.1,1.5.0,Fast,2020,,,urine,urinary tract,38.97,-77.03,,no,NCBI_antibiogram,United States of America,Americas,Northern America
ampicillin,susceptible,<= 4 mg/L,SAMN26305126,GCA_023891695.1,Escherichia,Escherichia coli,Escherichia coli,562,822192,Homo sapiens,SRS15358590,broth dilution,BD Phoenix,CLSI,ARO_3000637|https://www.ebi.ac.uk/ols4/ontologies/aro/classes/http%253A%252F%252Fpurl.obolibrary.org%252Fobo%252FARO_3000637,JAMEPO010000014.1,14520,14954,+,GCA_023891695.1_01277,marR,marR_S3N,AMR,POINT,MULTIDRUG,AMPICILLIN/CHLORAMPHENICOL/QUINOLONE/RIFAMPIN/TETRACYCLINE,AMPICILLIN,POINTP,WP_000843414.1,transcriptional regulator MarR,100.00,97.92,,,Annotation|https://ftp.ebi.ac.uk/pub/databases/amr_portal/genomes/GCA/023/891/GCA_023891695.1,1.5.0,Fast,2020,,,urine,urinary tract,38.97,-77.03,,no,NCBI_antibiogram,United States of America,Americas,Northern America
ampicillin,susceptible,<= 4 mg/L,SAMN26305254,GCA_023891625.1,Escherichia,Escherichia coli,Escherichia coli,562,822168,Homo sapiens,SRS15358586,broth dilution,BD Phoenix,CLSI,ARO_3000637|https://www.ebi.ac.uk/ols4/ontologies/aro/classes/http%253A%252F%252Fpurl.obolibrary.org%252Fobo%252FARO_3000637,JAMEPL010000010.1,66663,67097,-,GCA_023891625.1_01937,marR,marR_S3N,AMR,POINT,MULTIDRUG,AMPICILLIN/CHLORAMPHENICOL/QUINOLONE/RIFAMPIN/TETRACYCLINE,AMPICILLIN,POINTP,WP_000843414.1,transcriptional regulator MarR,100.00,97.92,,,Annotation|https://ftp.ebi.ac.uk/pub/databases/amr_portal/genomes/GCA/023/891/GCA_023891625.1,1.5.0,Fast,2020,,,urine,urinary tract,38.97,-77.03,,no,NCBI_antibiogram,United States of America,Americas,Northern America
ampicillin,susceptible,<= 4 mg/L,SAMN26309094,GCA_023891285.1,Escherichia,Escherichia coli,Escherichia coli,562,781465,Homo sapiens,SRS15357574,broth dilution,BD Phoenix,CLSI,ARO_3000637|https://www.ebi.ac.uk/ols4/ontologies/aro/classes/http%253A%252F%252Fpurl.obolibrary.org%252Fobo%252FARO_3000637,JAMEOP010000007.1,13231,13665,+,GCA_023891285.1_01069,marR,marR_S3N,AMR,POINT,MULTIDRUG,AMPICILLIN/CHLORAMPHENICOL/QUINOLONE/RIFAMPIN/TETRACYCLINE,AMPICILLIN,POINTP,WP_000843414.1,transcriptional regulator MarR,100.00,97.92,,,Annotation|https://ftp.ebi.ac.uk/pub/databases/amr_portal/genomes/GCA/023/891/GCA_023891285.1,1.5.0,Fast,2020,,,blood,blood,38.97,-77.03,,no,NCBI_antibiogram,United States of America,Americas,Northern America
ampicillin,susceptible,<= 4 mg/L,SAMN26308966,GCA_023891505.1,Escherichia,Escherichia coli,Escherichia coli,562,735323,Homo sapiens,SRS15348396,broth dilution,BD Phoenix,CLSI,ARO_3000637|https://www.ebi.ac.uk/ols4/ontologies/aro/classes/http%253A%252F%252Fpurl.obolibrary.org%252Fobo%252FARO_3000637,JAMEPE010000022.1,36140,36574,+,GCA_023891505.1_02488,marR,marR_S3N,AMR,POINT,MULTIDRUG,AMPICILLIN/CHLORAMPHENICOL/QUINOLONE/RIFAMPIN/TETRACYCLINE,AMPICILLIN,POINTP,WP_000843414.1,transcriptional regulator MarR,100.00,97.92,,,Annotation|https://ftp.ebi.ac.uk/pub/databases/amr_portal/genomes/GCA/023/891/GCA_023891505.1,1.5.0,Fast,2019,,,urine,urinary tract,38.97,-77.03,,no,NCBI_antibiogram,United States of America,Americas,Northern America
ampicillin,susceptible,<= 4 mg/L,SAMN26304490,GCA_023891245.1,Escherichia,Escherichia coli,Escherichia coli,562,822466,Homo sapiens,SRS15358787,broth dilution,BD Phoenix,CLSI,ARO_3000637|https://www.ebi.ac.uk/ols4/ontologies/aro/classes/http%253A%252F%252Fpurl.obolibrary.org%252Fobo%252FARO_3000637,JAMEOL010000013.1,72616,73050,-,GCA_023891245.1_01881,marR,marR_S3N,AMR,POINT,MULTIDRUG,AMPICILLIN/CHLORAMPHENICOL/QUINOLONE/RIFAMPIN/TETRACYCLINE,AMPICILLIN,POINTP,WP_000843414.1,transcriptional regulator MarR,100.00,97.92,,,Annotation|https://ftp.ebi.ac.uk/pub/databases/amr_portal/genomes/GCA/023/891/GCA_023891245.1,1.5.0,Fast,2020,,,urine,urinary tract,38.97,-77.03,,no,NCBI_antibiogram,United States of America,Americas,Northern America
ampicillin,susceptible,<= 4 mg/L,SAMN26305232,GCA_023891645.1,Escherichia,Escherichia coli,Escherichia coli,562,758071,Homo sapiens,SRS15352182,broth dilution,BD Phoenix,CLSI,ARO_3000637|https://www.ebi.ac.uk/ols4/ontologies/aro/classes/http%253A%252F%252Fpurl.obolibrary.org%252Fobo%252FARO_3000637,JAMEPK010000017.1,72615,73049,-,GCA_023891645.1_01605,marR,marR_S3N,AMR,POINT,MULTIDRUG,AMPICILLIN/CHLORAMPHENICOL/QUINOLONE/RIFAMPIN/TETRACYCLINE,AMPICILLIN,POINTP,WP_000843414.1,transcriptional regulator MarR,100.00,97.92,,,Annotation|https://ftp.ebi.ac.uk/pub/databases/amr_portal/genomes/GCA/023/891/GCA_023891645.1,1.5.0,Fast,2020,,,urine,urinary tract,38.97,-77.03,,no,NCBI_antibiogram,United States of America,Americas,Northern America
ampicillin,susceptible,<= 4 mg/L,SAMN26304929,GCA_023891065.1,Escherichia,Escherichia coli,Escherichia coli,562,838584,Homo sapiens,SRS15360084,broth dilution,BD Phoenix,CLSI,ARO_3000637|https://www.ebi.ac.uk/ols4/ontologies/aro/classes/http%253A%252F%252Fpurl.obolibrary.org%252Fobo%252FARO_3000637,JAMEOD010000012.1,13231,13665,+,GCA_023891065.1_02162,marR,marR_S3N,AMR,POINT,MULTIDRUG,AMPICILLIN/CHLORAMPHENICOL/QUINOLONE/RIFAMPIN/TETRACYCLINE,AMPICILLIN,POINTP,WP_000843414.1,transcriptional regulator MarR,100.00,97.92,,,Annotation|https://ftp.ebi.ac.uk/pub/databases/amr_portal/genomes/GCA/023/891/GCA_023891065.1,1.5.0,Fast,2020,,,urine,urinary tract,38.97,-77.03,,no,NCBI_antibiogram,United States of America,Americas,Northern America
ampicillin,resistant,> 32 mg/L,SAMN16879395,GCA_015919205.1,Salmonella,Salmonella enterica,Salmonella enterica,28901,PNUSAS182233,,SRS7764064,,,,ARO_3000637|https://www.ebi.ac.uk/ols4/ontologies/aro/classes/http%253A%252F%252Fpurl.obolibrary.org%252Fobo%252FARO_3000637,AAXTET010000004.1,192193,192774,+,GCA_015919205.1_01503,betI,ramR_T50P,AMR,POINT,MULTIDRUG,AMPICILLIN/CHLORAMPHENICOL/QUINOLONE/RIFAMPIN/TETRACYCLINE,AMPICILLIN,POINTP,WP_000113609.1,TetR/AcrR family transcriptional regulator RamR,100.00,99.48,,,Annotation|https://ftp.ebi.ac.uk/pub/databases/amr_portal/genomes/GCA/015/919/GCA_015919205.1,1.5.0,Fast,2020,,,Stool,gastrointestinal system,,,,no,NARMS,United States of America,Americas,Northern America
ampicillin,susceptible,== 2 mg/L,SAMN13242756,GCA_011832015.1,Escherichia,Escherichia coli,Escherichia coli,562,2016AM-1217,,SRS5626993,,,,ARO_3000637|https://www.ebi.ac.uk/ols4/ontologies/aro/classes/http%253A%252F%252Fpurl.obolibrary.org%252Fobo%252FARO_3000637,AAQYFC010000083.1,5410,5844,-,GCA_011832015.1_04405,marR,marR_S3N,AMR,POINT,MULTIDRUG,AMPICILLIN/CHLORAMPHENICOL/QUINOLONE/RIFAMPIN/TETRACYCLINE,AMPICILLIN,POINTP,WP_000843414.1,transcriptional regulator MarR,100.00,97.92,,,Annotation|https://ftp.ebi.ac.uk/pub/databases/amr_portal/genomes/GCA/011/832/GCA_011832015.1,1.5.0,Fast,2016,,,,,,,,no,NARMS,United States of America,Americas,Northern America
ampicillin,susceptible,== 4 mg/L,SAMN13945422,GCA_011245735.1,Salmonella,Salmonella enterica,Salmonella enterica,28901,PNUSAS117997,,SRS6081190,,,,ARO_3000637|https://www.ebi.ac.uk/ols4/ontologies/aro/classes/http%253A%252F%252Fpurl.obolibrary.org%252Fobo%252FARO_3000637,AAPPGC010000007.1,127703,128284,+,GCA_011245735.1_02298,,ramR_T18P,AMR,POINT,MULTIDRUG,AMPICILLIN/CHLORAMPHENICOL/QUINOLONE/RIFAMPIN/TETRACYCLINE,AMPICILLIN,POINTP,WP_000113609.1,TetR/AcrR family transcriptional regulator RamR,100.00,98.96,,,Annotation|https://ftp.ebi.ac.uk/pub/databases/amr_portal/genomes/GCA/011/245/GCA_011245735.1,1.5.0,Fast,2019,,,Stool,gastrointestinal system,,,,no,NARMS,United States of America,Americas,Northern America
ampicillin,susceptible,<= 4 mg/L,SAMN26305093,GCA_024164705.1,Escherichia,Escherichia coli,Escherichia coli,562,698756,Homo sapiens,SRS15339778,broth dilution,BD Phoenix,CLSI,ARO_3000637|https://www.ebi.ac.uk/ols4/ontologies/aro/classes/http%253A%252F%252Fpurl.obolibrary.org%252Fobo%252FARO_3000637,JAKWJW010000018.1,73638,74072,-,GCA_024164705.1_02554,marR,marR_S3N,AMR,POINT,MULTIDRUG,AMPICILLIN/CHLORAMPHENICOL/QUINOLONE/RIFAMPIN/TETRACYCLINE,AMPICILLIN,POINTP,WP_000843414.1,transcriptional regulator MarR,100.00,97.92,,,Annotation|https://ftp.ebi.ac.uk/pub/databases/amr_portal/genomes/GCA/024/164/GCA_024164705.1,1.5.0,Fast,2019,,,urine,urinary tract,38.97,-77.03,,no,NCBI_antibiogram,United States of America,Americas,Northern America
ampicillin,susceptible,<= 4 mg/L,SAMN26304926,GCA_024164585.1,Escherichia,Escherichia coli,Escherichia coli,562,699242,Homo sapiens,SRS15339872,broth dilution,BD Phoenix,CLSI,ARO_3000637|https://www.ebi.ac.uk/ols4/ontologies/aro/classes/http%253A%252F%252Fpurl.obolibrary.org%252Fobo%252FARO_3000637,JAKWJV010000028.1,72604,73038,-,GCA_024164585.1_02737,marR,marR_S3N,AMR,POINT,MULTIDRUG,AMPICILLIN/CHLORAMPHENICOL/QUINOLONE/RIFAMPIN/TETRACYCLINE,AMPICILLIN,POINTP,WP_000843414.1,transcriptional regulator MarR,100.00,97.92,,,Annotation|https://ftp.ebi.ac.uk/pub/databases/amr_portal/genomes/GCA/024/164/GCA_024164585.1,1.5.0,Fast,2019,,,urine,urinary tract,38.97,-77.03,,no,NCBI_antibiogram,United States of America,Americas,Northern America
ampicillin,resistant,> 16 mg/L,SAMN26309262,GCA_024164745.1,Escherichia,Escherichia coli,Escherichia coli,562,822676,Homo sapiens,SRS15358706,broth dilution,BD Phoenix,CLSI,ARO_3000637|https://www.ebi.ac.uk/ols4/ontologies/aro/classes/http%253A%252F%252Fpurl.obolibrary.org%252Fobo%252FARO_3000637,JAKWKB010000018.1,27409,27843,+,GCA_024164745.1_01404,marR,marR_S3N,AMR,POINT,MULTIDRUG,AMPICILLIN/CHLORAMPHENICOL/QUINOLONE/RIFAMPIN/TETRACYCLINE,AMPICILLIN,POINTP,WP_000843414.1,transcriptional regulator MarR,100.00,97.92,,,Annotation|https://ftp.ebi.ac.uk/pub/databases/amr_portal/genomes/GCA/024/164/GCA_024164745.1,1.5.0,Fast,2020,,,urine,urinary tract,38.97,-77.03,,no,NCBI_antibiogram,United States of America,Americas,Northern America
ampicillin,susceptible,<= 4 mg/L,SAMN26308567,GCA_024164785.1,Escherichia,Escherichia coli,Escherichia coli,562,735285,Homo sapiens,SRS15348392,broth dilution,BD Phoenix,CLSI,ARO_3000637|https://www.ebi.ac.uk/ols4/ontologies/aro/classes/http%253A%252F%252Fpurl.obolibrary.org%252Fobo%252FARO_3000637,JAKWKC010000007.1,9403,9837,-,GCA_024164785.1_00998,marR,marR_S3N,AMR,POINT,MULTIDRUG,AMPICILLIN/CHLORAMPHENICOL/QUINOLONE/RIFAMPIN/TETRACYCLINE,AMPICILLIN,POINTP,WP_000843414.1,transcriptional regulator MarR,100.00,97.92,,,Annotation|https://ftp.ebi.ac.uk/pub/databases/amr_portal/genomes/GCA/024/164/GCA_024164785.1,1.5.0,Fast,2019,,,urine,urinary tract,38.97,-77.03,,no,NCBI_antibiogram,United States of America,Americas,Northern America
ampicillin,susceptible,<= 4 mg/L,SAMN26308965,GCA_024164565.1,Escherichia,Escherichia coli,Escherichia coli,562,735315,Homo sapiens,SRS15348395,broth dilution,BD Phoenix,CLSI,ARO_3000637|https://www.ebi.ac.uk/ols4/ontologies/aro/classes/http%253A%252F%252Fpurl.obolibrary.org%252Fobo%252FARO_3000637,JAKWJZ010000012.1,34467,34901,+,GCA_024164565.1_01906,marR,marR_S3N,AMR,POINT,MULTIDRUG,AMPICILLIN/CHLORAMPHENICOL/QUINOLONE/RIFAMPIN/TETRACYCLINE,AMPICILLIN,POINTP,WP_000843414.1,transcriptional regulator MarR,100.00,97.22,,,Annotation|https://ftp.ebi.ac.uk/pub/databases/amr_portal/genomes/GCA/024/164/GCA_024164565.1,1.5.0,Fast,2019,,,urine,urinary tract,38.97,-77.03,,no,NCBI_antibiogram,United States of America,Americas,Northern America
ampicillin,resistant,> 16 mg/L,SAMN26304360,GCA_024165425.1,Escherichia,Escherichia coli,Escherichia coli,562,698940,Homo sapiens,SRS15339799,broth dilution,BD Phoenix,CLSI,ARO_3000637|https://www.ebi.ac.uk/ols4/ontologies/aro/classes/http%253A%252F%252Fpurl.obolibrary.org%252Fobo%252FARO_3000637,JAKWKT010000013.1,20523,20957,+,GCA_024165425.1_01506,marR,marR_S3N,AMR,POINT,MULTIDRUG,AMPICILLIN/CHLORAMPHENICOL/QUINOLONE/RIFAMPIN/TETRACYCLINE,AMPICILLIN,POINTP,WP_000843414.1,transcriptional regulator MarR,100.00,97.92,,,Annotation|https://ftp.ebi.ac.uk/pub/databases/amr_portal/genomes/GCA/024/165/GCA_024165425.1,1.5.0,Fast,2019,,,urine,urinary tract,38.97,-77.03,,no,NCBI_antibiogram,United States of America,Americas,Northern America
ampicillin,susceptible,<= 4 mg/L,SAMN26304974,GCA_024165505.1,Escherichia,Escherichia coli,Escherichia coli,562,698722,Homo sapiens,SRS15339775,broth dilution,BD Phoenix,CLSI,ARO_3000637|https://www.ebi.ac.uk/ols4/ontologies/aro/classes/http%253A%252F%252Fpurl.obolibrary.org%252Fobo%252FARO_3000637,JAKWKV010000021.1,36503,36937,+,GCA_024165505.1_02229,marR,marR_S3N,AMR,POINT,MULTIDRUG,AMPICILLIN/CHLORAMPHENICOL/QUINOLONE/RIFAMPIN/TETRACYCLINE,AMPICILLIN,POINTP,WP_000843414.1,transcriptional regulator MarR,100.00,97.92,,,Annotation|https://ftp.ebi.ac.uk/pub/databases/amr_portal/genomes/GCA/024/165/GCA_024165505.1,1.5.0,Fast,2019,,,urine,urinary tract,38.97,-77.03,,no,NCBI_antibiogram,United States of America,Americas,Northern America
ampicillin,susceptible,<= 4 mg/L,SAMN26308626,GCA_024165565.1,Escherichia,Escherichia coli,Escherichia coli,562,837572,Homo sapiens,SRS15359891,broth dilution,BD Phoenix,CLSI,ARO_3000637|https://www.ebi.ac.uk/ols4/ontologies/aro/classes/http%253A%252F%252Fpurl.obolibrary.org%252Fobo%252FARO_3000637,JAKWKY010000022.1,17486,17920,+,GCA_024165565.1_01904,marR,marR_S3N,AMR,POINT,MULTIDRUG,AMPICILLIN/CHLORAMPHENICOL/QUINOLONE/RIFAMPIN/TETRACYCLINE,AMPICILLIN,POINTP,WP_000843414.1,transcriptional regulator MarR,100.00,97.92,,,Annotation|https://ftp.ebi.ac.uk/pub/databases/amr_portal/genomes/GCA/024/165/GCA_024165565.1,1.5.0,Fast,2020,,,urine,urinary tract,38.97,-77.03,,no,NCBI_antibiogram,United States of America,Americas,Northern America
ampicillin,resistant,> 16 mg/L,SAMN26309211,GCA_024165345.1,Escherichia,Escherichia coli,Escherichia coli,562,698554,Homo sapiens,SRS15339692,broth dilution,BD Phoenix,CLSI,ARO_3000637|https://www.ebi.ac.uk/ols4/ontologies/aro/classes/http%253A%252F%252Fpurl.obolibrary.org%252Fobo%252FARO_3000637,JAKWKS010000011.1,9403,9837,-,GCA_024165345.1_01116,marR,marR_S3N,AMR,POINT,MULTIDRUG,AMPICILLIN/CHLORAMPHENICOL/QUINOLONE/RIFAMPIN/TETRACYCLINE,AMPICILLIN,POINTP,WP_000843414.1,transcriptional regulator MarR,100.00,97.92,,,Annotation|https://ftp.ebi.ac.uk/pub/databases/amr_portal/genomes/GCA/024/165/GCA_024165345.1,1.5.0,Fast,2019,,,urine,urinary tract,38.97,-77.03,,no,NCBI_antibiogram,United States of America,Americas,Northern America
ampicillin,resistant,> 16 mg/L,SAMN26305255,GCA_024165865.1,Escherichia,Escherichia coli,Escherichia coli,562,822748,Homo sapiens,SRS15358714,broth dilution,BD Phoenix,CLSI,ARO_3000637|https://www.ebi.ac.uk/ols4/ontologies/aro/classes/http%253A%252F%252Fpurl.obolibrary.org%252Fobo%252FARO_3000637,JAKWLM010000017.1,70132,70566,-,GCA_024165865.1_02621,marR,marR_S3N,AMR,POINT,MULTIDRUG,AMPICILLIN/CHLORAMPHENICOL/QUINOLONE/RIFAMPIN/TETRACYCLINE,AMPICILLIN,POINTP,WP_000843414.1,transcriptional regulator MarR,100.00,97.92,,,Annotation|https://ftp.ebi.ac.uk/pub/databases/amr_portal/genomes/GCA/024/165/GCA_024165865.1,1.5.0,Fast,2020,,,urine,urinary tract,38.97,-77.03,,no,NCBI_antibiogram,United States of America,Americas,Northern America
ampicillin,resistant,> 16 mg/L,SAMN26309212,GCA_024165785.1,Escherichia,Escherichia coli,Escherichia coli,562,698772,Homo sapiens,SRS15339780,broth dilution,BD Phoenix,CLSI,ARO_3000637|https://www.ebi.ac.uk/ols4/ontologies/aro/classes/http%253A%252F%252Fpurl.obolibrary.org%252Fobo%252FARO_3000637,JAKWLJ010000001.1,27409,27843,+,GCA_024165785.1_00027,marR,marR_S3N,AMR,POINT,MULTIDRUG,AMPICILLIN/CHLORAMPHENICOL/QUINOLONE/RIFAMPIN/TETRACYCLINE,AMPICILLIN,POINTP,WP_000843414.1,transcriptional regulator MarR,100.00,97.92,,,Annotation|https://ftp.ebi.ac.uk/pub/databases/amr_portal/genomes/GCA/024/165/GCA_024165785.1,1.5.0,Fast,2019,,,wound,skin or soft tissue,38.97,-77.03,,no,NCBI_antibiogram,United States of America,Americas,Northern America
ampicillin,susceptible,<= 4 mg/L,SAMN26304723,GCA_024165805.1,Escherichia,Escherichia coli,Escherichia coli,562,781835,Homo sapiens,SRS15357507,broth dilution,BD Phoenix,CLSI,ARO_3000637|https://www.ebi.ac.uk/ols4/ontologies/aro/classes/http%253A%252F%252Fpurl.obolibrary.org%252Fobo%252FARO_3000637,JAKWLK010000012.1,36771,37205,+,GCA_024165805.1_01247,marR,marR_S3N,AMR,POINT,MULTIDRUG,AMPICILLIN/CHLORAMPHENICOL/QUINOLONE/RIFAMPIN/TETRACYCLINE,AMPICILLIN,POINTP,WP_000843414.1,transcriptional regulator MarR,100.00,97.92,,,Annotation|https://ftp.ebi.ac.uk/pub/databases/amr_portal/genomes/GCA/024/165/GCA_024165805.1,1.5.0,Fast,2020,,,urine,urinary tract,38.97,-77.03,,no,NCBI_antibiogram,United States of America,Americas,Northern America
ampicillin,susceptible,<= 4 mg/L,SAMN26305121,GCA_024165925.1,Escherichia,Escherichia coli,Escherichia coli,562,734991,Homo sapiens,SRS15348328,broth dilution,BD Phoenix,CLSI,ARO_3000637|https://www.ebi.ac.uk/ols4/ontologies/aro/classes/http%253A%252F%252Fpurl.obolibrary.org%252Fobo%252FARO_3000637,JAKWLP010000016.1,13231,13665,+,GCA_024165925.1_01546,marR,marR_S3N,AMR,POINT,MULTIDRUG,AMPICILLIN/CHLORAMPHENICOL/QUINOLONE/RIFAMPIN/TETRACYCLINE,AMPICILLIN,POINTP,WP_000843414.1,transcriptional regulator MarR,100.00,97.92,,,Annotation|https://ftp.ebi.ac.uk/pub/databases/amr_portal/genomes/GCA/024/165/GCA_024165925.1,1.5.0,Fast,2019,,,urine,urinary tract,38.97,-77.03,,no,NCBI_antibiogram,United States of America,Americas,Northern America
ampicillin,susceptible,<= 4 mg/L,SAMN26305054,GCA_024165265.1,Escherichia,Escherichia coli,Escherichia coli,562,822798,Homo sapiens,SRS15359881,broth dilution,BD Phoenix,CLSI,ARO_3000637|https://www.ebi.ac.uk/ols4/ontologies/aro/classes/http%253A%252F%252Fpurl.obolibrary.org%252Fobo%252FARO_3000637,JAKWKO010000035.1,75885,76319,-,GCA_024165265.1_03844,marR,marR_S3N,AMR,POINT,MULTIDRUG,AMPICILLIN/CHLORAMPHENICOL/QUINOLONE/RIFAMPIN/TETRACYCLINE,AMPICILLIN,POINTP,WP_000843414.1,transcriptional regulator MarR,100.00,97.92,,,Annotation|https://ftp.ebi.ac.uk/pub/databases/amr_portal/genomes/GCA/024/165/GCA_024165265.1,1.5.0,Fast,2020,,,urine,urinary tract,38.97,-77.03,,no,NCBI_antibiogram,United States of America,Americas,Northern America
ampicillin,susceptible,<= 4 mg/L,SAMN26309192,GCA_024165525.1,Escherichia,Escherichia coli,Escherichia coli,562,837888,Homo sapiens,SRS15360040,broth dilution,BD Phoenix,CLSI,ARO_3000637|https://www.ebi.ac.uk/ols4/ontologies/aro/classes/http%253A%252F%252Fpurl.obolibrary.org%252Fobo%252FARO_3000637,JAKWKW010000021.1,11039,11473,+,GCA_024165525.1_01654,marR,marR_S3N,AMR,POINT,MULTIDRUG,AMPICILLIN/CHLORAMPHENICOL/QUINOLONE/RIFAMPIN/TETRACYCLINE,AMPICILLIN,POINTP,WP_000843414.1,transcriptional regulator MarR,100.00,97.92,,,Annotation|https://ftp.ebi.ac.uk/pub/databases/amr_portal/genomes/GCA/024/165/GCA_024165525.1,1.5.0,Fast,2020,,,urine,urinary tract,38.97,-77.03,,no,NCBI_antibiogram,United States of America,Americas,Northern America
ampicillin,susceptible,<= 4 mg/L,SAMN26309084,GCA_024165085.1,Escherichia,Escherichia coli,Escherichia coli,562,699200,Homo sapiens,SRS15339868,broth dilution,BD Phoenix,CLSI,ARO_3000637|https://www.ebi.ac.uk/ols4/ontologies/aro/classes/http%253A%252F%252Fpurl.obolibrary.org%252Fobo%252FARO_3000637,JAKWKJ010000012.1,13248,13682,+,GCA_024165085.1_00647,marR,marR_S3N,AMR,POINT,MULTIDRUG,AMPICILLIN/CHLORAMPHENICOL/QUINOLONE/RIFAMPIN/TETRACYCLINE,AMPICILLIN,POINTP,WP_000843414.1,transcriptional regulator MarR,100.00,97.92,,,Annotation|https://ftp.ebi.ac.uk/pub/databases/amr_portal/genomes/GCA/024/165/GCA_024165085.1,1.5.0,Fast,2019,,,urine,urinary tract,38.97,-77.03,,no,NCBI_antibiogram,United States of America,Americas,Northern America
ampicillin,susceptible,<= 4 mg/L,SAMN26304740,GCA_024165745.1,Escherichia,Escherichia coli,Escherichia coli,562,767079,Homo sapiens,SRS15355519,broth dilution,BD Phoenix,CLSI,ARO_3000637|https://www.ebi.ac.uk/ols4/ontologies/aro/classes/http%253A%252F%252Fpurl.obolibrary.org%252Fobo%252FARO_3000637,JAKWLH010000002.1,36267,36701,+,GCA_024165745.1_00572,marR,marR_S3N,AMR,POINT,MULTIDRUG,AMPICILLIN/CHLORAMPHENICOL/QUINOLONE/RIFAMPIN/TETRACYCLINE,AMPICILLIN,POINTP,WP_000843414.1,transcriptional regulator MarR,100.00,97.92,,,Annotation|https://ftp.ebi.ac.uk/pub/databases/amr_portal/genomes/GCA/024/165/GCA_024165745.1,1.5.0,Fast,2020,,,urine,urinary tract,38.97,-77.03,,no,NCBI_antibiogram,United States of America,Americas,Northern America
ampicillin,susceptible,<= 4 mg/L,SAMN26304836,GCA_024165765.1,Escherichia,Escherichia coli,Escherichia coli,562,772669,Homo sapiens,SRS15357571,broth dilution,BD Phoenix,CLSI,ARO_3000637|https://www.ebi.ac.uk/ols4/ontologies/aro/classes/http%253A%252F%252Fpurl.obolibrary.org%252Fobo%252FARO_3000637,JAKWLI010000007.1,73883,74317,-,GCA_024165765.1_01207,marR,marR_S3N,AMR,POINT,MULTIDRUG,AMPICILLIN/CHLORAMPHENICOL/QUINOLONE/RIFAMPIN/TETRACYCLINE,AMPICILLIN,POINTP,WP_000843414.1,transcriptional regulator MarR,100.00,97.92,,,Annotation|https://ftp.ebi.ac.uk/pub/databases/amr_portal/genomes/GCA/024/165/GCA_024165765.1,1.5.0,Fast,2020,,,urine,urinary tract,38.97,-77.03,,no,NCBI_antibiogram,United States of America,Americas,Northern America
ampicillin,susceptible,<= 4 mg/L,SAMN26304608,GCA_024165325.1,Escherichia,Escherichia coli,Escherichia coli,562,699074,Homo sapiens,SRS15339853,broth dilution,BD Phoenix,CLSI,ARO_3000637|https://www.ebi.ac.uk/ols4/ontologies/aro/classes/http%253A%252F%252Fpurl.obolibrary.org%252Fobo%252FARO_3000637,JAKWKP010000020.1,72603,73037,-,GCA_024165325.1_01830,marR,marR_S3N,AMR,POINT,MULTIDRUG,AMPICILLIN/CHLORAMPHENICOL/QUINOLONE/RIFAMPIN/TETRACYCLINE,AMPICILLIN,POINTP,WP_000843414.1,transcriptional regulator MarR,100.00,97.92,,,Annotation|https://ftp.ebi.ac.uk/pub/databases/amr_portal/genomes/GCA/024/165/GCA_024165325.1,1.5.0,Fast,2019,,,urine,urinary tract,38.97,-77.03,,no,NCBI_antibiogram,United States of America,Americas,Northern America
ampicillin,resistant,> 16 mg/L,SAMN26304903,GCA_024166125.1,Escherichia,Escherichia coli,Escherichia coli,562,837926,Homo sapiens,SRS15360045,broth dilution,BD Phoenix,CLSI,ARO_3000637|https://www.ebi.ac.uk/ols4/ontologies/aro/classes/http%253A%252F%252Fpurl.obolibrary.org%252Fobo%252FARO_3000637,JAKWTC010000015.1,72617,73051,-,GCA_024166125.1_01857,marR,marR_S3N,AMR,POINT,MULTIDRUG,AMPICILLIN/CHLORAMPHENICOL/QUINOLONE/RIFAMPIN/TETRACYCLINE,AMPICILLIN,POINTP,WP_000843414.1,transcriptional regulator MarR,100.00,97.92,,,Annotation|https://ftp.ebi.ac.uk/pub/databases/amr_portal/genomes/GCA/024/166/GCA_024166125.1,1.5.0,Fast,2020,,,perirectal,skin or soft tissue,38.97,-77.03,,no,NCBI_antibiogram,United States of America,Americas,Northern America
ampicillin,susceptible,<= 4 mg/L,SAMN26308589,GCA_024166045.1,Escherichia,Escherichia coli,Escherichia coli,562,767133,Homo sapiens,SRS15355526,broth dilution,BD Phoenix,CLSI,ARO_3000637|https://www.ebi.ac.uk/ols4/ontologies/aro/classes/http%253A%252F%252Fpurl.obolibrary.org%252Fobo%252FARO_3000637,JAKWSX010000010.1,36771,37205,+,GCA_024166045.1_01358,marR,marR_S3N,AMR,POINT,MULTIDRUG,AMPICILLIN/CHLORAMPHENICOL/QUINOLONE/RIFAMPIN/TETRACYCLINE,AMPICILLIN,POINTP,WP_000843414.1,transcriptional regulator MarR,100.00,97.92,,,Annotation|https://ftp.ebi.ac.uk/pub/databases/amr_portal/genomes/GCA/024/166/GCA_024166045.1,1.5.0,Fast,2020,,,urine,urinary tract,38.97,-77.03,,no,NCBI_antibiogram,United States of America,Americas,Northern America
ampicillin,susceptible,<= 4 mg/L,SAMN26304972,GCA_024166205.1,Escherichia,Escherichia coli,Escherichia coli,562,767213,Homo sapiens,SRS15355567,broth dilution,BD Phoenix,CLSI,ARO_3000637|https://www.ebi.ac.uk/ols4/ontologies/aro/classes/http%253A%252F%252Fpurl.obolibrary.org%252Fobo%252FARO_3000637,JAKWTF010000004.1,17858,18292,+,GCA_024166205.1_00557,marR,marR_S3N,AMR,POINT,MULTIDRUG,AMPICILLIN/CHLORAMPHENICOL/QUINOLONE/RIFAMPIN/TETRACYCLINE,AMPICILLIN,POINTP,WP_000843414.1,transcriptional regulator MarR,100.00,97.92,,,Annotation|https://ftp.ebi.ac.uk/pub/databases/amr_portal/genomes/GCA/024/166/GCA_024166205.1,1.5.0,Fast,2020,,,urine,urinary tract,38.97,-77.03,,no,NCBI_antibiogram,United States of America,Americas,Northern America
ampicillin,susceptible,<= 4 mg/L,SAMN26304524,GCA_024166025.1,Escherichia,Escherichia coli,Escherichia coli,562,781595,Homo sapiens,SRS15357481,broth dilution,BD Phoenix,CLSI,ARO_3000637|https://www.ebi.ac.uk/ols4/ontologies/aro/classes/http%253A%252F%252Fpurl.obolibrary.org%252Fobo%252FARO_3000637,JAKWSW010000014.1,231224,231658,-,GCA_024166025.1_01171,marR,marR_S3N,AMR,POINT,MULTIDRUG,AMPICILLIN/CHLORAMPHENICOL/QUINOLONE/RIFAMPIN/TETRACYCLINE,AMPICILLIN,POINTP,WP_000843414.1,transcriptional regulator MarR,100.00,97.92,,,Annotation|https://ftp.ebi.ac.uk/pub/databases/amr_portal/genomes/GCA/024/166/GCA_024166025.1,1.5.0,Fast,2020,,,urine,urinary tract,38.97,-77.03,,no,NCBI_antibiogram,United States of America,Americas,Northern America
ampicillin,susceptible,<= 4 mg/L,SAMN26309236,GCA_024166285.1,Escherichia,Escherichia coli,Escherichia coli,562,767003,Homo sapiens,SRS15355511,broth dilution,BD Phoenix,CLSI,ARO_3000637|https://www.ebi.ac.uk/ols4/ontologies/aro/classes/http%253A%252F%252Fpurl.obolibrary.org%252Fobo%252FARO_3000637,JAKWTK010000022.1,9403,9837,-,GCA_024166285.1_01830,marR,marR_S3N,AMR,POINT,MULTIDRUG,AMPICILLIN/CHLORAMPHENICOL/QUINOLONE/RIFAMPIN/TETRACYCLINE,AMPICILLIN,POINTP,WP_000843414.1,transcriptional regulator MarR,100.00,97.92,,,Annotation|https://ftp.ebi.ac.uk/pub/databases/amr_portal/genomes/GCA/024/166/GCA_024166285.1,1.5.0,Fast,2020,,,urine,urinary tract,38.97,-77.03,,no,NCBI_antibiogram,United States of America,Americas,Northern America
ampicillin,resistant,> 16 mg/L,SAMN26309136,GCA_024166065.1,Escherichia,Escherichia coli,Escherichia coli,562,806282,Homo sapiens,SRS15358533,broth dilution,BD Phoenix,CLSI,ARO_3000637|https://www.ebi.ac.uk/ols4/ontologies/aro/classes/http%253A%252F%252Fpurl.obolibrary.org%252Fobo%252FARO_3000637,JAKWSY010000025.1,17433,17867,+,GCA_024166065.1_02590,marR,marR_S3N,AMR,POINT,MULTIDRUG,AMPICILLIN/CHLORAMPHENICOL/QUINOLONE/RIFAMPIN/TETRACYCLINE,AMPICILLIN,POINTP,WP_000843414.1,transcriptional regulator MarR,100.00,97.92,,,Annotation|https://ftp.ebi.ac.uk/pub/databases/amr_portal/genomes/GCA/024/166/GCA_024166065.1,1.5.0,Fast,2020,,,urine,urinary tract,38.97,-77.03,,no,NCBI_antibiogram,United States of America,Americas,Northern America
ampicillin,susceptible,<= 4 mg/L,SAMN26305223,GCA_024166265.1,Escherichia,Escherichia coli,Escherichia coli,562,698714,Homo sapiens,SRS15339774,broth dilution,BD Phoenix,CLSI,ARO_3000637|https://www.ebi.ac.uk/ols4/ontologies/aro/classes/http%253A%252F%252Fpurl.obolibrary.org%252Fobo%252FARO_3000637,JAKWTH010000020.1,72616,73050,-,GCA_024166265.1_01630,marR,marR_S3N,AMR,POINT,MULTIDRUG,AMPICILLIN/CHLORAMPHENICOL/QUINOLONE/RIFAMPIN/TETRACYCLINE,AMPICILLIN,POINTP,WP_000843414.1,transcriptional regulator MarR,100.00,97.92,,,Annotation|https://ftp.ebi.ac.uk/pub/databases/amr_portal/genomes/GCA/024/166/GCA_024166265.1,1.5.0,Fast,2019,,,urine,urinary tract,38.97,-77.03,,no,NCBI_antibiogram,United States of America,Americas,Northern America
ampicillin,susceptible,<= 4 mg/L,SAMN26305269,GCA_024166185.1,Escherichia,Escherichia coli,Escherichia coli,562,822974,Homo sapiens,SRS15359938,broth dilution,BD Phoenix,CLSI,ARO_3000637|https://www.ebi.ac.uk/ols4/ontologies/aro/classes/http%253A%252F%252Fpurl.obolibrary.org%252Fobo%252FARO_3000637,JAKWTE010000010.1,72616,73050,-,GCA_024166185.1_01836,marR,marR_S3N,AMR,POINT,MULTIDRUG,AMPICILLIN/CHLORAMPHENICOL/QUINOLONE/RIFAMPIN/TETRACYCLINE,AMPICILLIN,POINTP,WP_000843414.1,transcriptional regulator MarR,100.00,97.92,,,Annotation|https://ftp.ebi.ac.uk/pub/databases/amr_portal/genomes/GCA/024/166/GCA_024166185.1,1.5.0,Fast,2020,,,urine,urinary tract,38.97,-77.03,,no,NCBI_antibiogram,United States of America,Americas,Northern America
ampicillin,susceptible,<= 4 mg/L,SAMN26304366,GCA_024166305.1,Escherichia,Escherichia coli,Escherichia coli,562,698520,Homo sapiens,SRS15339689,broth dilution,BD Phoenix,CLSI,ARO_3000637|https://www.ebi.ac.uk/ols4/ontologies/aro/classes/http%253A%252F%252Fpurl.obolibrary.org%252Fobo%252FARO_3000637,JAKWTL010000051.1,36770,37204,+,GCA_024166305.1_04242,marR,marR_S3N,AMR,POINT,MULTIDRUG,AMPICILLIN/CHLORAMPHENICOL/QUINOLONE/RIFAMPIN/TETRACYCLINE,AMPICILLIN,POINTP,WP_000843414.1,transcriptional regulator MarR,100.00,97.92,,,Annotation|https://ftp.ebi.ac.uk/pub/databases/amr_portal/genomes/GCA/024/166/GCA_024166305.1,1.5.0,Fast,2019,,,urine,urinary tract,38.97,-77.03,,no,NCBI_antibiogram,United States of America,Americas,Northern America
ampicillin,susceptible,== 2 mg/L,SAMN12990648,GCA_012006685.1,Escherichia,Escherichia coli,Escherichia coli,562,CVM N19EC0523,other (non-clinical isolate),SRS5755994,broth dilution,Sensititre,,ARO_3000637|https://www.ebi.ac.uk/ols4/ontologies/aro/classes/http%253A%252F%252Fpurl.obolibrary.org%252Fobo%252FARO_3000637,AARKNL010000002.1,327405,327839,-,GCA_012006685.1_00784,marR,marR_S3N,AMR,POINT,MULTIDRUG,AMPICILLIN/CHLORAMPHENICOL/QUINOLONE/RIFAMPIN/TETRACYCLINE,AMPICILLIN,POINTP,WP_000843414.1,transcriptional regulator MarR,100.00,97.92,,,Annotation|https://ftp.ebi.ac.uk/pub/databases/amr_portal/genomes/GCA/012/006/GCA_012006685.1,1.6.0,Full,2019,,,chicken thighs,,,,,no,NCBI_antibiogram;NDARO,United States of America,Americas,Northern America
ampicillin,susceptible,<= 2 mg/L,SAMN13024611,GCA_012874355.1,Escherichia,Escherichia coli,Escherichia coli,562,,Homo sapiens,SRS5535938,broth dilution,BD Phoenix,EUCAST,ARO_3000637|https://www.ebi.ac.uk/ols4/ontologies/aro/classes/http%253A%252F%252Fpurl.obolibrary.org%252Fobo%252FARO_3000637,DABFBL010000017.1,72647,73081,-,GCA_012874355.1_02984,marR,marR_S3N,AMR,POINT,MULTIDRUG,AMPICILLIN/CHLORAMPHENICOL/QUINOLONE/RIFAMPIN/TETRACYCLINE,AMPICILLIN,POINTP,WP_000843414.1,transcriptional regulator MarR,100.00,97.92,,,Annotation|https://ftp.ebi.ac.uk/pub/databases/amr_portal/genomes/GCA/012/874/GCA_012874355.1,1.5.0,Fast,2015,,,,,,,32205351,no,PATRIC;CABBAGE_PubMed_data,United Kingdom of Great Britain and Northern Ireland,Europe,Northern Europe
ampicillin,susceptible,<= 2 mg/L,SAMN13024386,GCA_012874155.1,Escherichia,Escherichia coli,Escherichia coli,562,,Homo sapiens,SRS5535887,broth dilution,BD Phoenix,EUCAST,ARO_3000637|https://www.ebi.ac.uk/ols4/ontologies/aro/classes/http%253A%252F%252Fpurl.obolibrary.org%252Fobo%252FARO_3000637,DABFCI010000019.1,60712,61146,+,GCA_012874155.1_04182,marR,marR_S3N,AMR,POINT,MULTIDRUG,AMPICILLIN/CHLORAMPHENICOL/QUINOLONE/RIFAMPIN/TETRACYCLINE,AMPICILLIN,POINTP,WP_000843414.1,transcriptional regulator MarR,100.00,97.92,,,Annotation|https://ftp.ebi.ac.uk/pub/databases/amr_portal/genomes/GCA/012/874/GCA_012874155.1,1.5.0,Fast,2014,,,,,,,32205351,no,PATRIC;CABBAGE_PubMed_data,United Kingdom of Great Britain and Northern Ireland,Europe,Northern Europe
ampicillin,susceptible,<= 2 mg/L,SAMN13024391,GCA_012874895.1,Escherichia,Escherichia coli,Escherichia coli,562,,Homo sapiens,SRS5535882,broth dilution,BD Phoenix,EUCAST,ARO_3000637|https://www.ebi.ac.uk/ols4/ontologies/aro/classes/http%253A%252F%252Fpurl.obolibrary.org%252Fobo%252FARO_3000637,DABFCD010000015.1,72616,73050,-,GCA_012874895.1_03931,marR,marR_S3N,AMR,POINT,MULTIDRUG,AMPICILLIN/CHLORAMPHENICOL/QUINOLONE/RIFAMPIN/TETRACYCLINE,AMPICILLIN,POINTP,WP_000843414.1,transcriptional regulator MarR,100.00,97.92,,,Annotation|https://ftp.ebi.ac.uk/pub/databases/amr_portal/genomes/GCA/012/874/GCA_012874895.1,1.5.0,Fast,2014,,,,,,,32205351,no,PATRIC;CABBAGE_PubMed_data,United Kingdom of Great Britain and Northern Ireland,Europe,Northern Europe
ampicillin,susceptible,<= 2 mg/L,SAMN13024383,GCA_012874315.1,Escherichia,Escherichia coli,Escherichia coli,562,,Homo sapiens,SRS5535890,broth dilution,BD Phoenix,EUCAST,ARO_3000637|https://www.ebi.ac.uk/ols4/ontologies/aro/classes/http%253A%252F%252Fpurl.obolibrary.org%252Fobo%252FARO_3000637,DABFCN010000024.1,36696,37130,+,GCA_012874315.1_04195,marR,marR_S3N,AMR,POINT,MULTIDRUG,AMPICILLIN/CHLORAMPHENICOL/QUINOLONE/RIFAMPIN/TETRACYCLINE,AMPICILLIN,POINTP,WP_000843414.1,transcriptional regulator MarR,100.00,97.92,,,Annotation|https://ftp.ebi.ac.uk/pub/databases/amr_portal/genomes/GCA/012/874/GCA_012874315.1,1.5.0,Fast,2013,,,,,,,32205351,no,PATRIC;CABBAGE_PubMed_data,United Kingdom of Great Britain and Northern Ireland,Europe,Northern Europe
ampicillin,susceptible,<= 2 mg/L,SAMN13024401,GCA_012874735.1,Escherichia,Escherichia coli,Escherichia coli,562,,Homo sapiens,SRS5535872,broth dilution,BD Phoenix,EUCAST,ARO_3000637|https://www.ebi.ac.uk/ols4/ontologies/aro/classes/http%253A%252F%252Fpurl.obolibrary.org%252Fobo%252FARO_3000637,DABFBU010000007.1,231219,231653,-,GCA_012874735.1_02005,marR,marR_S3N,AMR,POINT,MULTIDRUG,AMPICILLIN/CHLORAMPHENICOL/QUINOLONE/RIFAMPIN/TETRACYCLINE,AMPICILLIN,POINTP,WP_000843414.1,transcriptional regulator MarR,100.00,97.92,,,Annotation|https://ftp.ebi.ac.uk/pub/databases/amr_portal/genomes/GCA/012/874/GCA_012874735.1,1.5.0,Fast,2014,,,,,,,32205351,no,PATRIC;CABBAGE_PubMed_data,United Kingdom of Great Britain and Northern Ireland,Europe,Northern Europe
ampicillin,susceptible,<= 2 mg/L,SAMN13024388,GCA_012874215.1,Escherichia,Escherichia coli,Escherichia coli,562,,Homo sapiens,SRS5535885,broth dilution,BD Phoenix,EUCAST,ARO_3000637|https://www.ebi.ac.uk/ols4/ontologies/aro/classes/http%253A%252F%252Fpurl.obolibrary.org%252Fobo%252FARO_3000637,DABFCK010000016.1,36765,37199,+,GCA_012874215.1_02989,marR,marR_S3N,AMR,POINT,MULTIDRUG,AMPICILLIN/CHLORAMPHENICOL/QUINOLONE/RIFAMPIN/TETRACYCLINE,AMPICILLIN,POINTP,WP_000843414.1,transcriptional regulator MarR,100.00,97.92,,,Annotation|https://ftp.ebi.ac.uk/pub/databases/amr_portal/genomes/GCA/012/874/GCA_012874215.1,1.5.0,Fast,2015,,,,,,,32205351,no,PATRIC;CABBAGE_PubMed_data,United Kingdom of Great Britain and Northern Ireland,Europe,Northern Europe
ampicillin,resistant,> 8 mg/L,SAMN13024098,GCA_012874175.1,Escherichia,Escherichia coli,Escherichia coli,562,,Homo sapiens,SRS5536437,broth dilution,BD Phoenix,EUCAST,ARO_3000637|https://www.ebi.ac.uk/ols4/ontologies/aro/classes/http%253A%252F%252Fpurl.obolibrary.org%252Fobo%252FARO_3000637,DABFBE010000020.1,72616,73050,-,GCA_012874175.1_04085,marR,marR_S3N,AMR,POINT,MULTIDRUG,AMPICILLIN/CHLORAMPHENICOL/QUINOLONE/RIFAMPIN/TETRACYCLINE,AMPICILLIN,POINTP,WP_000843414.1,transcriptional regulator MarR,100.00,97.92,,,Annotation|https://ftp.ebi.ac.uk/pub/databases/amr_portal/genomes/GCA/012/874/GCA_012874175.1,1.5.0,Fast,2013,,,,,,,32205351,no,PATRIC;CABBAGE_PubMed_data,United Kingdom of Great Britain and Northern Ireland,Europe,Northern Europe
ampicillin,resistant,> 8 mg/L,SAMN13024396,GCA_012874875.1,Escherichia,Escherichia coli,Escherichia coli,562,,Homo sapiens,SRS5535877,broth dilution,BD Phoenix,EUCAST,ARO_3000637|https://www.ebi.ac.uk/ols4/ontologies/aro/classes/http%253A%252F%252Fpurl.obolibrary.org%252Fobo%252FARO_3000637,DABFBX010000012.1,68955,69389,+,GCA_012874875.1_03700,marR,marR_S3N,AMR,POINT,MULTIDRUG,AMPICILLIN/CHLORAMPHENICOL/QUINOLONE/RIFAMPIN/TETRACYCLINE,AMPICILLIN,POINTP,WP_000843414.1,transcriptional regulator MarR,100.00,97.92,,,Annotation|https://ftp.ebi.ac.uk/pub/databases/amr_portal/genomes/GCA/012/874/GCA_012874875.1,1.5.0,Fast,2014,,,,,,,32205351,no,PATRIC;CABBAGE_PubMed_data,United Kingdom of Great Britain and Northern Ireland,Europe,Northern Europe
ampicillin,resistant,> 8 mg/L,SAMN13024395,GCA_012874995.1,Escherichia,Escherichia coli,Escherichia coli,562,,Homo sapiens,SRS5535878,broth dilution,BD Phoenix,EUCAST,ARO_3000637|https://www.ebi.ac.uk/ols4/ontologies/aro/classes/http%253A%252F%252Fpurl.obolibrary.org%252Fobo%252FARO_3000637,DABFBZ010000018.1,72616,73050,-,GCA_012874995.1_04390,marR,marR_S3N,AMR,POINT,MULTIDRUG,AMPICILLIN/CHLORAMPHENICOL/QUINOLONE/RIFAMPIN/TETRACYCLINE,AMPICILLIN,POINTP,WP_000843414.1,transcriptional regulator MarR,100.00,97.92,,,Annotation|https://ftp.ebi.ac.uk/pub/databases/amr_portal/genomes/GCA/012/874/GCA_012874995.1,1.5.0,Fast,2013,,,,,,,32205351,no,PATRIC;CABBAGE_PubMed_data,United Kingdom of Great Britain and Northern Ireland,Europe,Northern Europe
ampicillin,susceptible,<= 2 mg/L,SAMN13024604,GCA_012874575.1,Escherichia,Escherichia coli,Escherichia coli,562,,Homo sapiens,SRS5535865,broth dilution,BD Phoenix,EUCAST,ARO_3000637|https://www.ebi.ac.uk/ols4/ontologies/aro/classes/http%253A%252F%252Fpurl.obolibrary.org%252Fobo%252FARO_3000637,DABFBP010000006.1,104381,104815,-,GCA_012874575.1_01529,marR,marR_S3N,AMR,POINT,MULTIDRUG,AMPICILLIN/CHLORAMPHENICOL/QUINOLONE/RIFAMPIN/TETRACYCLINE,AMPICILLIN,POINTP,WP_000843414.1,transcriptional regulator MarR,100.00,97.92,,,Annotation|https://ftp.ebi.ac.uk/pub/databases/amr_portal/genomes/GCA/012/874/GCA_012874575.1,1.5.0,Fast,2015,,,,,,,32205351,no,PATRIC;CABBAGE_PubMed_data,United Kingdom of Great Britain and Northern Ireland,Europe,Northern Europe
ampicillin,susceptible,== 2 mg/L,SAMN12784150,GCA_012453765.1,Escherichia,Escherichia coli,Escherichia coli,562,19SD07GT10-EC,other (non-clinical isolate),SRS5405748,broth dilution,Sensititre,,ARO_3000637|https://www.ebi.ac.uk/ols4/ontologies/aro/classes/http%253A%252F%252Fpurl.obolibrary.org%252Fobo%252FARO_3000637,AASOBG010000009.1,115499,115933,-,GCA_012453765.1_01528,marR,marR_S3N,AMR,POINT,MULTIDRUG,AMPICILLIN/CHLORAMPHENICOL/QUINOLONE/RIFAMPIN/TETRACYCLINE,AMPICILLIN,POINTP,WP_000843414.1,transcriptional regulator MarR,100.00,97.92,,,Annotation|https://ftp.ebi.ac.uk/pub/databases/amr_portal/genomes/GCA/012/453/GCA_012453765.1,1.6.0,Full,2019,,,ground turkey,,,,,no,NCBI_antibiogram;NDARO,United States of America,Americas,Northern America
ampicillin,susceptible,<= 2 mg/L,SAMN13024672,GCA_012866915.1,Escherichia,Escherichia coli,Escherichia coli,562,,Homo sapiens,SRS5536080,broth dilution,BD Phoenix,EUCAST,ARO_3000637|https://www.ebi.ac.uk/ols4/ontologies/aro/classes/http%253A%252F%252Fpurl.obolibrary.org%252Fobo%252FARO_3000637,DABEKY010000016.1,72616,73050,-,GCA_012866915.1_04231,marR,marR_S3N,AMR,POINT,MULTIDRUG,AMPICILLIN/CHLORAMPHENICOL/QUINOLONE/RIFAMPIN/TETRACYCLINE,AMPICILLIN,POINTP,WP_000843414.1,transcriptional regulator MarR,100.00,97.92,,,Annotation|https://ftp.ebi.ac.uk/pub/databases/amr_portal/genomes/GCA/012/866/GCA_012866915.1,1.5.0,Fast,2013,,,,,,,32205351,no,PATRIC;CABBAGE_PubMed_data,United Kingdom of Great Britain and Northern Ireland,Europe,Northern Europe
ampicillin,resistant,> 8 mg/L,SAMN13024687,GCA_012866635.1,Escherichia,Escherichia coli,Escherichia coli,562,,Homo sapiens,SRS5536065,broth dilution,BD Phoenix,EUCAST,ARO_3000637|https://www.ebi.ac.uk/ols4/ontologies/aro/classes/http%253A%252F%252Fpurl.obolibrary.org%252Fobo%252FARO_3000637,DABEKN010000017.1,36769,37203,+,GCA_012866635.1_04204,marR,marR_S3N,AMR,POINT,MULTIDRUG,AMPICILLIN/CHLORAMPHENICOL/QUINOLONE/RIFAMPIN/TETRACYCLINE,AMPICILLIN,POINTP,WP_000843414.1,transcriptional regulator MarR,100.00,97.92,,,Annotation|https://ftp.ebi.ac.uk/pub/databases/amr_portal/genomes/GCA/012/866/GCA_012866635.1,1.5.0,Fast,2014,,,,,,,32205351,no,PATRIC;CABBAGE_PubMed_data,United Kingdom of Great Britain and Northern Ireland,Europe,Northern Europe
ampicillin,susceptible,<= 2 mg/L,SAMN13024638,GCA_012866255.1,Escherichia,Escherichia coli,Escherichia coli,562,,Homo sapiens,SRS5536142,broth dilution,BD Phoenix,EUCAST,ARO_3000637|https://www.ebi.ac.uk/ols4/ontologies/aro/classes/http%253A%252F%252Fpurl.obolibrary.org%252Fobo%252FARO_3000637,DABENH010000019.1,72616,73050,-,GCA_012866255.1_04207,marR,marR_S3N,AMR,POINT,MULTIDRUG,AMPICILLIN/CHLORAMPHENICOL/QUINOLONE/RIFAMPIN/TETRACYCLINE,AMPICILLIN,POINTP,WP_000843414.1,transcriptional regulator MarR,100.00,97.92,,,Annotation|https://ftp.ebi.ac.uk/pub/databases/amr_portal/genomes/GCA/012/866/GCA_012866255.1,1.5.0,Fast,2014,,,,,,,32205351,no,PATRIC;CABBAGE_PubMed_data,United Kingdom of Great Britain and Northern Ireland,Europe,Northern Europe
ampicillin,susceptible,<= 2 mg/L,SAMN13024678,GCA_012866895.1,Escherichia,Escherichia coli,Escherichia coli,562,,Homo sapiens,SRS5536074,broth dilution,BD Phoenix,EUCAST,ARO_3000637|https://www.ebi.ac.uk/ols4/ontologies/aro/classes/http%253A%252F%252Fpurl.obolibrary.org%252Fobo%252FARO_3000637,DABEKU010000015.1,36758,37192,+,GCA_012866895.1_04270,marR,marR_S3N,AMR,POINT,MULTIDRUG,AMPICILLIN/CHLORAMPHENICOL/QUINOLONE/RIFAMPIN/TETRACYCLINE,AMPICILLIN,POINTP,WP_000843414.1,transcriptional regulator MarR,100.00,97.92,,,Annotation|https://ftp.ebi.ac.uk/pub/databases/amr_portal/genomes/GCA/012/866/GCA_012866895.1,1.5.0,Fast,2013,,,,,,,32205351,no,PATRIC;CABBAGE_PubMed_data,United Kingdom of Great Britain and Northern Ireland,Europe,Northern Europe
ampicillin,susceptible,<= 2 mg/L,SAMN13024674,GCA_012866875.1,Escherichia,Escherichia coli,Escherichia coli,562,,Homo sapiens,SRS5536078,broth dilution,BD Phoenix,EUCAST,ARO_3000637|https://www.ebi.ac.uk/ols4/ontologies/aro/classes/http%253A%252F%252Fpurl.obolibrary.org%252Fobo%252FARO_3000637,DABELB010000019.1,72616,73050,-,GCA_012866875.1_04242,marR,marR_S3N,AMR,POINT,MULTIDRUG,AMPICILLIN/CHLORAMPHENICOL/QUINOLONE/RIFAMPIN/TETRACYCLINE,AMPICILLIN,POINTP,WP_000843414.1,transcriptional regulator MarR,100.00,97.92,,,Annotation|https://ftp.ebi.ac.uk/pub/databases/amr_portal/genomes/GCA/012/866/GCA_012866875.1,1.5.0,Fast,2013,,,,,,,32205351,no,PATRIC;CABBAGE_PubMed_data,United Kingdom of Great Britain and Northern Ireland,Europe,Northern Europe
ampicillin,susceptible,<= 2 mg/L,SAMN13024682,GCA_012866795.1,Escherichia,Escherichia coli,Escherichia coli,562,,Homo sapiens,SRS5536070,broth dilution,BD Phoenix,EUCAST,ARO_3000637|https://www.ebi.ac.uk/ols4/ontologies/aro/classes/http%253A%252F%252Fpurl.obolibrary.org%252Fobo%252FARO_3000637,DABEKP010000012.1,129958,130392,+,GCA_012866795.1_03538,marR,marR_S3N,AMR,POINT,MULTIDRUG,AMPICILLIN/CHLORAMPHENICOL/QUINOLONE/RIFAMPIN/TETRACYCLINE,AMPICILLIN,POINTP,WP_000843414.1,transcriptional regulator MarR,100.00,97.92,,,Annotation|https://ftp.ebi.ac.uk/pub/databases/amr_portal/genomes/GCA/012/866/GCA_012866795.1,1.5.0,Fast,2013,,,,,,,32205351,no,PATRIC;CABBAGE_PubMed_data,United Kingdom of Great Britain and Northern Ireland,Europe,Northern Europe
ampicillin,resistant,> 8 mg/L,SAMN13024665,GCA_012866475.1,Escherichia,Escherichia coli,Escherichia coli,562,,Homo sapiens,SRS5536087,broth dilution,BD Phoenix,EUCAST,ARO_3000637|https://www.ebi.ac.uk/ols4/ontologies/aro/classes/http%253A%252F%252Fpurl.obolibrary.org%252Fobo%252FARO_3000637,DABELJ010000006.1,228207,228641,-,GCA_012866475.1_01818,marR,marR_S3N,AMR,POINT,MULTIDRUG,AMPICILLIN/CHLORAMPHENICOL/QUINOLONE/RIFAMPIN/TETRACYCLINE,AMPICILLIN,POINTP,WP_000843414.1,transcriptional regulator MarR,100.00,97.92,,,Annotation|https://ftp.ebi.ac.uk/pub/databases/amr_portal/genomes/GCA/012/866/GCA_012866475.1,1.5.0,Fast,2014,,,,,,,32205351,no,PATRIC;CABBAGE_PubMed_data,United Kingdom of Great Britain and Northern Ireland,Europe,Northern Europe
ampicillin,resistant,> 8 mg/L,SAMN13024663,GCA_012866535.1,Escherichia,Escherichia coli,Escherichia coli,562,,Homo sapiens,SRS5536089,broth dilution,BD Phoenix,EUCAST,ARO_3000637|https://www.ebi.ac.uk/ols4/ontologies/aro/classes/http%253A%252F%252Fpurl.obolibrary.org%252Fobo%252FARO_3000637,DABELK010000013.1,70072,70506,+,GCA_012866535.1_04166,marR,marR_S3N,AMR,POINT,MULTIDRUG,AMPICILLIN/CHLORAMPHENICOL/QUINOLONE/RIFAMPIN/TETRACYCLINE,AMPICILLIN,POINTP,WP_000843414.1,transcriptional regulator MarR,100.00,97.92,,,Annotation|https://ftp.ebi.ac.uk/pub/databases/amr_portal/genomes/GCA/012/866/GCA_012866535.1,1.5.0,Fast,2013,,,,,,,32205351,no,PATRIC;CABBAGE_PubMed_data,United Kingdom of Great Britain and Northern Ireland,Europe,Northern Europe
ampicillin,susceptible,<= 2 mg/L,SAMN13024679,GCA_012866735.1,Escherichia,Escherichia coli,Escherichia coli,562,,Homo sapiens,SRS5536073,broth dilution,BD Phoenix,EUCAST,ARO_3000637|https://www.ebi.ac.uk/ols4/ontologies/aro/classes/http%253A%252F%252Fpurl.obolibrary.org%252Fobo%252FARO_3000637,DABEKW010000016.1,35813,36247,+,GCA_012866735.1_02874,marR,marR_S3N,AMR,POINT,MULTIDRUG,AMPICILLIN/CHLORAMPHENICOL/QUINOLONE/RIFAMPIN/TETRACYCLINE,AMPICILLIN,POINTP,WP_000843414.1,transcriptional regulator MarR,100.00,97.92,,,Annotation|https://ftp.ebi.ac.uk/pub/databases/amr_portal/genomes/GCA/012/866/GCA_012866735.1,1.5.0,Fast,2015,,,,,,,32205351,no,PATRIC;CABBAGE_PubMed_data,United Kingdom of Great Britain and Northern Ireland,Europe,Northern Europe
ampicillin,susceptible,<= 2 mg/L,SAMN13024671,GCA_012866415.1,Escherichia,Escherichia coli,Escherichia coli,562,,Homo sapiens,SRS5536081,broth dilution,BD Phoenix,EUCAST,ARO_3000637|https://www.ebi.ac.uk/ols4/ontologies/aro/classes/http%253A%252F%252Fpurl.obolibrary.org%252Fobo%252FARO_3000637,DABELC010000023.1,37332,37766,+,GCA_012866415.1_04091,marR,marR_S3N,AMR,POINT,MULTIDRUG,AMPICILLIN/CHLORAMPHENICOL/QUINOLONE/RIFAMPIN/TETRACYCLINE,AMPICILLIN,POINTP,WP_000843414.1,transcriptional regulator MarR,100.00,97.92,,,Annotation|https://ftp.ebi.ac.uk/pub/databases/amr_portal/genomes/GCA/012/866/GCA_012866415.1,1.5.0,Fast,2013,,,,,,,32205351,no,PATRIC;CABBAGE_PubMed_data,United Kingdom of Great Britain and Northern Ireland,Europe,Northern Europe
ampicillin,resistant,> 8 mg/L,SAMN13024631,GCA_012866095.1,Escherichia,Escherichia coli,Escherichia coli,562,,Homo sapiens,SRS5536149,broth dilution,BD Phoenix,EUCAST,ARO_3000637|https://www.ebi.ac.uk/ols4/ontologies/aro/classes/http%253A%252F%252Fpurl.obolibrary.org%252Fobo%252FARO_3000637,DABENM010000019.1,36769,37203,+,GCA_012866095.1_04457,marR,marR_S3N,AMR,POINT,MULTIDRUG,AMPICILLIN/CHLORAMPHENICOL/QUINOLONE/RIFAMPIN/TETRACYCLINE,AMPICILLIN,POINTP,WP_000843414.1,transcriptional regulator MarR,100.00,97.92,,,Annotation|https://ftp.ebi.ac.uk/pub/databases/amr_portal/genomes/GCA/012/866/GCA_012866095.1,1.5.0,Fast,2014,,,,,,,32205351,no,PATRIC;CABBAGE_PubMed_data,United Kingdom of Great Britain and Northern Ireland,Europe,Northern Europe
ampicillin,susceptible,<= 2 mg/L,SAMN13024338,GCA_012866355.1,Escherichia,Escherichia coli,Escherichia coli,562,,Homo sapiens,SRS5536106,broth dilution,BD Phoenix,EUCAST,ARO_3000637|https://www.ebi.ac.uk/ols4/ontologies/aro/classes/http%253A%252F%252Fpurl.obolibrary.org%252Fobo%252FARO_3000637,DABEMF010000005.1,194005,194439,-,GCA_012866355.1_01512,marR,marR_S3N,AMR,POINT,MULTIDRUG,AMPICILLIN/CHLORAMPHENICOL/QUINOLONE/RIFAMPIN/TETRACYCLINE,AMPICILLIN,POINTP,WP_000843414.1,transcriptional regulator MarR,100.00,97.92,,,Annotation|https://ftp.ebi.ac.uk/pub/databases/amr_portal/genomes/GCA/012/866/GCA_012866355.1,1.5.0,Fast,2013,,,,,,,32205351,no,PATRIC;CABBAGE_PubMed_data,United Kingdom of Great Britain and Northern Ireland,Europe,Northern Europe
ampicillin,susceptible,<= 2 mg/L,SAMN13024634,GCA_012866175.1,Escherichia,Escherichia coli,Escherichia coli,562,,Homo sapiens,SRS5536146,broth dilution,BD Phoenix,EUCAST,ARO_3000637|https://www.ebi.ac.uk/ols4/ontologies/aro/classes/http%253A%252F%252Fpurl.obolibrary.org%252Fobo%252FARO_3000637,DABENK010000001.1,482459,482893,-,GCA_012866175.1_00465,marR,marR_S3N,AMR,POINT,MULTIDRUG,AMPICILLIN/CHLORAMPHENICOL/QUINOLONE/RIFAMPIN/TETRACYCLINE,AMPICILLIN,POINTP,WP_000843414.1,transcriptional regulator MarR,100.00,97.92,,,Annotation|https://ftp.ebi.ac.uk/pub/databases/amr_portal/genomes/GCA/012/866/GCA_012866175.1,1.5.0,Fast,2013,,,,,,,32205351,no,PATRIC;CABBAGE_PubMed_data,United Kingdom of Great Britain and Northern Ireland,Europe,Northern Europe
ampicillin,susceptible,<= 2 mg/L,SAMN13024639,GCA_012866015.1,Escherichia,Escherichia coli,Escherichia coli,562,,Homo sapiens,SRS5536141,broth dilution,BD Phoenix,EUCAST,ARO_3000637|https://www.ebi.ac.uk/ols4/ontologies/aro/classes/http%253A%252F%252Fpurl.obolibrary.org%252Fobo%252FARO_3000637,DABENF010000016.1,72616,73050,-,GCA_012866015.1_04076,marR,marR_S3N,AMR,POINT,MULTIDRUG,AMPICILLIN/CHLORAMPHENICOL/QUINOLONE/RIFAMPIN/TETRACYCLINE,AMPICILLIN,POINTP,WP_000843414.1,transcriptional regulator MarR,100.00,97.92,,,Annotation|https://ftp.ebi.ac.uk/pub/databases/amr_portal/genomes/GCA/012/866/GCA_012866015.1,1.5.0,Fast,2013,,,,,,,32205351,no,PATRIC;CABBAGE_PubMed_data,United Kingdom of Great Britain and Northern Ireland,Europe,Northern Europe
ampicillin,resistant,> 8 mg/L,SAMN13024662,GCA_012866655.1,Escherichia,Escherichia coli,Escherichia coli,562,,Homo sapiens,SRS5536090,broth dilution,BD Phoenix,EUCAST,ARO_3000637|https://www.ebi.ac.uk/ols4/ontologies/aro/classes/http%253A%252F%252Fpurl.obolibrary.org%252Fobo%252FARO_3000637,DABELN010000018.1,72617,73051,-,GCA_012866655.1_03869,marR,marR_S3N,AMR,POINT,MULTIDRUG,AMPICILLIN/CHLORAMPHENICOL/QUINOLONE/RIFAMPIN/TETRACYCLINE,AMPICILLIN,POINTP,WP_000843414.1,transcriptional regulator MarR,100.00,97.92,,,Annotation|https://ftp.ebi.ac.uk/pub/databases/amr_portal/genomes/GCA/012/866/GCA_012866655.1,1.5.0,Fast,2013,,,,,,,32205351,no,PATRIC;CABBAGE_PubMed_data,United Kingdom of Great Britain and Northern Ireland,Europe,Northern Europe
ampicillin,resistant,> 8 mg/L,SAMN13023869,GCA_012862005.1,Escherichia,Escherichia coli,Escherichia coli,562,,Homo sapiens,SRS5536582,broth dilution,BD Phoenix,EUCAST,ARO_3000637|https://www.ebi.ac.uk/ols4/ontologies/aro/classes/http%253A%252F%252Fpurl.obolibrary.org%252Fobo%252FARO_3000637,DABEHL010000017.1,72616,73050,-,GCA_012862005.1_04431,marR,marR_S3N,AMR,POINT,MULTIDRUG,AMPICILLIN/CHLORAMPHENICOL/QUINOLONE/RIFAMPIN/TETRACYCLINE,AMPICILLIN,POINTP,WP_000843414.1,transcriptional regulator MarR,100.00,97.92,,,Annotation|https://ftp.ebi.ac.uk/pub/databases/amr_portal/genomes/GCA/012/862/GCA_012862005.1,1.5.0,Fast,2013,,,,,,,32205351,no,PATRIC;CABBAGE_PubMed_data,United Kingdom of Great Britain and Northern Ireland,Europe,Northern Europe
ampicillin,susceptible,== 2 mg/L,SAMN12990694,GCA_012609605.1,Escherichia,Escherichia coli,Escherichia coli,562,CVM N19EC0632,other (non-clinical isolate),SRS5756041,broth dilution,Sensititre,,ARO_3000637|https://www.ebi.ac.uk/ols4/ontologies/aro/classes/http%253A%252F%252Fpurl.obolibrary.org%252Fobo%252FARO_3000637,AASWLP010000017.1,35813,36247,+,GCA_012609605.1_02702,marR,marR_S3N,AMR,POINT,MULTIDRUG,AMPICILLIN/CHLORAMPHENICOL/QUINOLONE/RIFAMPIN/TETRACYCLINE,AMPICILLIN,POINTP,WP_000843414.1,transcriptional regulator MarR,100.00,97.92,,,Annotation|https://ftp.ebi.ac.uk/pub/databases/amr_portal/genomes/GCA/012/609/GCA_012609605.1,1.6.0,Full,2019,,,ground turkey,,,,,no,NCBI_antibiogram;NDARO,United States of America,Americas,Northern America
ampicillin,resistant,,SAMN04357614,GCA_012673525.1,Escherichia,Escherichia coli,Escherichia coli,562,HICF190,Homo sapiens,SRS1221285,,,,ARO_3000637|https://www.ebi.ac.uk/ols4/ontologies/aro/classes/http%253A%252F%252Fpurl.obolibrary.org%252Fobo%252FARO_3000637,DABCAV010000016.1,36769,37203,+,GCA_012673525.1_04259,marR,marR_S3N,AMR,POINT,MULTIDRUG,AMPICILLIN/CHLORAMPHENICOL/QUINOLONE/RIFAMPIN/TETRACYCLINE,AMPICILLIN,POINTP,WP_000843414.1,transcriptional regulator MarR,100.00,97.92,,,Annotation|https://ftp.ebi.ac.uk/pub/databases/amr_portal/genomes/GCA/012/673/GCA_012673525.1,1.5.0,Fast,2010,,,blood,blood,51.75,-1.26,27572646,,CABBAGE_PubMed_data,United Kingdom of Great Britain and Northern Ireland,Europe,Northern Europe
ampicillin,susceptible,,SAMN04357584,GCA_012673985.1,Escherichia,Escherichia coli,Escherichia coli,562,HICF144,Homo sapiens,SRS1221314,,,,ARO_3000637|https://www.ebi.ac.uk/ols4/ontologies/aro/classes/http%253A%252F%252Fpurl.obolibrary.org%252Fobo%252FARO_3000637,DABCCF010000014.1,60191,60625,+,GCA_012673985.1_03227,marR,marR_S3N,AMR,POINT,MULTIDRUG,AMPICILLIN/CHLORAMPHENICOL/QUINOLONE/RIFAMPIN/TETRACYCLINE,AMPICILLIN,POINTP,WP_000843414.1,transcriptional regulator MarR,100.00,97.92,,,Annotation|https://ftp.ebi.ac.uk/pub/databases/amr_portal/genomes/GCA/012/673/GCA_012673985.1,1.5.0,Fast,2010,,,blood,blood,51.75,-1.26,27572646,,CABBAGE_PubMed_data,United Kingdom of Great Britain and Northern Ireland,Europe,Northern Europe
ampicillin,resistant,,SAMN04357593,GCA_012673115.1,Escherichia,Escherichia coli,Escherichia coli,562,HICF154,Homo sapiens,SRS1221305,,,,ARO_3000637|https://www.ebi.ac.uk/ols4/ontologies/aro/classes/http%253A%252F%252Fpurl.obolibrary.org%252Fobo%252FARO_3000637,DABCBR010000019.1,50881,51315,-,GCA_012673115.1_03902,marR,marR_S3N,AMR,POINT,MULTIDRUG,AMPICILLIN/CHLORAMPHENICOL/QUINOLONE/RIFAMPIN/TETRACYCLINE,AMPICILLIN,POINTP,WP_000843414.1,transcriptional regulator MarR,100.00,97.92,,,Annotation|https://ftp.ebi.ac.uk/pub/databases/amr_portal/genomes/GCA/012/673/GCA_012673115.1,1.5.0,Fast,2010,,,blood,blood,51.75,-1.26,27572646,,CABBAGE_PubMed_data,United Kingdom of Great Britain and Northern Ireland,Europe,Northern Europe
ampicillin,susceptible,,SAMN04357616,GCA_012673305.1,Escherichia,Escherichia coli,Escherichia coli,562,HICF192,Homo sapiens,SRS1221282,,,,ARO_3000637|https://www.ebi.ac.uk/ols4/ontologies/aro/classes/http%253A%252F%252Fpurl.obolibrary.org%252Fobo%252FARO_3000637,DABCAQ010000007.1,193989,194423,-,GCA_012673305.1_02033,marR,marR_S3N,AMR,POINT,MULTIDRUG,AMPICILLIN/CHLORAMPHENICOL/QUINOLONE/RIFAMPIN/TETRACYCLINE,AMPICILLIN,POINTP,WP_000843414.1,transcriptional regulator MarR,100.00,97.92,,,Annotation|https://ftp.ebi.ac.uk/pub/databases/amr_portal/genomes/GCA/012/673/GCA_012673305.1,1.5.0,Fast,2010,,,blood,blood,51.75,-1.26,27572646,,CABBAGE_PubMed_data,United Kingdom of Great Britain and Northern Ireland,Europe,Northern Europe
ampicillin,resistant,,SAMN04357608,GCA_012673745.1,Escherichia,Escherichia coli,Escherichia coli,562,HICF174,Homo sapiens,SRS1221290,,,,ARO_3000637|https://www.ebi.ac.uk/ols4/ontologies/aro/classes/http%253A%252F%252Fpurl.obolibrary.org%252Fobo%252FARO_3000637,DABCBE010000005.1,205464,205898,-,GCA_012673745.1_01465,marR,marR_S3N,AMR,POINT,MULTIDRUG,AMPICILLIN/CHLORAMPHENICOL/QUINOLONE/RIFAMPIN/TETRACYCLINE,AMPICILLIN,POINTP,WP_000843414.1,transcriptional regulator MarR,100.00,97.92,,,Annotation|https://ftp.ebi.ac.uk/pub/databases/amr_portal/genomes/GCA/012/673/GCA_012673745.1,1.5.0,Fast,2010,,,blood,blood,51.75,-1.26,27572646,,CABBAGE_PubMed_data,United Kingdom of Great Britain and Northern Ireland,Europe,Northern Europe
ampicillin,resistant,,SAMN04357610,GCA_012673645.1,Escherichia,Escherichia coli,Escherichia coli,562,HICF180,Homo sapiens,SRS1221288,,,,ARO_3000637|https://www.ebi.ac.uk/ols4/ontologies/aro/classes/http%253A%252F%252Fpurl.obolibrary.org%252Fobo%252FARO_3000637,DABCBD010000016.1,36769,37203,+,GCA_012673645.1_04161,marR,marR_S3N,AMR,POINT,MULTIDRUG,AMPICILLIN/CHLORAMPHENICOL/QUINOLONE/RIFAMPIN/TETRACYCLINE,AMPICILLIN,POINTP,WP_000843414.1,transcriptional regulator MarR,100.00,97.92,,,Annotation|https://ftp.ebi.ac.uk/pub/databases/amr_portal/genomes/GCA/012/673/GCA_012673645.1,1.5.0,Fast,2010,,,blood,blood,51.75,-1.26,27572646,,CABBAGE_PubMed_data,United Kingdom of Great Britain and Northern Ireland,Europe,Northern Europe
ampicillin,susceptible,,SAMN04357604,GCA_012673845.1,Escherichia,Escherichia coli,Escherichia coli,562,HICF170,Homo sapiens,SRS1221293,,,,ARO_3000637|https://www.ebi.ac.uk/ols4/ontologies/aro/classes/http%253A%252F%252Fpurl.obolibrary.org%252Fobo%252FARO_3000637,DABCBB010000003.1,472733,473167,-,GCA_012673845.1_01870,marR,marR_S3N,AMR,POINT,MULTIDRUG,AMPICILLIN/CHLORAMPHENICOL/QUINOLONE/RIFAMPIN/TETRACYCLINE,AMPICILLIN,POINTP,WP_000843414.1,transcriptional regulator MarR,100.00,97.92,,,Annotation|https://ftp.ebi.ac.uk/pub/databases/amr_portal/genomes/GCA/012/673/GCA_012673845.1,1.5.0,Fast,2010,,,blood,blood,51.75,-1.26,27572646,,CABBAGE_PubMed_data,United Kingdom of Great Britain and Northern Ireland,Europe,Northern Europe
ampicillin,susceptible,<= 2 mg/L,SAMN13024291,GCA_012879075.1,Escherichia,Escherichia coli,Escherichia coli,562,,Homo sapiens,SRS5536181,broth dilution,BD Phoenix,EUCAST,ARO_3000637|https://www.ebi.ac.uk/ols4/ontologies/aro/classes/http%253A%252F%252Fpurl.obolibrary.org%252Fobo%252FARO_3000637,DABFHA010000018.1,72616,73050,-,GCA_012879075.1_03507,marR,marR_S3N,AMR,POINT,MULTIDRUG,AMPICILLIN/CHLORAMPHENICOL/QUINOLONE/RIFAMPIN/TETRACYCLINE,AMPICILLIN,POINTP,WP_000843414.1,transcriptional regulator MarR,100.00,97.92,,,Annotation|https://ftp.ebi.ac.uk/pub/databases/amr_portal/genomes/GCA/012/879/GCA_012879075.1,1.5.0,Fast,2013,,,,,,,32205351,no,PATRIC;CABBAGE_PubMed_data,United Kingdom of Great Britain and Northern Ireland,Europe,Northern Europe
ampicillin,resistant,> 8 mg/L,SAMN13024164,GCA_012879255.1,Escherichia,Escherichia coli,Escherichia coli,562,,Homo sapiens,SRS5536312,broth dilution,BD Phoenix,EUCAST,ARO_3000637|https://www.ebi.ac.uk/ols4/ontologies/aro/classes/http%253A%252F%252Fpurl.obolibrary.org%252Fobo%252FARO_3000637,DABFHC010000017.1,18449,18883,+,GCA_012879255.1_04347,marR,marR_S3N,AMR,POINT,MULTIDRUG,AMPICILLIN/CHLORAMPHENICOL/QUINOLONE/RIFAMPIN/TETRACYCLINE,AMPICILLIN,POINTP,WP_000843414.1,transcriptional regulator MarR,100.00,97.22,,,Annotation|https://ftp.ebi.ac.uk/pub/databases/amr_portal/genomes/GCA/012/879/GCA_012879255.1,1.5.0,Fast,2014,,,,,,,32205351,no,PATRIC;CABBAGE_PubMed_data,United Kingdom of Great Britain and Northern Ireland,Europe,Northern Europe
ampicillin,susceptible,<= 2 mg/L,SAMN13023800,GCA_012875675.1,Escherichia,Escherichia coli,Escherichia coli,562,,Homo sapiens,SRS5535833,broth dilution,BD Phoenix,EUCAST,ARO_3000637|https://www.ebi.ac.uk/ols4/ontologies/aro/classes/http%253A%252F%252Fpurl.obolibrary.org%252Fobo%252FARO_3000637,DABFDH010000008.1,77865,78299,+,GCA_012875675.1_01823,marR,marR_S3N,AMR,POINT,MULTIDRUG,AMPICILLIN/CHLORAMPHENICOL/QUINOLONE/RIFAMPIN/TETRACYCLINE,AMPICILLIN,POINTP,WP_000843414.1,transcriptional regulator MarR,100.00,97.92,,,Annotation|https://ftp.ebi.ac.uk/pub/databases/amr_portal/genomes/GCA/012/875/GCA_012875675.1,1.5.0,Fast,2015,,,,,,,32205351,no,PATRIC;CABBAGE_PubMed_data,United Kingdom of Great Britain and Northern Ireland,Europe,Northern Europe
ampicillin,susceptible,<= 2 mg/L,SAMN13023770,GCA_012875895.1,Escherichia,Escherichia coli,Escherichia coli,562,,Homo sapiens,SRS5535863,broth dilution,BD Phoenix,EUCAST,ARO_3000637|https://www.ebi.ac.uk/ols4/ontologies/aro/classes/http%253A%252F%252Fpurl.obolibrary.org%252Fobo%252FARO_3000637,DABFEP010000005.1,36769,37203,+,GCA_012875895.1_01306,marR,marR_S3N,AMR,POINT,MULTIDRUG,AMPICILLIN/CHLORAMPHENICOL/QUINOLONE/RIFAMPIN/TETRACYCLINE,AMPICILLIN,POINTP,WP_000843414.1,transcriptional regulator MarR,100.00,97.92,,,Annotation|https://ftp.ebi.ac.uk/pub/databases/amr_portal/genomes/GCA/012/875/GCA_012875895.1,1.5.0,Fast,2015,,,,,,,32205351,no,PATRIC;CABBAGE_PubMed_data,United Kingdom of Great Britain and Northern Ireland,Europe,Northern Europe
ampicillin,resistant,> 8 mg/L,SAMN13023807,GCA_012875255.1,Escherichia,Escherichia coli,Escherichia coli,562,,Homo sapiens,SRS5535826,broth dilution,BD Phoenix,EUCAST,ARO_3000637|https://www.ebi.ac.uk/ols4/ontologies/aro/classes/http%253A%252F%252Fpurl.obolibrary.org%252Fobo%252FARO_3000637,DABFCZ010000010.1,119465,119899,+,GCA_012875255.1_02888,marR,marR_S3N,AMR,POINT,MULTIDRUG,AMPICILLIN/CHLORAMPHENICOL/QUINOLONE/RIFAMPIN/TETRACYCLINE,AMPICILLIN,POINTP,WP_000843414.1,transcriptional regulator MarR,100.00,97.92,,,Annotation|https://ftp.ebi.ac.uk/pub/databases/amr_portal/genomes/GCA/012/875/GCA_012875255.1,1.5.0,Fast,2015,,,,,,,32205351,no,PATRIC;CABBAGE_PubMed_data,United Kingdom of Great Britain and Northern Ireland,Europe,Northern Europe
ampicillin,resistant,> 8 mg/L,SAMN13024363,GCA_012875775.1,Escherichia,Escherichia coli,Escherichia coli,562,,Homo sapiens,SRS5535745,broth dilution,BD Phoenix,EUCAST,ARO_3000637|https://www.ebi.ac.uk/ols4/ontologies/aro/classes/http%253A%252F%252Fpurl.obolibrary.org%252Fobo%252FARO_3000637,DABFGH010000002.1,476909,477343,-,GCA_012875775.1_01039,marR,marR_S3N,AMR,POINT,MULTIDRUG,AMPICILLIN/CHLORAMPHENICOL/QUINOLONE/RIFAMPIN/TETRACYCLINE,AMPICILLIN,POINTP,WP_000843414.1,transcriptional regulator MarR,100.00,97.92,,,Annotation|https://ftp.ebi.ac.uk/pub/databases/amr_portal/genomes/GCA/012/875/GCA_012875775.1,1.5.0,Fast,2013,,,,,,,32205351,no,PATRIC;CABBAGE_PubMed_data,United Kingdom of Great Britain and Northern Ireland,Europe,Northern Europe
ampicillin,resistant,> 8 mg/L,SAMN13023771,GCA_012875795.1,Escherichia,Escherichia coli,Escherichia coli,562,,Homo sapiens,SRS5535862,broth dilution,BD Phoenix,EUCAST,ARO_3000637|https://www.ebi.ac.uk/ols4/ontologies/aro/classes/http%253A%252F%252Fpurl.obolibrary.org%252Fobo%252FARO_3000637,DABFET010000033.1,13230,13664,+,GCA_012875795.1_04356,marR,marR_S3N,AMR,POINT,MULTIDRUG,AMPICILLIN/CHLORAMPHENICOL/QUINOLONE/RIFAMPIN/TETRACYCLINE,AMPICILLIN,POINTP,WP_000843414.1,transcriptional regulator MarR,100.00,97.92,,,Annotation|https://ftp.ebi.ac.uk/pub/databases/amr_portal/genomes/GCA/012/875/GCA_012875795.1,1.5.0,Fast,2014,,,,,,,32205351,no,PATRIC;CABBAGE_PubMed_data,United Kingdom of Great Britain and Northern Ireland,Europe,Northern Europe
ampicillin,resistant,> 8 mg/L,SAMN13023795,GCA_012875455.1,Escherichia,Escherichia coli,Escherichia coli,562,,Homo sapiens,SRS5535838,broth dilution,BD Phoenix,EUCAST,ARO_3000637|https://www.ebi.ac.uk/ols4/ontologies/aro/classes/http%253A%252F%252Fpurl.obolibrary.org%252Fobo%252FARO_3000637,DABFDO010000018.1,60386,60820,+,GCA_012875455.1_04189,marR,marR_S3N,AMR,POINT,MULTIDRUG,AMPICILLIN/CHLORAMPHENICOL/QUINOLONE/RIFAMPIN/TETRACYCLINE,AMPICILLIN,POINTP,WP_000843414.1,transcriptional regulator MarR,100.00,97.92,,,Annotation|https://ftp.ebi.ac.uk/pub/databases/amr_portal/genomes/GCA/012/875/GCA_012875455.1,1.5.0,Fast,2013,,,,,,,32205351,no,PATRIC;CABBAGE_PubMed_data,United Kingdom of Great Britain and Northern Ireland,Europe,Northern Europe
ampicillin,susceptible,== 4 mg/L,SAMN11854354,GCA_012383195.1,Escherichia,Escherichia coli,Escherichia coli,562,19OR03GB07-EC,other (non-clinical isolate),SRS4818579,broth dilution,Sensititre,,ARO_3000637|https://www.ebi.ac.uk/ols4/ontologies/aro/classes/http%253A%252F%252Fpurl.obolibrary.org%252Fobo%252FARO_3000637,AASDPB010000019.1,16664,16987,-,GCA_012383195.1_03080,soxS,soxS_A12S,AMR,POINT,MULTIDRUG,AMPICILLIN/CHLORAMPHENICOL/QUINOLONE/RIFAMPIN/TETRACYCLINE,AMPICILLIN,POINTP,WP_000019358.1,regulatory protein SoxS,100.00,99.07,,,Annotation|https://ftp.ebi.ac.uk/pub/databases/amr_portal/genomes/GCA/012/383/GCA_012383195.1,1.6.0,Full,2019,,,ground beef,,,,,no,NCBI_antibiogram;NDARO,United States of America,Americas,Northern America
ampicillin,susceptible,<= 2 mg/L,SAMN13024309,GCA_012867315.1,Escherichia,Escherichia coli,Escherichia coli,562,,Homo sapiens,SRS5536163,broth dilution,BD Phoenix,EUCAST,ARO_3000637|https://www.ebi.ac.uk/ols4/ontologies/aro/classes/http%253A%252F%252Fpurl.obolibrary.org%252Fobo%252FARO_3000637,DABENX010000003.1,36769,37203,+,GCA_012867315.1_01232,marR,marR_S3N,AMR,POINT,MULTIDRUG,AMPICILLIN/CHLORAMPHENICOL/QUINOLONE/RIFAMPIN/TETRACYCLINE,AMPICILLIN,POINTP,WP_000843414.1,transcriptional regulator MarR,100.00,97.92,,,Annotation|https://ftp.ebi.ac.uk/pub/databases/amr_portal/genomes/GCA/012/867/GCA_012867315.1,1.5.0,Fast,2014,,,,,,,32205351,no,PATRIC;CABBAGE_PubMed_data,United Kingdom of Great Britain and Northern Ireland,Europe,Northern Europe
ampicillin,susceptible,<= 2 mg/L,SAMN13024297,GCA_012867855.1,Escherichia,Escherichia coli,Escherichia coli,562,,Homo sapiens,SRS5536175,broth dilution,BD Phoenix,EUCAST,ARO_3000637|https://www.ebi.ac.uk/ols4/ontologies/aro/classes/http%253A%252F%252Fpurl.obolibrary.org%252Fobo%252FARO_3000637,DABEPB010000015.1,120700,121134,+,GCA_012867855.1_03721,marR,marR_S3N,AMR,POINT,MULTIDRUG,AMPICILLIN/CHLORAMPHENICOL/QUINOLONE/RIFAMPIN/TETRACYCLINE,AMPICILLIN,POINTP,WP_000843414.1,transcriptional regulator MarR,100.00,97.92,,,Annotation|https://ftp.ebi.ac.uk/pub/databases/amr_portal/genomes/GCA/012/867/GCA_012867855.1,1.5.0,Fast,2013,,,,,,,32205351,no,PATRIC;CABBAGE_PubMed_data,United Kingdom of Great Britain and Northern Ireland,Europe,Northern Europe
ampicillin,resistant,> 8 mg/L,SAMN13024282,GCA_012867695.1,Escherichia,Escherichia coli,Escherichia coli,562,,Homo sapiens,SRS5536191,broth dilution,BD Phoenix,EUCAST,ARO_3000637|https://www.ebi.ac.uk/ols4/ontologies/aro/classes/http%253A%252F%252Fpurl.obolibrary.org%252Fobo%252FARO_3000637,DABEOU010000002.1,513370,513804,-,GCA_012867695.1_01285,marR,marR_S3N,AMR,POINT,MULTIDRUG,AMPICILLIN/CHLORAMPHENICOL/QUINOLONE/RIFAMPIN/TETRACYCLINE,AMPICILLIN,POINTP,WP_000843414.1,transcriptional regulator MarR,100.00,97.92,,,Annotation|https://ftp.ebi.ac.uk/pub/databases/amr_portal/genomes/GCA/012/867/GCA_012867695.1,1.5.0,Fast,2014,,,,,,,32205351,no,PATRIC;CABBAGE_PubMed_data,United Kingdom of Great Britain and Northern Ireland,Europe,Northern Europe
ampicillin,susceptible,<= 2 mg/L,SAMN13024311,GCA_012867375.1,Escherichia,Escherichia coli,Escherichia coli,562,,Homo sapiens,SRS5536161,broth dilution,BD Phoenix,EUCAST,ARO_3000637|https://www.ebi.ac.uk/ols4/ontologies/aro/classes/http%253A%252F%252Fpurl.obolibrary.org%252Fobo%252FARO_3000637,DABENW010000008.1,157354,157788,-,GCA_012867375.1_02482,marR,marR_S3N,AMR,POINT,MULTIDRUG,AMPICILLIN/CHLORAMPHENICOL/QUINOLONE/RIFAMPIN/TETRACYCLINE,AMPICILLIN,POINTP,WP_000843414.1,transcriptional regulator MarR,100.00,97.92,,,Annotation|https://ftp.ebi.ac.uk/pub/databases/amr_portal/genomes/GCA/012/867/GCA_012867375.1,1.5.0,Fast,2013,,,,,,,32205351,no,PATRIC;CABBAGE_PubMed_data,United Kingdom of Great Britain and Northern Ireland,Europe,Northern Europe
ampicillin,susceptible,<= 2 mg/L,SAMN13024344,GCA_012867055.1,Escherichia,Escherichia coli,Escherichia coli,562,,Homo sapiens,SRS5536100,broth dilution,BD Phoenix,EUCAST,ARO_3000637|https://www.ebi.ac.uk/ols4/ontologies/aro/classes/http%253A%252F%252Fpurl.obolibrary.org%252Fobo%252FARO_3000637,DABELT010000003.1,246477,246911,-,GCA_012867055.1_00769,marR,marR_S3N,AMR,POINT,MULTIDRUG,AMPICILLIN/CHLORAMPHENICOL/QUINOLONE/RIFAMPIN/TETRACYCLINE,AMPICILLIN,POINTP,WP_000843414.1,transcriptional regulator MarR,100.00,97.92,,,Annotation|https://ftp.ebi.ac.uk/pub/databases/amr_portal/genomes/GCA/012/867/GCA_012867055.1,1.5.0,Fast,2015,,,,,,,32205351,no,PATRIC;CABBAGE_PubMed_data,United Kingdom of Great Britain and Northern Ireland,Europe,Northern Europe
ampicillin,resistant,> 8 mg/L,SAMN13024284,GCA_012867635.1,Escherichia,Escherichia coli,Escherichia coli,562,,Homo sapiens,SRS5536188,broth dilution,BD Phoenix,EUCAST,ARO_3000637|https://www.ebi.ac.uk/ols4/ontologies/aro/classes/http%253A%252F%252Fpurl.obolibrary.org%252Fobo%252FARO_3000637,DABEOS010000004.1,36502,36936,+,GCA_012867635.1_01439,marR,marR_S3N,AMR,POINT,MULTIDRUG,AMPICILLIN/CHLORAMPHENICOL/QUINOLONE/RIFAMPIN/TETRACYCLINE,AMPICILLIN,POINTP,WP_000843414.1,transcriptional regulator MarR,100.00,97.92,,,Annotation|https://ftp.ebi.ac.uk/pub/databases/amr_portal/genomes/GCA/012/867/GCA_012867635.1,1.5.0,Fast,2014,,,,,,,32205351,no,PATRIC;CABBAGE_PubMed_data,United Kingdom of Great Britain and Northern Ireland,Europe,Northern Europe
ampicillin,resistant,> 8 mg/L,SAMN13024292,GCA_012867575.1,Escherichia,Escherichia coli,Escherichia coli,562,,Homo sapiens,SRS5536180,broth dilution,BD Phoenix,EUCAST,ARO_3000637|https://www.ebi.ac.uk/ols4/ontologies/aro/classes/http%253A%252F%252Fpurl.obolibrary.org%252Fobo%252FARO_3000637,DABEOO010000005.1,70072,70506,+,GCA_012867575.1_02248,marR,marR_S3N,AMR,POINT,MULTIDRUG,AMPICILLIN/CHLORAMPHENICOL/QUINOLONE/RIFAMPIN/TETRACYCLINE,AMPICILLIN,POINTP,WP_000843414.1,transcriptional regulator MarR,100.00,97.92,,,Annotation|https://ftp.ebi.ac.uk/pub/databases/amr_portal/genomes/GCA/012/867/GCA_012867575.1,1.5.0,Fast,2013,,,,,,,32205351,no,PATRIC;CABBAGE_PubMed_data,United Kingdom of Great Britain and Northern Ireland,Europe,Northern Europe
ampicillin,resistant,> 8 mg/L,SAMN13023885,GCA_012863815.1,Escherichia,Escherichia coli,Escherichia coli,562,,Homo sapiens,SRS5536622,broth dilution,BD Phoenix,EUCAST,ARO_3000637|https://www.ebi.ac.uk/ols4/ontologies/aro/classes/http%253A%252F%252Fpurl.obolibrary.org%252Fobo%252FARO_3000637,DABEIT010000004.1,14518,14952,+,GCA_012863815.1_01383,marR,marR_S3N,AMR,POINT,MULTIDRUG,AMPICILLIN/CHLORAMPHENICOL/QUINOLONE/RIFAMPIN/TETRACYCLINE,AMPICILLIN,POINTP,WP_000843414.1,transcriptional regulator MarR,100.00,97.92,,,Annotation|https://ftp.ebi.ac.uk/pub/databases/amr_portal/genomes/GCA/012/863/GCA_012863815.1,1.5.0,Fast,2013,,,,,,,32205351,no,CABBAGE_PubMed_data,United Kingdom of Great Britain and Northern Ireland,Europe,Northern Europe
ampicillin,resistant,> 8 mg/L,SAMN13023881,GCA_012863835.1,Escherichia,Escherichia coli,Escherichia coli,562,,Homo sapiens,SRS5536626,broth dilution,BD Phoenix,EUCAST,ARO_3000637|https://www.ebi.ac.uk/ols4/ontologies/aro/classes/http%253A%252F%252Fpurl.obolibrary.org%252Fobo%252FARO_3000637,DABEIY010000018.1,72617,73051,-,GCA_012863835.1_04005,marR,marR_S3N,AMR,POINT,MULTIDRUG,AMPICILLIN/CHLORAMPHENICOL/QUINOLONE/RIFAMPIN/TETRACYCLINE,AMPICILLIN,POINTP,WP_000843414.1,transcriptional regulator MarR,100.00,97.92,,,Annotation|https://ftp.ebi.ac.uk/pub/databases/amr_portal/genomes/GCA/012/863/GCA_012863835.1,1.5.0,Fast,2014,,,,,,,32205351,no,CABBAGE_PubMed_data,United Kingdom of Great Britain and Northern Ireland,Europe,Northern Europe
ampicillin,susceptible,<= 2 mg/L,SAMN13024028,GCA_012863475.1,Escherichia,Escherichia coli,Escherichia coli,562,,Homo sapiens,SRS5536507,broth dilution,BD Phoenix,EUCAST,ARO_3000637|https://www.ebi.ac.uk/ols4/ontologies/aro/classes/http%253A%252F%252Fpurl.obolibrary.org%252Fobo%252FARO_3000637,DABEIS010000002.1,246492,246926,-,GCA_012863475.1_00598,marR,marR_S3N,AMR,POINT,MULTIDRUG,AMPICILLIN/CHLORAMPHENICOL/QUINOLONE/RIFAMPIN/TETRACYCLINE,AMPICILLIN,POINTP,WP_000843414.1,transcriptional regulator MarR,100.00,97.92,,,Annotation|https://ftp.ebi.ac.uk/pub/databases/amr_portal/genomes/GCA/012/863/GCA_012863475.1,1.5.0,Fast,2013,,,,,,,32205351,no,PATRIC;CABBAGE_PubMed_data,United Kingdom of Great Britain and Northern Ireland,Europe,Northern Europe
ampicillin,susceptible,<= 2 mg/L,SAMN13023921,GCA_012863515.1,Escherichia,Escherichia coli,Escherichia coli,562,,Homo sapiens,SRS5536698,broth dilution,BD Phoenix,EUCAST,ARO_3000637|https://www.ebi.ac.uk/ols4/ontologies/aro/classes/http%253A%252F%252Fpurl.obolibrary.org%252Fobo%252FARO_3000637,DABEJE010000013.1,31509,31943,+,GCA_012863515.1_03420,marR,marR_S3N,AMR,POINT,MULTIDRUG,AMPICILLIN/CHLORAMPHENICOL/QUINOLONE/RIFAMPIN/TETRACYCLINE,AMPICILLIN,POINTP,WP_000843414.1,transcriptional regulator MarR,100.00,97.92,,,Annotation|https://ftp.ebi.ac.uk/pub/databases/amr_portal/genomes/GCA/012/863/GCA_012863515.1,1.5.0,Fast,2013,,,,,,,32205351,no,PATRIC;CABBAGE_PubMed_data,United Kingdom of Great Britain and Northern Ireland,Europe,Northern Europe
ampicillin,resistant,>= 32 mg/L,SAMN07332518,GCA_012442685.1,Escherichia,Escherichia coli,Escherichia coli,562,,Homo sapiens,SRS2340986,broth dilution,Vitek,,ARO_3000637|https://www.ebi.ac.uk/ols4/ontologies/aro/classes/http%253A%252F%252Fpurl.obolibrary.org%252Fobo%252FARO_3000637,AASNKO010000057.1,9703,10137,-,GCA_012442685.1_04230,marR,marR_S3N,AMR,POINT,MULTIDRUG,AMPICILLIN/CHLORAMPHENICOL/QUINOLONE/RIFAMPIN/TETRACYCLINE,AMPICILLIN,POINTP,WP_000843414.1,transcriptional regulator MarR,100.00,97.92,,,Annotation|https://ftp.ebi.ac.uk/pub/databases/amr_portal/genomes/GCA/012/442/GCA_012442685.1,1.5.0,Fast,2017,36.0,male,urine,urinary tract,,,,no,NCBI_antibiogram;NDARO;PATRIC,United States of America,Americas,Northern America
ampicillin,susceptible,<= 2 mg/L,SAMN13024505,GCA_012855835.1,Escherichia,Escherichia coli,Escherichia coli,562,,Homo sapiens,SRS5536646,broth dilution,BD Phoenix,EUCAST,ARO_3000637|https://www.ebi.ac.uk/ols4/ontologies/aro/classes/http%253A%252F%252Fpurl.obolibrary.org%252Fobo%252FARO_3000637,DABDXX010000018.1,35241,35675,+,GCA_012855835.1_04242,marR,marR_S3N,AMR,POINT,MULTIDRUG,AMPICILLIN/CHLORAMPHENICOL/QUINOLONE/RIFAMPIN/TETRACYCLINE,AMPICILLIN,POINTP,WP_000843414.1,transcriptional regulator MarR,100.00,97.92,,,Annotation|https://ftp.ebi.ac.uk/pub/databases/amr_portal/genomes/GCA/012/855/GCA_012855835.1,1.5.0,Fast,2013,,,,,,,32205351,no,PATRIC;CABBAGE_PubMed_data,United Kingdom of Great Britain and Northern Ireland,Europe,Northern Europe
ampicillin,resistant,> 8 mg/L,SAMN13024503,GCA_012855935.1,Escherichia,Escherichia coli,Escherichia coli,562,,Homo sapiens,SRS5536648,broth dilution,BD Phoenix,EUCAST,ARO_3000637|https://www.ebi.ac.uk/ols4/ontologies/aro/classes/http%253A%252F%252Fpurl.obolibrary.org%252Fobo%252FARO_3000637,DABDXY010000015.1,35813,36247,+,GCA_012855935.1_03740,marR,marR_S3N,AMR,POINT,MULTIDRUG,AMPICILLIN/CHLORAMPHENICOL/QUINOLONE/RIFAMPIN/TETRACYCLINE,AMPICILLIN,POINTP,WP_000843414.1,transcriptional regulator MarR,100.00,97.92,,,Annotation|https://ftp.ebi.ac.uk/pub/databases/amr_portal/genomes/GCA/012/855/GCA_012855935.1,1.5.0,Fast,2014,,,,,,,32205351,no,PATRIC;CABBAGE_PubMed_data,United Kingdom of Great Britain and Northern Ireland,Europe,Northern Europe
ampicillin,resistant,> 8 mg/L,SAMN13024499,GCA_012855955.1,Escherichia,Escherichia coli,Escherichia coli,562,,Homo sapiens,SRS5536652,broth dilution,BD Phoenix,EUCAST,ARO_3000637|https://www.ebi.ac.uk/ols4/ontologies/aro/classes/http%253A%252F%252Fpurl.obolibrary.org%252Fobo%252FARO_3000637,DABDYA010000019.1,36769,37203,+,GCA_012855955.1_03523,marR,marR_S3N,AMR,POINT,MULTIDRUG,AMPICILLIN/CHLORAMPHENICOL/QUINOLONE/RIFAMPIN/TETRACYCLINE,AMPICILLIN,POINTP,WP_000843414.1,transcriptional regulator MarR,100.00,97.92,,,Annotation|https://ftp.ebi.ac.uk/pub/databases/amr_portal/genomes/GCA/012/855/GCA_012855955.1,1.5.0,Fast,2015,,,,,,,32205351,no,PATRIC;CABBAGE_PubMed_data,United Kingdom of Great Britain and Northern Ireland,Europe,Northern Europe
ampicillin,susceptible,<= 2 mg/L,SAMN13023925,GCA_012855895.1,Escherichia,Escherichia coli,Escherichia coli,562,,Homo sapiens,SRS5536694,broth dilution,BD Phoenix,EUCAST,ARO_3000637|https://www.ebi.ac.uk/ols4/ontologies/aro/classes/http%253A%252F%252Fpurl.obolibrary.org%252Fobo%252FARO_3000637,DABDZD010000018.1,64539,64973,-,GCA_012855895.1_04088,marR,marR_S3N,AMR,POINT,MULTIDRUG,AMPICILLIN/CHLORAMPHENICOL/QUINOLONE/RIFAMPIN/TETRACYCLINE,AMPICILLIN,POINTP,WP_000843414.1,transcriptional regulator MarR,100.00,97.92,,,Annotation|https://ftp.ebi.ac.uk/pub/databases/amr_portal/genomes/GCA/012/855/GCA_012855895.1,1.5.0,Fast,2014,,,,,,,32205351,no,PATRIC;CABBAGE_PubMed_data,United Kingdom of Great Britain and Northern Ireland,Europe,Northern Europe
ampicillin,susceptible,== 4 mg/L,SAMN14448420,GCA_012855215.1,Escherichia,Escherichia coli,Escherichia coli,562,19GA05GB01-EC,other (non-clinical isolate),SRS6376878,broth dilution,Sensititre,,ARO_3000637|https://www.ebi.ac.uk/ols4/ontologies/aro/classes/http%253A%252F%252Fpurl.obolibrary.org%252Fobo%252FARO_3000637,AATKGK010000004.1,31088,31522,+,GCA_012855215.1_01225,marR,marR_S3N,AMR,POINT,MULTIDRUG,AMPICILLIN/CHLORAMPHENICOL/QUINOLONE/RIFAMPIN/TETRACYCLINE,AMPICILLIN,POINTP,WP_000843414.1,transcriptional regulator MarR,100.00,97.92,,,Annotation|https://ftp.ebi.ac.uk/pub/databases/amr_portal/genomes/GCA/012/855/GCA_012855215.1,1.6.0,Full,2019,,,beef,,,,,no,NCBI_antibiogram;NDARO,United States of America,Americas,Northern America
ampicillin,resistant,> 32 mg/L,SAMN10221572,GCA_012071955.1,Escherichia,Escherichia coli,Escherichia coli,562,CVM N17EC1262,other (non-clinical isolate),SRS3967486,broth dilution,Sensititre,,ARO_3000637|https://www.ebi.ac.uk/ols4/ontologies/aro/classes/http%253A%252F%252Fpurl.obolibrary.org%252Fobo%252FARO_3000637,AAROFK010000001.1,446350,446784,-,GCA_012071955.1_00430,marR,marR_S3N,AMR,POINT,MULTIDRUG,AMPICILLIN/CHLORAMPHENICOL/QUINOLONE/RIFAMPIN/TETRACYCLINE,AMPICILLIN,POINTP,WP_000843414.1,transcriptional regulator MarR,100.00,97.92,,,Annotation|https://ftp.ebi.ac.uk/pub/databases/amr_portal/genomes/GCA/012/071/GCA_012071955.1,1.6.0,Full,2017,,,whole - cut in lab,,,,,no,NCBI_antibiogram;NDARO,United States of America,Americas,Northern America
ampicillin,susceptible,== 2 mg/L,SAMN12359880,GCA_012994205.1,Escherichia,Escherichia coli,Escherichia coli,562,CVM N18EC0890,other (non-clinical isolate),SRS5277763,broth dilution,Sensititre,,ARO_3000637|https://www.ebi.ac.uk/ols4/ontologies/aro/classes/http%253A%252F%252Fpurl.obolibrary.org%252Fobo%252FARO_3000637,AATOND010000001.1,1022708,1023142,+,GCA_012994205.1_00998,marR,marR_S3N,AMR,POINT,MULTIDRUG,AMPICILLIN/CHLORAMPHENICOL/QUINOLONE/RIFAMPIN/TETRACYCLINE,AMPICILLIN,POINTP,WP_000843414.1,transcriptional regulator MarR,100.00,97.92,,,Annotation|https://ftp.ebi.ac.uk/pub/databases/amr_portal/genomes/GCA/012/994/GCA_012994205.1,1.6.0,Full,2018,,,chicken legs,,,,,no,NCBI_antibiogram;NDARO,United States of America,Americas,Northern America
ampicillin,resistant,>= 32 mg/L,SAMN05806165,GCA_012902165.1,Escherichia,Escherichia coli,Escherichia coli,562,,Homo sapiens,SRS1712872,broth dilution,Vitek,,ARO_3000637|https://www.ebi.ac.uk/ols4/ontologies/aro/classes/http%253A%252F%252Fpurl.obolibrary.org%252Fobo%252FARO_3000637,AATMBW010000012.1,142940,143404,-,GCA_012902165.1_03119,soxR,soxR_G121D,AMR,POINT,MULTIDRUG,AMPICILLIN/CHLORAMPHENICOL/QUINOLONE/RIFAMPIN/TETRACYCLINE,AMPICILLIN,POINTP,WP_000412428.1,redox-sensitive transcriptional activator SoxR,100.00,99.35,,,Annotation|https://ftp.ebi.ac.uk/pub/databases/amr_portal/genomes/GCA/012/902/GCA_012902165.1,1.6.0,Full,2016,27.0,female,urine,urinary tract,,,,no,NCBI_antibiogram;NDARO;PATRIC,United States of America,Americas,Northern America
ampicillin,resistant,>= 32 mg/L,SAMN04571743,GCA_012707405.1,Escherichia,Escherichia coli,Escherichia coli,562,,Homo sapiens,SRS1359991,broth dilution,Vitek,,ARO_3000637|https://www.ebi.ac.uk/ols4/ontologies/aro/classes/http%253A%252F%252Fpurl.obolibrary.org%252Fobo%252FARO_3000637,AATCAL010000011.1,47804,48268,-,GCA_012707405.1_02021,soxR,soxR_R20H,AMR,POINT,MULTIDRUG,AMPICILLIN/CHLORAMPHENICOL/QUINOLONE/RIFAMPIN/TETRACYCLINE,AMPICILLIN,POINTP,WP_000412428.1,redox-sensitive transcriptional activator SoxR,100.00,99.35,,,Annotation|https://ftp.ebi.ac.uk/pub/databases/amr_portal/genomes/GCA/012/707/GCA_012707405.1,1.6.0,Full,2015,68.0,male,sputum,respiratory tract,,,,no,NCBI_antibiogram;NDARO;PATRIC,United States of America,Americas,Northern America
ampicillin,resistant,>= 32 mg/L,SAMN04571742,GCA_012707805.1,Escherichia,Escherichia coli,Escherichia coli,562,,Homo sapiens,SRS1359992,broth dilution,Vitek,,ARO_3000637|https://www.ebi.ac.uk/ols4/ontologies/aro/classes/http%253A%252F%252Fpurl.obolibrary.org%252Fobo%252FARO_3000637,AATBZZ010000024.1,9664,10098,-,GCA_012707805.1_04007,marR,marR_S3N,AMR,POINT,MULTIDRUG,AMPICILLIN/CHLORAMPHENICOL/QUINOLONE/RIFAMPIN/TETRACYCLINE,AMPICILLIN,POINTP,WP_000843414.1,transcriptional regulator MarR,100.00,97.92,,,Annotation|https://ftp.ebi.ac.uk/pub/databases/amr_portal/genomes/GCA/012/707/GCA_012707805.1,1.6.0,Full,2015,66.0,female,urine,urinary tract,,,,no,NCBI_antibiogram;NDARO;PATRIC,United States of America,Americas,Northern America
ampicillin,resistant,,SAMN04357560,GCA_012674745.1,Escherichia,Escherichia coli,Escherichia coli,562,HICF110,Homo sapiens,SRS1221338,,,,ARO_3000637|https://www.ebi.ac.uk/ols4/ontologies/aro/classes/http%253A%252F%252Fpurl.obolibrary.org%252Fobo%252FARO_3000637,DABCCY010000016.1,34629,35063,+,GCA_012674745.1_03911,marR,marR_S3N,AMR,POINT,MULTIDRUG,AMPICILLIN/CHLORAMPHENICOL/QUINOLONE/RIFAMPIN/TETRACYCLINE,AMPICILLIN,POINTP,WP_000843414.1,transcriptional regulator MarR,100.00,97.92,,,Annotation|https://ftp.ebi.ac.uk/pub/databases/amr_portal/genomes/GCA/012/674/GCA_012674745.1,1.5.0,Fast,2010,,,blood,blood,51.75,-1.26,27572646,,CABBAGE_PubMed_data,United Kingdom of Great Britain and Northern Ireland,Europe,Northern Europe
ampicillin,susceptible,,SAMN04357582,GCA_012674095.1,Escherichia,Escherichia coli,Escherichia coli,562,HICF142,Homo sapiens,SRS1221318,,,,ARO_3000637|https://www.ebi.ac.uk/ols4/ontologies/aro/classes/http%253A%252F%252Fpurl.obolibrary.org%252Fobo%252FARO_3000637,DABCCG010000015.1,36769,37203,+,GCA_012674095.1_03810,marR,marR_S3N,AMR,POINT,MULTIDRUG,AMPICILLIN/CHLORAMPHENICOL/QUINOLONE/RIFAMPIN/TETRACYCLINE,AMPICILLIN,POINTP,WP_000843414.1,transcriptional regulator MarR,100.00,97.92,,,Annotation|https://ftp.ebi.ac.uk/pub/databases/amr_portal/genomes/GCA/012/674/GCA_012674095.1,1.5.0,Fast,2010,,,blood,blood,51.75,-1.26,27572646,,CABBAGE_PubMed_data,United Kingdom of Great Britain and Northern Ireland,Europe,Northern Europe
ampicillin,susceptible,,SAMN04357540,GCA_012674885.1,Escherichia,Escherichia coli,Escherichia coli,562,HICF62,Homo sapiens,SRS1221358,,,,ARO_3000637|https://www.ebi.ac.uk/ols4/ontologies/aro/classes/http%253A%252F%252Fpurl.obolibrary.org%252Fobo%252FARO_3000637,DABCDN010000022.1,72616,73050,-,GCA_012674885.1_04455,marR,marR_S3N,AMR,POINT,MULTIDRUG,AMPICILLIN/CHLORAMPHENICOL/QUINOLONE/RIFAMPIN/TETRACYCLINE,AMPICILLIN,POINTP,WP_000843414.1,transcriptional regulator MarR,100.00,97.92,,,Annotation|https://ftp.ebi.ac.uk/pub/databases/amr_portal/genomes/GCA/012/674/GCA_012674885.1,1.5.0,Fast,2009,,,blood,blood,51.75,-1.26,27572646,,CABBAGE_PubMed_data,United Kingdom of Great Britain and Northern Ireland,Europe,Northern Europe
ampicillin,resistant,,SAMN04357548,GCA_012674905.1,Escherichia,Escherichia coli,Escherichia coli,562,HICF76,Homo sapiens,SRS1221350,,,,ARO_3000637|https://www.ebi.ac.uk/ols4/ontologies/aro/classes/http%253A%252F%252Fpurl.obolibrary.org%252Fobo%252FARO_3000637,DABCDQ010000016.1,36502,36936,+,GCA_012674905.1_04211,marR,marR_S3N,AMR,POINT,MULTIDRUG,AMPICILLIN/CHLORAMPHENICOL/QUINOLONE/RIFAMPIN/TETRACYCLINE,AMPICILLIN,POINTP,WP_000843414.1,transcriptional regulator MarR,100.00,97.92,,,Annotation|https://ftp.ebi.ac.uk/pub/databases/amr_portal/genomes/GCA/012/674/GCA_012674905.1,1.5.0,Fast,2009,,,blood,blood,51.75,-1.26,27572646,,CABBAGE_PubMed_data,United Kingdom of Great Britain and Northern Ireland,Europe,Northern Europe
ampicillin,resistant,,SAMN04357596,GCA_012674045.1,Escherichia,Escherichia coli,Escherichia coli,562,HICF159,Homo sapiens,SRS1221302,,,,ARO_3000637|https://www.ebi.ac.uk/ols4/ontologies/aro/classes/http%253A%252F%252Fpurl.obolibrary.org%252Fobo%252FARO_3000637,DABCBN010000023.1,9400,9834,-,GCA_012674045.1_04347,marR,marR_S3N,AMR,POINT,MULTIDRUG,AMPICILLIN/CHLORAMPHENICOL/QUINOLONE/RIFAMPIN/TETRACYCLINE,AMPICILLIN,POINTP,WP_000843414.1,transcriptional regulator MarR,100.00,97.92,,,Annotation|https://ftp.ebi.ac.uk/pub/databases/amr_portal/genomes/GCA/012/674/GCA_012674045.1,1.5.0,Fast,2010,,,blood,blood,51.75,-1.26,27572646,,CABBAGE_PubMed_data,United Kingdom of Great Britain and Northern Ireland,Europe,Northern Europe
ampicillin,susceptible,== 2 mg/L,SAMN13852104,GCA_012662445.1,Escherichia,Escherichia coli,Escherichia coli,562,PNUSAE045817,other (non-clinical isolate),SRS5991525,broth dilution,Sensititre,,ARO_3000637|https://www.ebi.ac.uk/ols4/ontologies/aro/classes/http%253A%252F%252Fpurl.obolibrary.org%252Fobo%252FARO_3000637,AASZLQ010000001.1,115291,115725,-,GCA_012662445.1_00116,marR,marR_S3N,AMR,POINT,MULTIDRUG,AMPICILLIN/CHLORAMPHENICOL/QUINOLONE/RIFAMPIN/TETRACYCLINE,AMPICILLIN,POINTP,WP_000843414.1,transcriptional regulator MarR,100.00,97.92,,,Annotation|https://ftp.ebi.ac.uk/pub/databases/amr_portal/genomes/GCA/012/662/GCA_012662445.1,1.6.0,Full,2019,,,chicken,,,,,no,NCBI_antibiogram;NDARO,United States of America,Americas,Northern America
ampicillin,resistant,> 8 mg/L,SAMN13024263,GCA_012868475.1,Escherichia,Escherichia coli,Escherichia coli,562,,Homo sapiens,SRS5536210,broth dilution,BD Phoenix,EUCAST,ARO_3000637|https://www.ebi.ac.uk/ols4/ontologies/aro/classes/http%253A%252F%252Fpurl.obolibrary.org%252Fobo%252FARO_3000637,DABEPX010000005.1,246327,246761,-,GCA_012868475.1_01937,marR,marR_S3N,AMR,POINT,MULTIDRUG,AMPICILLIN/CHLORAMPHENICOL/QUINOLONE/RIFAMPIN/TETRACYCLINE,AMPICILLIN,POINTP,WP_000843414.1,transcriptional regulator MarR,100.00,97.92,,,Annotation|https://ftp.ebi.ac.uk/pub/databases/amr_portal/genomes/GCA/012/868/GCA_012868475.1,1.5.0,Fast,2013,,,,,,,32205351,no,PATRIC;CABBAGE_PubMed_data,United Kingdom of Great Britain and Northern Ireland,Europe,Northern Europe
ampicillin,resistant,> 8 mg/L,SAMN13024235,GCA_012868355.1,Escherichia,Escherichia coli,Escherichia coli,562,,Homo sapiens,SRS5536239,broth dilution,BD Phoenix,EUCAST,ARO_3000637|https://www.ebi.ac.uk/ols4/ontologies/aro/classes/http%253A%252F%252Fpurl.obolibrary.org%252Fobo%252FARO_3000637,DABEQX010000005.1,231222,231656,-,GCA_012868355.1_01522,marR,marR_S3N,AMR,POINT,MULTIDRUG,AMPICILLIN/CHLORAMPHENICOL/QUINOLONE/RIFAMPIN/TETRACYCLINE,AMPICILLIN,POINTP,WP_000843414.1,transcriptional regulator MarR,100.00,97.92,,,Annotation|https://ftp.ebi.ac.uk/pub/databases/amr_portal/genomes/GCA/012/868/GCA_012868355.1,1.5.0,Fast,2013,,,,,,,32205351,no,PATRIC;CABBAGE_PubMed_data,United Kingdom of Great Britain and Northern Ireland,Europe,Northern Europe
ampicillin,resistant,> 8 mg/L,SAMN13024273,GCA_012868255.1,Escherichia,Escherichia coli,Escherichia coli,562,,Homo sapiens,SRS5536200,broth dilution,BD Phoenix,EUCAST,ARO_3000637|https://www.ebi.ac.uk/ols4/ontologies/aro/classes/http%253A%252F%252Fpurl.obolibrary.org%252Fobo%252FARO_3000637,DABEPN010000017.1,36769,37203,+,GCA_012868255.1_03868,marR,marR_S3N,AMR,POINT,MULTIDRUG,AMPICILLIN/CHLORAMPHENICOL/QUINOLONE/RIFAMPIN/TETRACYCLINE,AMPICILLIN,POINTP,WP_000843414.1,transcriptional regulator MarR,100.00,97.92,,,Annotation|https://ftp.ebi.ac.uk/pub/databases/amr_portal/genomes/GCA/012/868/GCA_012868255.1,1.5.0,Fast,2013,,,,,,,32205351,no,PATRIC;CABBAGE_PubMed_data,United Kingdom of Great Britain and Northern Ireland,Europe,Northern Europe
ampicillin,susceptible,<= 2 mg/L,SAMN13024256,GCA_012868555.1,Escherichia,Escherichia coli,Escherichia coli,562,,Homo sapiens,SRS5536217,broth dilution,BD Phoenix,EUCAST,ARO_3000637|https://www.ebi.ac.uk/ols4/ontologies/aro/classes/http%253A%252F%252Fpurl.obolibrary.org%252Fobo%252FARO_3000637,DABEQD010000014.1,72616,73050,-,GCA_012868555.1_02923,marR,marR_S3N,AMR,POINT,MULTIDRUG,AMPICILLIN/CHLORAMPHENICOL/QUINOLONE/RIFAMPIN/TETRACYCLINE,AMPICILLIN,POINTP,WP_000843414.1,transcriptional regulator MarR,100.00,97.92,,,Annotation|https://ftp.ebi.ac.uk/pub/databases/amr_portal/genomes/GCA/012/868/GCA_012868555.1,1.5.0,Fast,2015,,,,,,,32205351,no,PATRIC;CABBAGE_PubMed_data,United Kingdom of Great Britain and Northern Ireland,Europe,Northern Europe
ampicillin,susceptible,<= 2 mg/L,SAMN13024281,GCA_012868055.1,Escherichia,Escherichia coli,Escherichia coli,562,,Homo sapiens,SRS5536192,broth dilution,BD Phoenix,EUCAST,ARO_3000637|https://www.ebi.ac.uk/ols4/ontologies/aro/classes/http%253A%252F%252Fpurl.obolibrary.org%252Fobo%252FARO_3000637,DABEPH010000002.1,472744,473178,-,GCA_012868055.1_01051,marR,marR_S3N,AMR,POINT,MULTIDRUG,AMPICILLIN/CHLORAMPHENICOL/QUINOLONE/RIFAMPIN/TETRACYCLINE,AMPICILLIN,POINTP,WP_000843414.1,transcriptional regulator MarR,100.00,97.92,,,Annotation|https://ftp.ebi.ac.uk/pub/databases/amr_portal/genomes/GCA/012/868/GCA_012868055.1,1.5.0,Fast,2013,,,,,,,32205351,no,PATRIC;CABBAGE_PubMed_data,United Kingdom of Great Britain and Northern Ireland,Europe,Northern Europe
ampicillin,resistant,> 8 mg/L,SAMN13024245,GCA_012868775.1,Escherichia,Escherichia coli,Escherichia coli,562,,Homo sapiens,SRS5536229,broth dilution,BD Phoenix,EUCAST,ARO_3000637|https://www.ebi.ac.uk/ols4/ontologies/aro/classes/http%253A%252F%252Fpurl.obolibrary.org%252Fobo%252FARO_3000637,DABEQN010000018.1,72617,73051,-,GCA_012868775.1_04142,marR,marR_S3N,AMR,POINT,MULTIDRUG,AMPICILLIN/CHLORAMPHENICOL/QUINOLONE/RIFAMPIN/TETRACYCLINE,AMPICILLIN,POINTP,WP_000843414.1,transcriptional regulator MarR,100.00,97.92,,,Annotation|https://ftp.ebi.ac.uk/pub/databases/amr_portal/genomes/GCA/012/868/GCA_012868775.1,1.5.0,Fast,2013,,,,,,,32205351,no,PATRIC;CABBAGE_PubMed_data,United Kingdom of Great Britain and Northern Ireland,Europe,Northern Europe
ampicillin,susceptible,<= 2 mg/L,SAMN13024270,GCA_012868175.1,Escherichia,Escherichia coli,Escherichia coli,562,,Homo sapiens,SRS5536203,broth dilution,BD Phoenix,EUCAST,ARO_3000637|https://www.ebi.ac.uk/ols4/ontologies/aro/classes/http%253A%252F%252Fpurl.obolibrary.org%252Fobo%252FARO_3000637,DABEPL010000019.1,60831,61265,+,GCA_012868175.1_04027,marR,marR_S3N,AMR,POINT,MULTIDRUG,AMPICILLIN/CHLORAMPHENICOL/QUINOLONE/RIFAMPIN/TETRACYCLINE,AMPICILLIN,POINTP,WP_000843414.1,transcriptional regulator MarR,100.00,97.92,,,Annotation|https://ftp.ebi.ac.uk/pub/databases/amr_portal/genomes/GCA/012/868/GCA_012868175.1,1.5.0,Fast,2014,,,,,,,32205351,no,PATRIC;CABBAGE_PubMed_data,United Kingdom of Great Britain and Northern Ireland,Europe,Northern Europe
ampicillin,resistant,> 8 mg/L,SAMN13024260,GCA_012868535.1,Escherichia,Escherichia coli,Escherichia coli,562,,Homo sapiens,SRS5536213,broth dilution,BD Phoenix,EUCAST,ARO_3000637|https://www.ebi.ac.uk/ols4/ontologies/aro/classes/http%253A%252F%252Fpurl.obolibrary.org%252Fobo%252FARO_3000637,DABEQB010000016.1,44460,44894,+,GCA_012868535.1_04007,marR,marR_S3N,AMR,POINT,MULTIDRUG,AMPICILLIN/CHLORAMPHENICOL/QUINOLONE/RIFAMPIN/TETRACYCLINE,AMPICILLIN,POINTP,WP_000843414.1,transcriptional regulator MarR,100.00,97.92,,,Annotation|https://ftp.ebi.ac.uk/pub/databases/amr_portal/genomes/GCA/012/868/GCA_012868535.1,1.5.0,Fast,2013,,,,,,,32205351,no,PATRIC;CABBAGE_PubMed_data,United Kingdom of Great Britain and Northern Ireland,Europe,Northern Europe
ampicillin,susceptible,<= 2 mg/L,SAMN13023871,GCA_012864615.1,Escherichia,Escherichia coli,Escherichia coli,562,,Homo sapiens,SRS5536636,broth dilution,BD Phoenix,EUCAST,ARO_3000637|https://www.ebi.ac.uk/ols4/ontologies/aro/classes/http%253A%252F%252Fpurl.obolibrary.org%252Fobo%252FARO_3000637,DABEJN010000017.1,72616,73050,-,GCA_012864615.1_03820,marR,marR_S3N,AMR,POINT,MULTIDRUG,AMPICILLIN/CHLORAMPHENICOL/QUINOLONE/RIFAMPIN/TETRACYCLINE,AMPICILLIN,POINTP,WP_000843414.1,transcriptional regulator MarR,100.00,97.92,,,Annotation|https://ftp.ebi.ac.uk/pub/databases/amr_portal/genomes/GCA/012/864/GCA_012864615.1,1.5.0,Fast,2013,,,,,,,32205351,no,CABBAGE_PubMed_data,United Kingdom of Great Britain and Northern Ireland,Europe,Northern Europe
ampicillin,resistant,> 8 mg/L,SAMN13024347,GCA_012864995.1,Escherichia,Escherichia coli,Escherichia coli,562,,Homo sapiens,SRS5535761,broth dilution,BD Phoenix,EUCAST,ARO_3000637|https://www.ebi.ac.uk/ols4/ontologies/aro/classes/http%253A%252F%252Fpurl.obolibrary.org%252Fobo%252FARO_3000637,DABEJS010000017.1,72616,73050,-,GCA_012864995.1_03809,marR,marR_S3N,AMR,POINT,MULTIDRUG,AMPICILLIN/CHLORAMPHENICOL/QUINOLONE/RIFAMPIN/TETRACYCLINE,AMPICILLIN,POINTP,WP_000843414.1,transcriptional regulator MarR,100.00,97.92,,,Annotation|https://ftp.ebi.ac.uk/pub/databases/amr_portal/genomes/GCA/012/864/GCA_012864995.1,1.5.0,Fast,2014,,,,,,,32205351,no,PATRIC;CABBAGE_PubMed_data,United Kingdom of Great Britain and Northern Ireland,Europe,Northern Europe
ampicillin,resistant,> 8 mg/L,SAMN13023945,GCA_012856535.1,Escherichia,Escherichia coli,Escherichia coli,562,,Homo sapiens,SRS5536674,broth dilution,BD Phoenix,EUCAST,ARO_3000637|https://www.ebi.ac.uk/ols4/ontologies/aro/classes/http%253A%252F%252Fpurl.obolibrary.org%252Fobo%252FARO_3000637,DABDYQ010000003.1,36769,37203,+,GCA_012856535.1_00871,marR,marR_S3N,AMR,POINT,MULTIDRUG,AMPICILLIN/CHLORAMPHENICOL/QUINOLONE/RIFAMPIN/TETRACYCLINE,AMPICILLIN,POINTP,WP_000843414.1,transcriptional regulator MarR,100.00,97.92,,,Annotation|https://ftp.ebi.ac.uk/pub/databases/amr_portal/genomes/GCA/012/856/GCA_012856535.1,1.5.0,Fast,2015,,,,,,,32205351,no,PATRIC;CABBAGE_PubMed_data,United Kingdom of Great Britain and Northern Ireland,Europe,Northern Europe
ampicillin,susceptible,<= 2 mg/L,SAMN13023933,GCA_012856675.1,Escherichia,Escherichia coli,Escherichia coli,562,,Homo sapiens,SRS5536686,broth dilution,BD Phoenix,EUCAST,ARO_3000637|https://www.ebi.ac.uk/ols4/ontologies/aro/classes/http%253A%252F%252Fpurl.obolibrary.org%252Fobo%252FARO_3000637,DABDYY010000001.1,36061,36495,+,GCA_012856675.1_00034,marR,marR_S3N,AMR,POINT,MULTIDRUG,AMPICILLIN/CHLORAMPHENICOL/QUINOLONE/RIFAMPIN/TETRACYCLINE,AMPICILLIN,POINTP,WP_000843414.1,transcriptional regulator MarR,100.00,97.92,,,Annotation|https://ftp.ebi.ac.uk/pub/databases/amr_portal/genomes/GCA/012/856/GCA_012856675.1,1.5.0,Fast,2013,,,,,,,32205351,no,PATRIC;CABBAGE_PubMed_data,United Kingdom of Great Britain and Northern Ireland,Europe,Northern Europe
ampicillin,susceptible,<= 2 mg/L,SAMN13023915,GCA_012856855.1,Escherichia,Escherichia coli,Escherichia coli,562,,Homo sapiens,SRS5536704,broth dilution,BD Phoenix,EUCAST,ARO_3000637|https://www.ebi.ac.uk/ols4/ontologies/aro/classes/http%253A%252F%252Fpurl.obolibrary.org%252Fobo%252FARO_3000637,DABDZK010000015.1,59403,59837,+,GCA_012856855.1_03323,marR,marR_S3N,AMR,POINT,MULTIDRUG,AMPICILLIN/CHLORAMPHENICOL/QUINOLONE/RIFAMPIN/TETRACYCLINE,AMPICILLIN,POINTP,WP_000843414.1,transcriptional regulator MarR,100.00,97.92,,,Annotation|https://ftp.ebi.ac.uk/pub/databases/amr_portal/genomes/GCA/012/856/GCA_012856855.1,1.5.0,Fast,2014,,,,,,,32205351,no,PATRIC;CABBAGE_PubMed_data,United Kingdom of Great Britain and Northern Ireland,Europe,Northern Europe
ampicillin,susceptible,<= 2 mg/L,SAMN13023936,GCA_012856655.1,Escherichia,Escherichia coli,Escherichia coli,562,,Homo sapiens,SRS5536683,broth dilution,BD Phoenix,EUCAST,ARO_3000637|https://www.ebi.ac.uk/ols4/ontologies/aro/classes/http%253A%252F%252Fpurl.obolibrary.org%252Fobo%252FARO_3000637,DABDYX010000019.1,44868,45302,+,GCA_012856655.1_04094,marR,marR_S3N,AMR,POINT,MULTIDRUG,AMPICILLIN/CHLORAMPHENICOL/QUINOLONE/RIFAMPIN/TETRACYCLINE,AMPICILLIN,POINTP,WP_000843414.1,transcriptional regulator MarR,100.00,97.92,,,Annotation|https://ftp.ebi.ac.uk/pub/databases/amr_portal/genomes/GCA/012/856/GCA_012856655.1,1.5.0,Fast,2014,,,,,,,32205351,no,PATRIC;CABBAGE_PubMed_data,United Kingdom of Great Britain and Northern Ireland,Europe,Northern Europe
ampicillin,susceptible,<= 2 mg/L,SAMN13023910,GCA_012856875.1,Escherichia,Escherichia coli,Escherichia coli,562,,Homo sapiens,SRS5536709,broth dilution,BD Phoenix,EUCAST,ARO_3000637|https://www.ebi.ac.uk/ols4/ontologies/aro/classes/http%253A%252F%252Fpurl.obolibrary.org%252Fobo%252FARO_3000637,DABDZL010000018.1,13230,13664,+,GCA_012856875.1_04060,marR,marR_S3N,AMR,POINT,MULTIDRUG,AMPICILLIN/CHLORAMPHENICOL/QUINOLONE/RIFAMPIN/TETRACYCLINE,AMPICILLIN,POINTP,WP_000843414.1,transcriptional regulator MarR,100.00,97.92,,,Annotation|https://ftp.ebi.ac.uk/pub/databases/amr_portal/genomes/GCA/012/856/GCA_012856875.1,1.5.0,Fast,2014,,,,,,,32205351,no,PATRIC;CABBAGE_PubMed_data,United Kingdom of Great Britain and Northern Ireland,Europe,Northern Europe
ampicillin,susceptible,<= 2 mg/L,SAMN13023918,GCA_012856775.1,Escherichia,Escherichia coli,Escherichia coli,562,,Homo sapiens,SRS5536701,broth dilution,BD Phoenix,EUCAST,ARO_3000637|https://www.ebi.ac.uk/ols4/ontologies/aro/classes/http%253A%252F%252Fpurl.obolibrary.org%252Fobo%252FARO_3000637,DABDZH010000008.1,156568,157002,-,GCA_012856775.1_02966,marR,marR_S3N,AMR,POINT,MULTIDRUG,AMPICILLIN/CHLORAMPHENICOL/QUINOLONE/RIFAMPIN/TETRACYCLINE,AMPICILLIN,POINTP,WP_000843414.1,transcriptional regulator MarR,100.00,97.92,,,Annotation|https://ftp.ebi.ac.uk/pub/databases/amr_portal/genomes/GCA/012/856/GCA_012856775.1,1.5.0,Fast,2013,,,,,,,32205351,no,PATRIC;CABBAGE_PubMed_data,United Kingdom of Great Britain and Northern Ireland,Europe,Northern Europe
ampicillin,resistant,> 8 mg/L,SAMN13023944,GCA_012856635.1,Escherichia,Escherichia coli,Escherichia coli,562,,Homo sapiens,SRS5536675,broth dilution,BD Phoenix,EUCAST,ARO_3000637|https://www.ebi.ac.uk/ols4/ontologies/aro/classes/http%253A%252F%252Fpurl.obolibrary.org%252Fobo%252FARO_3000637,DABDYT010000019.1,36769,37203,+,GCA_012856635.1_03217,marR,marR_S3N,AMR,POINT,MULTIDRUG,AMPICILLIN/CHLORAMPHENICOL/QUINOLONE/RIFAMPIN/TETRACYCLINE,AMPICILLIN,POINTP,WP_000843414.1,transcriptional regulator MarR,100.00,97.92,,,Annotation|https://ftp.ebi.ac.uk/pub/databases/amr_portal/genomes/GCA/012/856/GCA_012856635.1,1.5.0,Fast,2015,,,,,,,32205351,no,PATRIC;CABBAGE_PubMed_data,United Kingdom of Great Britain and Northern Ireland,Europe,Northern Europe
ampicillin,resistant,> 32 mg/L,SAMN12943596,GCA_012598465.1,Escherichia,Escherichia coli,Escherichia coli,562,CVM N19EC0248,other (non-clinical isolate),SRS5823345,broth dilution,Sensititre,,ARO_3000637|https://www.ebi.ac.uk/ols4/ontologies/aro/classes/http%253A%252F%252Fpurl.obolibrary.org%252Fobo%252FARO_3000637,AASVTW010000002.1,35813,36247,+,GCA_012598465.1_00601,marR,marR_S3N,AMR,POINT,MULTIDRUG,AMPICILLIN/CHLORAMPHENICOL/QUINOLONE/RIFAMPIN/TETRACYCLINE,AMPICILLIN,POINTP,WP_000843414.1,transcriptional regulator MarR,100.00,97.92,,,Annotation|https://ftp.ebi.ac.uk/pub/databases/amr_portal/genomes/GCA/012/598/GCA_012598465.1,1.6.0,Full,2019,,,ground turkey,,,,,no,NCBI_antibiogram;NDARO,United States of America,Americas,Northern America
ampicillin,resistant,>= 32 mg/L,SAMN13176257,GCA_012915035.1,Escherichia,Escherichia coli,Escherichia coli,562,unkown,Homo sapiens,SRS5599227,,,,ARO_3000637|https://www.ebi.ac.uk/ols4/ontologies/aro/classes/http%253A%252F%252Fpurl.obolibrary.org%252Fobo%252FARO_3000637,DABFRA010000001.1,355936,356370,-,GCA_012915035.1_00359,marR,marR_S3N,AMR,POINT,MULTIDRUG,AMPICILLIN/CHLORAMPHENICOL/QUINOLONE/RIFAMPIN/TETRACYCLINE,AMPICILLIN,POINTP,WP_000843414.1,transcriptional regulator MarR,100.00,97.92,,,Annotation|https://ftp.ebi.ac.uk/pub/databases/amr_portal/genomes/GCA/012/915/GCA_012915035.1,1.6.0,Full,2017,,,blood,blood,39.1412722,-84.5021165,,no,NCBI_antibiogram;NDARO,United States of America,Americas,Northern America
ampicillin,resistant,>= 32 mg/L,SAMN13176251,GCA_012915125.1,Escherichia,Escherichia coli,Escherichia coli,562,unkown,Homo sapiens,SRS5599221,,,,ARO_3000637|https://www.ebi.ac.uk/ols4/ontologies/aro/classes/http%253A%252F%252Fpurl.obolibrary.org%252Fobo%252FARO_3000637,DABFQZ010000011.1,107895,108329,-,GCA_012915125.1_02410,marR,marR_S3N,AMR,POINT,MULTIDRUG,AMPICILLIN/CHLORAMPHENICOL/QUINOLONE/RIFAMPIN/TETRACYCLINE,AMPICILLIN,POINTP,WP_000843414.1,transcriptional regulator MarR,100.00,97.92,,,Annotation|https://ftp.ebi.ac.uk/pub/databases/amr_portal/genomes/GCA/012/915/GCA_012915125.1,1.6.0,Full,2017,,,urine,urinary tract,39.1412722,-84.5021159,,no,NCBI_antibiogram;NDARO,United States of America,Americas,Northern America
ampicillin,susceptible,<= 2 mg/L,SAMN13024690,GCA_012882375.1,Escherichia,Escherichia coli,Escherichia coli,562,,Homo sapiens,SRS5535782,broth dilution,BD Phoenix,EUCAST,ARO_3000637|https://www.ebi.ac.uk/ols4/ontologies/aro/classes/http%253A%252F%252Fpurl.obolibrary.org%252Fobo%252FARO_3000637,DABFHN010000015.1,36769,37203,+,GCA_012882375.1_04414,marR,marR_S3N,AMR,POINT,MULTIDRUG,AMPICILLIN/CHLORAMPHENICOL/QUINOLONE/RIFAMPIN/TETRACYCLINE,AMPICILLIN,POINTP,WP_000843414.1,transcriptional regulator MarR,100.00,97.92,,,Annotation|https://ftp.ebi.ac.uk/pub/databases/amr_portal/genomes/GCA/012/882/GCA_012882375.1,1.5.0,Fast,2014,,,,,,,32205351,no,PATRIC;CABBAGE_PubMed_data,United Kingdom of Great Britain and Northern Ireland,Europe,Northern Europe
ampicillin,susceptible,<= 2 mg/L,SAMN13024452,GCA_012870975.1,Escherichia,Escherichia coli,Escherichia coli,562,,Homo sapiens,SRS5536010,broth dilution,BD Phoenix,EUCAST,ARO_3000637|https://www.ebi.ac.uk/ols4/ontologies/aro/classes/http%253A%252F%252Fpurl.obolibrary.org%252Fobo%252FARO_3000637,DABEXM010000003.1,472734,473168,-,GCA_012870975.1_01834,marR,marR_S3N,AMR,POINT,MULTIDRUG,AMPICILLIN/CHLORAMPHENICOL/QUINOLONE/RIFAMPIN/TETRACYCLINE,AMPICILLIN,POINTP,WP_000843414.1,transcriptional regulator MarR,100.00,97.92,,,Annotation|https://ftp.ebi.ac.uk/pub/databases/amr_portal/genomes/GCA/012/870/GCA_012870975.1,1.5.0,Fast,2014,,,,,,,32205351,no,PATRIC;CABBAGE_PubMed_data,United Kingdom of Great Britain and Northern Ireland,Europe,Northern Europe
ampicillin,susceptible,<= 2 mg/L,SAMN13024152,GCA_012870635.1,Escherichia,Escherichia coli,Escherichia coli,562,,Homo sapiens,SRS5536324,broth dilution,BD Phoenix,EUCAST,ARO_3000637|https://www.ebi.ac.uk/ols4/ontologies/aro/classes/http%253A%252F%252Fpurl.obolibrary.org%252Fobo%252FARO_3000637,DABEUO010000002.1,492834,493268,-,GCA_012870635.1_01033,marR,marR_S3N,AMR,POINT,MULTIDRUG,AMPICILLIN/CHLORAMPHENICOL/QUINOLONE/RIFAMPIN/TETRACYCLINE,AMPICILLIN,POINTP,WP_000843414.1,transcriptional regulator MarR,100.00,97.92,,,Annotation|https://ftp.ebi.ac.uk/pub/databases/amr_portal/genomes/GCA/012/870/GCA_012870635.1,1.5.0,Fast,2013,,,,,,,32205351,no,PATRIC;CABBAGE_PubMed_data,United Kingdom of Great Britain and Northern Ireland,Europe,Northern Europe
ampicillin,susceptible,<= 2 mg/L,SAMN13024168,GCA_012870355.1,Escherichia,Escherichia coli,Escherichia coli,562,,Homo sapiens,SRS5536308,broth dilution,BD Phoenix,EUCAST,ARO_3000637|https://www.ebi.ac.uk/ols4/ontologies/aro/classes/http%253A%252F%252Fpurl.obolibrary.org%252Fobo%252FARO_3000637,DABETX010000001.1,35558,35992,+,GCA_012870355.1_00034,marR,marR_S3N,AMR,POINT,MULTIDRUG,AMPICILLIN/CHLORAMPHENICOL/QUINOLONE/RIFAMPIN/TETRACYCLINE,AMPICILLIN,POINTP,WP_000843414.1,transcriptional regulator MarR,100.00,97.92,,,Annotation|https://ftp.ebi.ac.uk/pub/databases/amr_portal/genomes/GCA/012/870/GCA_012870355.1,1.5.0,Fast,2014,,,,,,,32205351,no,PATRIC;CABBAGE_PubMed_data,United Kingdom of Great Britain and Northern Ireland,Europe,Northern Europe
ampicillin,resistant,> 8 mg/L,SAMN13024172,GCA_012870195.1,Escherichia,Escherichia coli,Escherichia coli,562,,Homo sapiens,SRS5536303,broth dilution,BD Phoenix,EUCAST,ARO_3000637|https://www.ebi.ac.uk/ols4/ontologies/aro/classes/http%253A%252F%252Fpurl.obolibrary.org%252Fobo%252FARO_3000637,DABETT010000002.1,519215,519649,-,GCA_012870195.1_01279,marR,marR_S3N,AMR,POINT,MULTIDRUG,AMPICILLIN/CHLORAMPHENICOL/QUINOLONE/RIFAMPIN/TETRACYCLINE,AMPICILLIN,POINTP,WP_000843414.1,transcriptional regulator MarR,100.00,97.92,,,Annotation|https://ftp.ebi.ac.uk/pub/databases/amr_portal/genomes/GCA/012/870/GCA_012870195.1,1.5.0,Fast,2013,,,,,,,32205351,no,PATRIC;CABBAGE_PubMed_data,United Kingdom of Great Britain and Northern Ireland,Europe,Northern Europe
ampicillin,susceptible,= 4 mg/L,SAMN13024181,GCA_012870055.1,Escherichia,Escherichia coli,Escherichia coli,562,,Homo sapiens,SRS5536294,broth dilution,BD Phoenix,EUCAST,ARO_3000637|https://www.ebi.ac.uk/ols4/ontologies/aro/classes/http%253A%252F%252Fpurl.obolibrary.org%252Fobo%252FARO_3000637,DABETM010000025.1,22861,23295,+,GCA_012870055.1_04141,marR,marR_S3N,AMR,POINT,MULTIDRUG,AMPICILLIN/CHLORAMPHENICOL/QUINOLONE/RIFAMPIN/TETRACYCLINE,AMPICILLIN,POINTP,WP_000843414.1,transcriptional regulator MarR,100.00,97.92,,,Annotation|https://ftp.ebi.ac.uk/pub/databases/amr_portal/genomes/GCA/012/870/GCA_012870055.1,1.5.0,Fast,2014,,,,,,,32205351,no,PATRIC;CABBAGE_PubMed_data,United Kingdom of Great Britain and Northern Ireland,Europe,Northern Europe
ampicillin,susceptible,<= 2 mg/L,SAMN13024183,GCA_012870095.1,Escherichia,Escherichia coli,Escherichia coli,562,,Homo sapiens,SRS5536292,broth dilution,BD Phoenix,EUCAST,ARO_3000637|https://www.ebi.ac.uk/ols4/ontologies/aro/classes/http%253A%252F%252Fpurl.obolibrary.org%252Fobo%252FARO_3000637,DABETJ010000019.1,36769,37203,+,GCA_012870095.1_04003,marR,marR_S3N,AMR,POINT,MULTIDRUG,AMPICILLIN/CHLORAMPHENICOL/QUINOLONE/RIFAMPIN/TETRACYCLINE,AMPICILLIN,POINTP,WP_000843414.1,transcriptional regulator MarR,100.00,97.92,,,Annotation|https://ftp.ebi.ac.uk/pub/databases/amr_portal/genomes/GCA/012/870/GCA_012870095.1,1.5.0,Fast,2014,,,,,,,32205351,no,PATRIC;CABBAGE_PubMed_data,United Kingdom of Great Britain and Northern Ireland,Europe,Northern Europe
ampicillin,susceptible,<= 2 mg/L,SAMN13024154,GCA_012870595.1,Escherichia,Escherichia coli,Escherichia coli,562,,Homo sapiens,SRS5536322,broth dilution,BD Phoenix,EUCAST,ARO_3000637|https://www.ebi.ac.uk/ols4/ontologies/aro/classes/http%253A%252F%252Fpurl.obolibrary.org%252Fobo%252FARO_3000637,DABEUJ010000001.1,12861,13295,+,GCA_012870595.1_00014,marR,marR_S3N,AMR,POINT,MULTIDRUG,AMPICILLIN/CHLORAMPHENICOL/QUINOLONE/RIFAMPIN/TETRACYCLINE,AMPICILLIN,POINTP,WP_000843414.1,transcriptional regulator MarR,100.00,97.92,,,Annotation|https://ftp.ebi.ac.uk/pub/databases/amr_portal/genomes/GCA/012/870/GCA_012870595.1,1.5.0,Fast,2013,,,,,,,32205351,no,PATRIC;CABBAGE_PubMed_data,United Kingdom of Great Britain and Northern Ireland,Europe,Northern Europe
ampicillin,resistant,> 8 mg/L,SAMN13024187,GCA_012870015.1,Escherichia,Escherichia coli,Escherichia coli,562,,Homo sapiens,SRS5536288,broth dilution,BD Phoenix,EUCAST,ARO_3000637|https://www.ebi.ac.uk/ols4/ontologies/aro/classes/http%253A%252F%252Fpurl.obolibrary.org%252Fobo%252FARO_3000637,DABETG010000012.1,120695,121129,+,GCA_012870015.1_03029,marR,marR_S3N,AMR,POINT,MULTIDRUG,AMPICILLIN/CHLORAMPHENICOL/QUINOLONE/RIFAMPIN/TETRACYCLINE,AMPICILLIN,POINTP,WP_000843414.1,transcriptional regulator MarR,100.00,97.92,,,Annotation|https://ftp.ebi.ac.uk/pub/databases/amr_portal/genomes/GCA/012/870/GCA_012870015.1,1.5.0,Fast,2013,,,,,,,32205351,no,PATRIC;CABBAGE_PubMed_data,United Kingdom of Great Britain and Northern Ireland,Europe,Northern Europe
ampicillin,resistant,> 8 mg/L,SAMN13024162,GCA_012870475.1,Escherichia,Escherichia coli,Escherichia coli,562,,Homo sapiens,SRS5536314,broth dilution,BD Phoenix,EUCAST,ARO_3000637|https://www.ebi.ac.uk/ols4/ontologies/aro/classes/http%253A%252F%252Fpurl.obolibrary.org%252Fobo%252FARO_3000637,DABEUD010000004.1,230123,230557,-,GCA_012870475.1_01125,marR,marR_S3N,AMR,POINT,MULTIDRUG,AMPICILLIN/CHLORAMPHENICOL/QUINOLONE/RIFAMPIN/TETRACYCLINE,AMPICILLIN,POINTP,WP_000843414.1,transcriptional regulator MarR,100.00,97.92,,,Annotation|https://ftp.ebi.ac.uk/pub/databases/amr_portal/genomes/GCA/012/870/GCA_012870475.1,1.5.0,Fast,2014,,,,,,,32205351,no,PATRIC;CABBAGE_PubMed_data,United Kingdom of Great Britain and Northern Ireland,Europe,Northern Europe
ampicillin,susceptible,<= 2 mg/L,SAMN13024167,GCA_012870575.1,Escherichia,Escherichia coli,Escherichia coli,562,,Homo sapiens,SRS5536309,broth dilution,BD Phoenix,EUCAST,ARO_3000637|https://www.ebi.ac.uk/ols4/ontologies/aro/classes/http%253A%252F%252Fpurl.obolibrary.org%252Fobo%252FARO_3000637,DABEUA010000002.1,110096,110530,+,GCA_012870575.1_00725,marR,marR_S3N,AMR,POINT,MULTIDRUG,AMPICILLIN/CHLORAMPHENICOL/QUINOLONE/RIFAMPIN/TETRACYCLINE,AMPICILLIN,POINTP,WP_000843414.1,transcriptional regulator MarR,100.00,97.92,,,Annotation|https://ftp.ebi.ac.uk/pub/databases/amr_portal/genomes/GCA/012/870/GCA_012870575.1,1.5.0,Fast,2015,,,,,,,32205351,no,PATRIC;CABBAGE_PubMed_data,United Kingdom of Great Britain and Northern Ireland,Europe,Northern Europe
ampicillin,susceptible,<= 2 mg/L,SAMN13024165,GCA_012870435.1,Escherichia,Escherichia coli,Escherichia coli,562,,Homo sapiens,SRS5536311,broth dilution,BD Phoenix,EUCAST,ARO_3000637|https://www.ebi.ac.uk/ols4/ontologies/aro/classes/http%253A%252F%252Fpurl.obolibrary.org%252Fobo%252FARO_3000637,DABEUB010000003.1,409318,409752,-,GCA_012870435.1_01574,marR,marR_S3N,AMR,POINT,MULTIDRUG,AMPICILLIN/CHLORAMPHENICOL/QUINOLONE/RIFAMPIN/TETRACYCLINE,AMPICILLIN,POINTP,WP_000843414.1,transcriptional regulator MarR,100.00,97.92,,,Annotation|https://ftp.ebi.ac.uk/pub/databases/amr_portal/genomes/GCA/012/870/GCA_012870435.1,1.5.0,Fast,2014,,,,,,,32205351,no,PATRIC;CABBAGE_PubMed_data,United Kingdom of Great Britain and Northern Ireland,Europe,Northern Europe
ampicillin,resistant,,SAMN04357523,GCA_012675355.1,Escherichia,Escherichia coli,Escherichia coli,562,HICF42,Homo sapiens,SRS1221374,,,,ARO_3000637|https://www.ebi.ac.uk/ols4/ontologies/aro/classes/http%253A%252F%252Fpurl.obolibrary.org%252Fobo%252FARO_3000637,DABCEH010000019.1,72616,73050,-,GCA_012675355.1_04540,marR,marR_S3N,AMR,POINT,MULTIDRUG,AMPICILLIN/CHLORAMPHENICOL/QUINOLONE/RIFAMPIN/TETRACYCLINE,AMPICILLIN,POINTP,WP_000843414.1,transcriptional regulator MarR,100.00,97.92,,,Annotation|https://ftp.ebi.ac.uk/pub/databases/amr_portal/genomes/GCA/012/675/GCA_012675355.1,1.5.0,Fast,2009,,,blood,blood,51.75,-1.26,27572646,,CABBAGE_PubMed_data,United Kingdom of Great Britain and Northern Ireland,Europe,Northern Europe
ampicillin,resistant,,SAMN04357524,GCA_012675325.1,Escherichia,Escherichia coli,Escherichia coli,562,HICF43,Homo sapiens,SRS1221373,,,,ARO_3000637|https://www.ebi.ac.uk/ols4/ontologies/aro/classes/http%253A%252F%252Fpurl.obolibrary.org%252Fobo%252FARO_3000637,DABCEE010000018.1,47450,47914,-,GCA_012675325.1_02958,soxR,soxR_G121D,AMR,POINT,MULTIDRUG,AMPICILLIN/CHLORAMPHENICOL/QUINOLONE/RIFAMPIN/TETRACYCLINE,AMPICILLIN,POINTP,WP_000412428.1,redox-sensitive transcriptional activator SoxR,100.00,99.35,,,Annotation|https://ftp.ebi.ac.uk/pub/databases/amr_portal/genomes/GCA/012/675/GCA_012675325.1,1.5.0,Fast,2009,,,blood,blood,51.75,-1.26,27572646,,CABBAGE_PubMed_data,United Kingdom of Great Britain and Northern Ireland,Europe,Northern Europe
ampicillin,resistant,,SAMN04357545,GCA_012675005.1,Escherichia,Escherichia coli,Escherichia coli,562,HICF72,Homo sapiens,SRS1221353,,,,ARO_3000637|https://www.ebi.ac.uk/ols4/ontologies/aro/classes/http%253A%252F%252Fpurl.obolibrary.org%252Fobo%252FARO_3000637,DABCDI010000006.1,231220,231654,-,GCA_012675005.1_01865,marR,marR_S3N,AMR,POINT,MULTIDRUG,AMPICILLIN/CHLORAMPHENICOL/QUINOLONE/RIFAMPIN/TETRACYCLINE,AMPICILLIN,POINTP,WP_000843414.1,transcriptional regulator MarR,100.00,97.92,,,Annotation|https://ftp.ebi.ac.uk/pub/databases/amr_portal/genomes/GCA/012/675/GCA_012675005.1,1.5.0,Fast,2009,,,blood,blood,51.75,-1.26,27572646,,CABBAGE_PubMed_data,United Kingdom of Great Britain and Northern Ireland,Europe,Northern Europe
ampicillin,susceptible,== 2 mg/L,SAMN13354150,GCA_012613185.1,Escherichia,Escherichia coli,Escherichia coli,562,19OR11GT03-EC,other (non-clinical isolate),SRS5706940,broth dilution,Sensititre,,ARO_3000637|https://www.ebi.ac.uk/ols4/ontologies/aro/classes/http%253A%252F%252Fpurl.obolibrary.org%252Fobo%252FARO_3000637,AASWRH010000002.1,476934,477368,-,GCA_012613185.1_01067,marR,marR_S3N,AMR,POINT,MULTIDRUG,AMPICILLIN/CHLORAMPHENICOL/QUINOLONE/RIFAMPIN/TETRACYCLINE,AMPICILLIN,POINTP,WP_000843414.1,transcriptional regulator MarR,100.00,97.92,,,Annotation|https://ftp.ebi.ac.uk/pub/databases/amr_portal/genomes/GCA/012/613/GCA_012613185.1,1.6.0,Full,2019,,,ground turkey,,,,,no,NCBI_antibiogram;NDARO,United States of America,Americas,Northern America
ampicillin,resistant,>= 32 mg/L,SAMN04339716,GCA_012768095.1,Escherichia,Escherichia coli,Escherichia coli,562,,Homo sapiens,SRS1224039,broth dilution,Vitek,,ARO_3000637|https://www.ebi.ac.uk/ols4/ontologies/aro/classes/http%253A%252F%252Fpurl.obolibrary.org%252Fobo%252FARO_3000637,AATFFE010000040.1,9703,10137,-,GCA_012768095.1_04048,marR,marR_S3N,AMR,POINT,MULTIDRUG,AMPICILLIN/CHLORAMPHENICOL/QUINOLONE/RIFAMPIN/TETRACYCLINE,AMPICILLIN,POINTP,WP_000843414.1,transcriptional regulator MarR,100.00,97.92,,,Annotation|https://ftp.ebi.ac.uk/pub/databases/amr_portal/genomes/GCA/012/768/GCA_012768095.1,1.5.0,Fast,2015,81.0,female,urine,urinary tract,,,,no,NCBI_antibiogram;NDARO;PATRIC,United States of America,Americas,Northern America
ampicillin,susceptible,== 2 mg/L,SAMN11372913,GCA_012347715.1,Escherichia,Escherichia coli,Escherichia coli,562,CVM N18EC178,other (non-clinical isolate),SRS4713945,broth dilution,Sensititre,,ARO_3000637|https://www.ebi.ac.uk/ols4/ontologies/aro/classes/http%253A%252F%252Fpurl.obolibrary.org%252Fobo%252FARO_3000637,AASDYY010000001.1,36984,37418,+,GCA_012347715.1_00041,marR,marR_S3N,AMR,POINT,MULTIDRUG,AMPICILLIN/CHLORAMPHENICOL/QUINOLONE/RIFAMPIN/TETRACYCLINE,AMPICILLIN,POINTP,WP_000843414.1,transcriptional regulator MarR,100.00,97.92,,,Annotation|https://ftp.ebi.ac.uk/pub/databases/amr_portal/genomes/GCA/012/347/GCA_012347715.1,1.6.0,Full,2018,,,chicken breasts,,,,,no,NCBI_antibiogram;NDARO,United States of America,Americas,Northern America
ampicillin,susceptible,<= 2 mg/L,SAMN13024212,GCA_012869215.1,Escherichia,Escherichia coli,Escherichia coli,562,,Homo sapiens,SRS5536263,broth dilution,BD Phoenix,EUCAST,ARO_3000637|https://www.ebi.ac.uk/ols4/ontologies/aro/classes/http%253A%252F%252Fpurl.obolibrary.org%252Fobo%252FARO_3000637,DABERR010000016.1,61399,61833,-,GCA_012869215.1_03996,marR,marR_S3N,AMR,POINT,MULTIDRUG,AMPICILLIN/CHLORAMPHENICOL/QUINOLONE/RIFAMPIN/TETRACYCLINE,AMPICILLIN,POINTP,WP_000843414.1,transcriptional regulator MarR,100.00,97.92,,,Annotation|https://ftp.ebi.ac.uk/pub/databases/amr_portal/genomes/GCA/012/869/GCA_012869215.1,1.5.0,Fast,2013,,,,,,,32205351,no,PATRIC;CABBAGE_PubMed_data,United Kingdom of Great Britain and Northern Ireland,Europe,Northern Europe
ampicillin,susceptible,<= 2 mg/L,SAMN13024197,GCA_012869495.1,Escherichia,Escherichia coli,Escherichia coli,562,,Homo sapiens,SRS5536278,broth dilution,BD Phoenix,EUCAST,ARO_3000637|https://www.ebi.ac.uk/ols4/ontologies/aro/classes/http%253A%252F%252Fpurl.obolibrary.org%252Fobo%252FARO_3000637,DABESU010000002.1,499310,499744,-,GCA_012869495.1_01249,marR,marR_S3N,AMR,POINT,MULTIDRUG,AMPICILLIN/CHLORAMPHENICOL/QUINOLONE/RIFAMPIN/TETRACYCLINE,AMPICILLIN,POINTP,WP_000843414.1,transcriptional regulator MarR,100.00,97.92,,,Annotation|https://ftp.ebi.ac.uk/pub/databases/amr_portal/genomes/GCA/012/869/GCA_012869495.1,1.5.0,Fast,2013,,,,,,,32205351,no,PATRIC;CABBAGE_PubMed_data,United Kingdom of Great Britain and Northern Ireland,Europe,Northern Europe
ampicillin,susceptible,= 8 mg/L,SAMN13024192,GCA_012869955.1,Escherichia,Escherichia coli,Escherichia coli,562,,Homo sapiens,SRS5536283,broth dilution,BD Phoenix,EUCAST,ARO_3000637|https://www.ebi.ac.uk/ols4/ontologies/aro/classes/http%253A%252F%252Fpurl.obolibrary.org%252Fobo%252FARO_3000637,DABETB010000002.1,36769,37203,+,GCA_012869955.1_00297,marR,marR_S3N,AMR,POINT,MULTIDRUG,AMPICILLIN/CHLORAMPHENICOL/QUINOLONE/RIFAMPIN/TETRACYCLINE,AMPICILLIN,POINTP,WP_000843414.1,transcriptional regulator MarR,100.00,97.92,,,Annotation|https://ftp.ebi.ac.uk/pub/databases/amr_portal/genomes/GCA/012/869/GCA_012869955.1,1.5.0,Fast,2015,,,,,,,32205351,no,PATRIC;CABBAGE_PubMed_data,United Kingdom of Great Britain and Northern Ireland,Europe,Northern Europe
ampicillin,susceptible,<= 2 mg/L,SAMN13024211,GCA_012869155.1,Escherichia,Escherichia coli,Escherichia coli,562,,Homo sapiens,SRS5536264,broth dilution,BD Phoenix,EUCAST,ARO_3000637|https://www.ebi.ac.uk/ols4/ontologies/aro/classes/http%253A%252F%252Fpurl.obolibrary.org%252Fobo%252FARO_3000637,DABERU010000006.1,14518,14952,+,GCA_012869155.1_01824,marR,marR_S3N,AMR,POINT,MULTIDRUG,AMPICILLIN/CHLORAMPHENICOL/QUINOLONE/RIFAMPIN/TETRACYCLINE,AMPICILLIN,POINTP,WP_000843414.1,transcriptional regulator MarR,100.00,97.92,,,Annotation|https://ftp.ebi.ac.uk/pub/databases/amr_portal/genomes/GCA/012/869/GCA_012869155.1,1.5.0,Fast,2015,,,,,,,32205351,no,PATRIC;CABBAGE_PubMed_data,United Kingdom of Great Britain and Northern Ireland,Europe,Northern Europe
ampicillin,susceptible,<= 2 mg/L,SAMN13023893,GCA_012869855.1,Escherichia,Escherichia coli,Escherichia coli,562,,Homo sapiens,SRS5536614,broth dilution,BD Phoenix,EUCAST,ARO_3000637|https://www.ebi.ac.uk/ols4/ontologies/aro/classes/http%253A%252F%252Fpurl.obolibrary.org%252Fobo%252FARO_3000637,DABESI010000003.1,74685,75119,+,GCA_012869855.1_01364,marR,marR_S3N,AMR,POINT,MULTIDRUG,AMPICILLIN/CHLORAMPHENICOL/QUINOLONE/RIFAMPIN/TETRACYCLINE,AMPICILLIN,POINTP,WP_000843414.1,transcriptional regulator MarR,100.00,97.92,,,Annotation|https://ftp.ebi.ac.uk/pub/databases/amr_portal/genomes/GCA/012/869/GCA_012869855.1,1.5.0,Fast,2015,,,,,,,32205351,no,CABBAGE_PubMed_data,United Kingdom of Great Britain and Northern Ireland,Europe,Northern Europe
ampicillin,susceptible,<= 2 mg/L,SAMN13024146,GCA_012869475.1,Escherichia,Escherichia coli,Escherichia coli,562,,Homo sapiens,SRS5536359,broth dilution,BD Phoenix,EUCAST,ARO_3000637|https://www.ebi.ac.uk/ols4/ontologies/aro/classes/http%253A%252F%252Fpurl.obolibrary.org%252Fobo%252FARO_3000637,DABERZ010000005.1,231090,231524,-,GCA_012869475.1_01742,marR,marR_S3N,AMR,POINT,MULTIDRUG,AMPICILLIN/CHLORAMPHENICOL/QUINOLONE/RIFAMPIN/TETRACYCLINE,AMPICILLIN,POINTP,WP_000843414.1,transcriptional regulator MarR,100.00,97.92,,,Annotation|https://ftp.ebi.ac.uk/pub/databases/amr_portal/genomes/GCA/012/869/GCA_012869475.1,1.5.0,Fast,2014,,,,,,,32205351,no,PATRIC;CABBAGE_PubMed_data,United Kingdom of Great Britain and Northern Ireland,Europe,Northern Europe
ampicillin,susceptible,<= 2 mg/L,SAMN13024217,GCA_012869075.1,Escherichia,Escherichia coli,Escherichia coli,562,,Homo sapiens,SRS5536258,broth dilution,BD Phoenix,EUCAST,ARO_3000637|https://www.ebi.ac.uk/ols4/ontologies/aro/classes/http%253A%252F%252Fpurl.obolibrary.org%252Fobo%252FARO_3000637,DABERN010000019.1,64537,64971,-,GCA_012869075.1_03355,marR,marR_S3N,AMR,POINT,MULTIDRUG,AMPICILLIN/CHLORAMPHENICOL/QUINOLONE/RIFAMPIN/TETRACYCLINE,AMPICILLIN,POINTP,WP_000843414.1,transcriptional regulator MarR,100.00,97.92,,,Annotation|https://ftp.ebi.ac.uk/pub/databases/amr_portal/genomes/GCA/012/869/GCA_012869075.1,1.5.0,Fast,2015,,,,,,,32205351,no,PATRIC;CABBAGE_PubMed_data,United Kingdom of Great Britain and Northern Ireland,Europe,Northern Europe
ampicillin,resistant,> 8 mg/L,SAMN13024204,GCA_012869595.1,Escherichia,Escherichia coli,Escherichia coli,562,,Homo sapiens,SRS5536271,broth dilution,BD Phoenix,EUCAST,ARO_3000637|https://www.ebi.ac.uk/ols4/ontologies/aro/classes/http%253A%252F%252Fpurl.obolibrary.org%252Fobo%252FARO_3000637,DABESO010000015.1,69363,69797,+,GCA_012869595.1_03360,marR,marR_S3N,AMR,POINT,MULTIDRUG,AMPICILLIN/CHLORAMPHENICOL/QUINOLONE/RIFAMPIN/TETRACYCLINE,AMPICILLIN,POINTP,WP_000843414.1,transcriptional regulator MarR,100.00,97.92,,,Annotation|https://ftp.ebi.ac.uk/pub/databases/amr_portal/genomes/GCA/012/869/GCA_012869595.1,1.5.0,Fast,2014,,,,,,,32205351,no,PATRIC;CABBAGE_PubMed_data,United Kingdom of Great Britain and Northern Ireland,Europe,Northern Europe
ampicillin,resistant,> 8 mg/L,SAMN13024208,GCA_012869275.1,Escherichia,Escherichia coli,Escherichia coli,562,,Homo sapiens,SRS5536267,broth dilution,BD Phoenix,EUCAST,ARO_3000637|https://www.ebi.ac.uk/ols4/ontologies/aro/classes/http%253A%252F%252Fpurl.obolibrary.org%252Fobo%252FARO_3000637,DABERV010000001.1,422816,423250,-,GCA_012869275.1_00413,marR,marR_S3N,AMR,POINT,MULTIDRUG,AMPICILLIN/CHLORAMPHENICOL/QUINOLONE/RIFAMPIN/TETRACYCLINE,AMPICILLIN,POINTP,WP_000843414.1,transcriptional regulator MarR,100.00,97.92,,,Annotation|https://ftp.ebi.ac.uk/pub/databases/amr_portal/genomes/GCA/012/869/GCA_012869275.1,1.5.0,Fast,2014,,,,,,,32205351,no,PATRIC;CABBAGE_PubMed_data,United Kingdom of Great Britain and Northern Ireland,Europe,Northern Europe
ampicillin,resistant,> 8 mg/L,SAMN13024340,GCA_012869725.1,Escherichia,Escherichia coli,Escherichia coli,562,,Homo sapiens,SRS5536104,broth dilution,BD Phoenix,EUCAST,ARO_3000637|https://www.ebi.ac.uk/ols4/ontologies/aro/classes/http%253A%252F%252Fpurl.obolibrary.org%252Fobo%252FARO_3000637,DABESK010000015.1,36769,37203,+,GCA_012869725.1_04049,marR,marR_S3N,AMR,POINT,MULTIDRUG,AMPICILLIN/CHLORAMPHENICOL/QUINOLONE/RIFAMPIN/TETRACYCLINE,AMPICILLIN,POINTP,WP_000843414.1,transcriptional regulator MarR,100.00,97.92,,,Annotation|https://ftp.ebi.ac.uk/pub/databases/amr_portal/genomes/GCA/012/869/GCA_012869725.1,1.5.0,Fast,2013,,,,,,,32205351,no,PATRIC;CABBAGE_PubMed_data,United Kingdom of Great Britain and Northern Ireland,Europe,Northern Europe
ampicillin,resistant,> 8 mg/L,SAMN13024491,GCA_012869435.1,Escherichia,Escherichia coli,Escherichia coli,562,,Homo sapiens,SRS5536660,broth dilution,BD Phoenix,EUCAST,ARO_3000637|https://www.ebi.ac.uk/ols4/ontologies/aro/classes/http%253A%252F%252Fpurl.obolibrary.org%252Fobo%252FARO_3000637,DABERY010000009.1,162544,162978,-,GCA_012869435.1_02358,marR,marR_S3N,AMR,POINT,MULTIDRUG,AMPICILLIN/CHLORAMPHENICOL/QUINOLONE/RIFAMPIN/TETRACYCLINE,AMPICILLIN,POINTP,WP_000843414.1,transcriptional regulator MarR,100.00,97.92,,,Annotation|https://ftp.ebi.ac.uk/pub/databases/amr_portal/genomes/GCA/012/869/GCA_012869435.1,1.5.0,Fast,2013,,,,,,,32205351,no,PATRIC;CABBAGE_PubMed_data,United Kingdom of Great Britain and Northern Ireland,Europe,Northern Europe
ampicillin,susceptible,<= 2 mg/L,SAMN13024193,GCA_012869935.1,Escherichia,Escherichia coli,Escherichia coli,562,,Homo sapiens,SRS5536282,broth dilution,BD Phoenix,EUCAST,ARO_3000637|https://www.ebi.ac.uk/ols4/ontologies/aro/classes/http%253A%252F%252Fpurl.obolibrary.org%252Fobo%252FARO_3000637,DABESZ010000001.1,472734,473168,-,GCA_012869935.1_00456,marR,marR_S3N,AMR,POINT,MULTIDRUG,AMPICILLIN/CHLORAMPHENICOL/QUINOLONE/RIFAMPIN/TETRACYCLINE,AMPICILLIN,POINTP,WP_000843414.1,transcriptional regulator MarR,100.00,97.92,,,Annotation|https://ftp.ebi.ac.uk/pub/databases/amr_portal/genomes/GCA/012/869/GCA_012869935.1,1.5.0,Fast,2014,,,,,,,32205351,no,PATRIC;CABBAGE_PubMed_data,United Kingdom of Great Britain and Northern Ireland,Europe,Northern Europe
ampicillin,resistant,== 6 mm,SAMN04393393,GCA_012740995.1,Escherichia,Escherichia coli,Escherichia coli,562,,Homo sapiens,SRS1243690,disk diffusion,,CLSI,ARO_3000637|https://www.ebi.ac.uk/ols4/ontologies/aro/classes/http%253A%252F%252Fpurl.obolibrary.org%252Fobo%252FARO_3000637,AATECL010000012.1,94750,95073,+,GCA_012740995.1_02668,soxS,soxS_A12S,AMR,POINT,MULTIDRUG,AMPICILLIN/CHLORAMPHENICOL/QUINOLONE/RIFAMPIN/TETRACYCLINE,AMPICILLIN,POINTP,WP_000019358.1,regulatory protein SoxS,100.00,99.07,,,Annotation|https://ftp.ebi.ac.uk/pub/databases/amr_portal/genomes/GCA/012/740/GCA_012740995.1,1.5.0,Fast,2015,89.0,female,urine,urinary tract,,,,no,NCBI_antibiogram;NDARO;PATRIC,United States of America,Americas,Northern America
ampicillin,susceptible,<= 2 mg/L,SAMN13024595,GCA_012857775.1,Escherichia,Escherichia coli,Escherichia coli,562,,Homo sapiens,SRS5536387,broth dilution,BD Phoenix,EUCAST,ARO_3000637|https://www.ebi.ac.uk/ols4/ontologies/aro/classes/http%253A%252F%252Fpurl.obolibrary.org%252Fobo%252FARO_3000637,DABEBP010000001.1,472734,473168,-,GCA_012857775.1_00457,marR,marR_S3N,AMR,POINT,MULTIDRUG,AMPICILLIN/CHLORAMPHENICOL/QUINOLONE/RIFAMPIN/TETRACYCLINE,AMPICILLIN,POINTP,WP_000843414.1,transcriptional regulator MarR,100.00,97.92,,,Annotation|https://ftp.ebi.ac.uk/pub/databases/amr_portal/genomes/GCA/012/857/GCA_012857775.1,1.5.0,Fast,2014,,,,,,,32205351,no,PATRIC;CABBAGE_PubMed_data,United Kingdom of Great Britain and Northern Ireland,Europe,Northern Europe
ampicillin,susceptible,<= 2 mg/L,SAMN13023903,GCA_012857035.1,Escherichia,Escherichia coli,Escherichia coli,562,,Homo sapiens,SRS5536716,broth dilution,BD Phoenix,EUCAST,ARO_3000637|https://www.ebi.ac.uk/ols4/ontologies/aro/classes/http%253A%252F%252Fpurl.obolibrary.org%252Fobo%252FARO_3000637,DABDZU010000017.1,36769,37203,+,GCA_012857035.1_04223,marR,marR_S3N,AMR,POINT,MULTIDRUG,AMPICILLIN/CHLORAMPHENICOL/QUINOLONE/RIFAMPIN/TETRACYCLINE,AMPICILLIN,POINTP,WP_000843414.1,transcriptional regulator MarR,100.00,97.92,,,Annotation|https://ftp.ebi.ac.uk/pub/databases/amr_portal/genomes/GCA/012/857/GCA_012857035.1,1.5.0,Fast,2013,,,,,,,32205351,no,PATRIC;CABBAGE_PubMed_data,United Kingdom of Great Britain and Northern Ireland,Europe,Northern Europe
ampicillin,susceptible,<= 2 mg/L,SAMN13024143,GCA_012857515.1,Escherichia,Escherichia coli,Escherichia coli,562,,Homo sapiens,SRS5536362,broth dilution,BD Phoenix,EUCAST,ARO_3000637|https://www.ebi.ac.uk/ols4/ontologies/aro/classes/http%253A%252F%252Fpurl.obolibrary.org%252Fobo%252FARO_3000637,DABEAR010000001.1,478387,478821,-,GCA_012857515.1_00458,marR,marR_S3N,AMR,POINT,MULTIDRUG,AMPICILLIN/CHLORAMPHENICOL/QUINOLONE/RIFAMPIN/TETRACYCLINE,AMPICILLIN,POINTP,WP_000843414.1,transcriptional regulator MarR,100.00,97.92,,,Annotation|https://ftp.ebi.ac.uk/pub/databases/amr_portal/genomes/GCA/012/857/GCA_012857515.1,1.5.0,Fast,2013,,,,,,,32205351,no,PATRIC;CABBAGE_PubMed_data,United Kingdom of Great Britain and Northern Ireland,Europe,Northern Europe
ampicillin,susceptible,<= 2 mg/L,SAMN13024524,GCA_012857335.1,Escherichia,Escherichia coli,Escherichia coli,562,,Homo sapiens,SRS5536345,broth dilution,BD Phoenix,EUCAST,ARO_3000637|https://www.ebi.ac.uk/ols4/ontologies/aro/classes/http%253A%252F%252Fpurl.obolibrary.org%252Fobo%252FARO_3000637,DABEAH010000002.1,470871,471305,-,GCA_012857335.1_01198,marR,marR_S3N,AMR,POINT,MULTIDRUG,AMPICILLIN/CHLORAMPHENICOL/QUINOLONE/RIFAMPIN/TETRACYCLINE,AMPICILLIN,POINTP,WP_000843414.1,transcriptional regulator MarR,100.00,97.92,,,Annotation|https://ftp.ebi.ac.uk/pub/databases/amr_portal/genomes/GCA/012/857/GCA_012857335.1,1.5.0,Fast,2013,,,,,,,32205351,no,PATRIC;CABBAGE_PubMed_data,United Kingdom of Great Britain and Northern Ireland,Europe,Northern Europe
ampicillin,susceptible,<= 2 mg/L,SAMN13024598,GCA_012857875.1,Escherichia,Escherichia coli,Escherichia coli,562,,Homo sapiens,SRS5535871,broth dilution,BD Phoenix,EUCAST,ARO_3000637|https://www.ebi.ac.uk/ols4/ontologies/aro/classes/http%253A%252F%252Fpurl.obolibrary.org%252Fobo%252FARO_3000637,DABEBL010000014.1,36336,36770,+,GCA_012857875.1_03660,marR,marR_S3N,AMR,POINT,MULTIDRUG,AMPICILLIN/CHLORAMPHENICOL/QUINOLONE/RIFAMPIN/TETRACYCLINE,AMPICILLIN,POINTP,WP_000843414.1,transcriptional regulator MarR,100.00,97.92,,,Annotation|https://ftp.ebi.ac.uk/pub/databases/amr_portal/genomes/GCA/012/857/GCA_012857875.1,1.5.0,Fast,2014,,,,,,,32205351,no,PATRIC;CABBAGE_PubMed_data,United Kingdom of Great Britain and Northern Ireland,Europe,Northern Europe
ampicillin,susceptible,<= 2 mg/L,SAMN13023905,GCA_012857015.1,Escherichia,Escherichia coli,Escherichia coli,562,,Homo sapiens,SRS5536714,broth dilution,BD Phoenix,EUCAST,ARO_3000637|https://www.ebi.ac.uk/ols4/ontologies/aro/classes/http%253A%252F%252Fpurl.obolibrary.org%252Fobo%252FARO_3000637,DABDZV010000022.1,72616,73050,-,GCA_012857015.1_03621,marR,marR_S3N,AMR,POINT,MULTIDRUG,AMPICILLIN/CHLORAMPHENICOL/QUINOLONE/RIFAMPIN/TETRACYCLINE,AMPICILLIN,POINTP,WP_000843414.1,transcriptional regulator MarR,100.00,97.92,,,Annotation|https://ftp.ebi.ac.uk/pub/databases/amr_portal/genomes/GCA/012/857/GCA_012857015.1,1.5.0,Fast,2015,,,,,,,32205351,no,PATRIC;CABBAGE_PubMed_data,United Kingdom of Great Britain and Northern Ireland,Europe,Northern Europe
ampicillin,resistant,>= 32 mg/L,SAMN07450850,GCA_012432695.1,Escherichia,Escherichia coli,Escherichia coli,562,,Homo sapiens,SRS2407855,broth dilution,Vitek,,ARO_3000637|https://www.ebi.ac.uk/ols4/ontologies/aro/classes/http%253A%252F%252Fpurl.obolibrary.org%252Fobo%252FARO_3000637,AASMSD010000030.1,58546,58869,+,GCA_012432695.1_03866,soxS,soxS_A12S,AMR,POINT,MULTIDRUG,AMPICILLIN/CHLORAMPHENICOL/QUINOLONE/RIFAMPIN/TETRACYCLINE,AMPICILLIN,POINTP,WP_000019358.1,regulatory protein SoxS,100.00,99.07,,,Annotation|https://ftp.ebi.ac.uk/pub/databases/amr_portal/genomes/GCA/012/432/GCA_012432695.1,1.5.0,Fast,2017,65.0,female,urine,urinary tract,,,,no,NCBI_antibiogram;NDARO;PATRIC,United States of America,Americas,Northern America
ampicillin,susceptible,<= 2 mg/L,SAMN13024026,GCA_012883995.1,Escherichia,Escherichia coli,Escherichia coli,562,,Homo sapiens,SRS5536509,broth dilution,BD Phoenix,EUCAST,ARO_3000637|https://www.ebi.ac.uk/ols4/ontologies/aro/classes/http%253A%252F%252Fpurl.obolibrary.org%252Fobo%252FARO_3000637,DABFHZ010000016.1,72616,73050,-,GCA_012883995.1_04041,marR,marR_S3N,AMR,POINT,MULTIDRUG,AMPICILLIN/CHLORAMPHENICOL/QUINOLONE/RIFAMPIN/TETRACYCLINE,AMPICILLIN,POINTP,WP_000843414.1,transcriptional regulator MarR,100.00,97.92,,,Annotation|https://ftp.ebi.ac.uk/pub/databases/amr_portal/genomes/GCA/012/883/GCA_012883995.1,1.5.0,Fast,2013,,,,,,,32205351,no,PATRIC;CABBAGE_PubMed_data,United Kingdom of Great Britain and Northern Ireland,Europe,Northern Europe
ampicillin,susceptible,= 8 mg/L,SAMN13023950,GCA_012883895.1,Escherichia,Escherichia coli,Escherichia coli,562,,Homo sapiens,SRS5536669,broth dilution,BD Phoenix,EUCAST,ARO_3000637|https://www.ebi.ac.uk/ols4/ontologies/aro/classes/http%253A%252F%252Fpurl.obolibrary.org%252Fobo%252FARO_3000637,DABFHV010000007.1,193997,194431,-,GCA_012883895.1_02049,marR,marR_S3N,AMR,POINT,MULTIDRUG,AMPICILLIN/CHLORAMPHENICOL/QUINOLONE/RIFAMPIN/TETRACYCLINE,AMPICILLIN,POINTP,WP_000843414.1,transcriptional regulator MarR,100.00,97.92,,,Annotation|https://ftp.ebi.ac.uk/pub/databases/amr_portal/genomes/GCA/012/883/GCA_012883895.1,1.5.0,Fast,2013,,,,,,,32205351,no,PATRIC;CABBAGE_PubMed_data,United Kingdom of Great Britain and Northern Ireland,Europe,Northern Europe
ampicillin,susceptible,<= 2 mg/L,SAMN13023836,GCA_012871335.1,Escherichia,Escherichia coli,Escherichia coli,562,,Homo sapiens,SRS5536030,broth dilution,BD Phoenix,EUCAST,ARO_3000637|https://www.ebi.ac.uk/ols4/ontologies/aro/classes/http%253A%252F%252Fpurl.obolibrary.org%252Fobo%252FARO_3000637,DABEVK010000003.1,472735,473169,-,GCA_012871335.1_01633,marR,marR_S3N,AMR,POINT,MULTIDRUG,AMPICILLIN/CHLORAMPHENICOL/QUINOLONE/RIFAMPIN/TETRACYCLINE,AMPICILLIN,POINTP,WP_000843414.1,transcriptional regulator MarR,100.00,97.92,,,Annotation|https://ftp.ebi.ac.uk/pub/databases/amr_portal/genomes/GCA/012/871/GCA_012871335.1,1.5.0,Fast,2014,,,,,,,32205351,no,PATRIC;CABBAGE_PubMed_data,United Kingdom of Great Britain and Northern Ireland,Europe,Northern Europe
ampicillin,susceptible,<= 2 mg/L,SAMN13024444,GCA_012871435.1,Escherichia,Escherichia coli,Escherichia coli,562,,Homo sapiens,SRS5535742,broth dilution,BD Phoenix,EUCAST,ARO_3000637|https://www.ebi.ac.uk/ols4/ontologies/aro/classes/http%253A%252F%252Fpurl.obolibrary.org%252Fobo%252FARO_3000637,DABEXT010000019.1,18992,19426,+,GCA_012871435.1_03888,marR,marR_S3N,AMR,POINT,MULTIDRUG,AMPICILLIN/CHLORAMPHENICOL/QUINOLONE/RIFAMPIN/TETRACYCLINE,AMPICILLIN,POINTP,WP_000843414.1,transcriptional regulator MarR,100.00,97.92,,,Annotation|https://ftp.ebi.ac.uk/pub/databases/amr_portal/genomes/GCA/012/871/GCA_012871435.1,1.5.0,Fast,2013,,,,,,,32205351,no,PATRIC;CABBAGE_PubMed_data,United Kingdom of Great Britain and Northern Ireland,Europe,Northern Europe
ampicillin,resistant,> 8 mg/L,SAMN13023817,GCA_012871575.1,Escherichia,Escherichia coli,Escherichia coli,562,,Homo sapiens,SRS5536049,broth dilution,BD Phoenix,EUCAST,ARO_3000637|https://www.ebi.ac.uk/ols4/ontologies/aro/classes/http%253A%252F%252Fpurl.obolibrary.org%252Fobo%252FARO_3000637,DABEWA010000028.1,9400,9834,-,GCA_012871575.1_04474,marR,marR_S3N,AMR,POINT,MULTIDRUG,AMPICILLIN/CHLORAMPHENICOL/QUINOLONE/RIFAMPIN/TETRACYCLINE,AMPICILLIN,POINTP,WP_000843414.1,transcriptional regulator MarR,100.00,97.92,,,Annotation|https://ftp.ebi.ac.uk/pub/databases/amr_portal/genomes/GCA/012/871/GCA_012871575.1,1.5.0,Fast,2014,,,,,,,32205351,no,PATRIC;CABBAGE_PubMed_data,United Kingdom of Great Britain and Northern Ireland,Europe,Northern Europe
ampicillin,susceptible,<= 2 mg/L,SAMN13024646,GCA_012871275.1,Escherichia,Escherichia coli,Escherichia coli,562,,Homo sapiens,SRS5536134,broth dilution,BD Phoenix,EUCAST,ARO_3000637|https://www.ebi.ac.uk/ols4/ontologies/aro/classes/http%253A%252F%252Fpurl.obolibrary.org%252Fobo%252FARO_3000637,DABEVE010000018.1,29874,30308,-,GCA_012871275.1_04394,marR,marR_S3N,AMR,POINT,MULTIDRUG,AMPICILLIN/CHLORAMPHENICOL/QUINOLONE/RIFAMPIN/TETRACYCLINE,AMPICILLIN,POINTP,WP_000843414.1,transcriptional regulator MarR,100.00,97.92,,,Annotation|https://ftp.ebi.ac.uk/pub/databases/amr_portal/genomes/GCA/012/871/GCA_012871275.1,1.5.0,Fast,2013,,,,,,,32205351,no,PATRIC;CABBAGE_PubMed_data,United Kingdom of Great Britain and Northern Ireland,Europe,Northern Europe
ampicillin,susceptible,<= 2 mg/L,SAMN13024713,GCA_012871115.1,Escherichia,Escherichia coli,Escherichia coli,562,,Homo sapiens,SRS5536001,broth dilution,BD Phoenix,EUCAST,ARO_3000637|https://www.ebi.ac.uk/ols4/ontologies/aro/classes/http%253A%252F%252Fpurl.obolibrary.org%252Fobo%252FARO_3000637,DABEXD010000009.1,155981,156415,-,GCA_012871115.1_02665,marR,marR_S3N,AMR,POINT,MULTIDRUG,AMPICILLIN/CHLORAMPHENICOL/QUINOLONE/RIFAMPIN/TETRACYCLINE,AMPICILLIN,POINTP,WP_000843414.1,transcriptional regulator MarR,100.00,97.92,,,Annotation|https://ftp.ebi.ac.uk/pub/databases/amr_portal/genomes/GCA/012/871/GCA_012871115.1,1.5.0,Fast,2014,,,,,,,32205351,no,PATRIC;CABBAGE_PubMed_data,United Kingdom of Great Britain and Northern Ireland,Europe,Northern Europe
ampicillin,susceptible,<= 2 mg/L,SAMN13023831,GCA_012871415.1,Escherichia,Escherichia coli,Escherichia coli,562,,Homo sapiens,SRS5536035,broth dilution,BD Phoenix,EUCAST,ARO_3000637|https://www.ebi.ac.uk/ols4/ontologies/aro/classes/http%253A%252F%252Fpurl.obolibrary.org%252Fobo%252FARO_3000637,DABEVO010000018.1,36769,37203,+,GCA_012871415.1_04293,marR,marR_S3N,AMR,POINT,MULTIDRUG,AMPICILLIN/CHLORAMPHENICOL/QUINOLONE/RIFAMPIN/TETRACYCLINE,AMPICILLIN,POINTP,WP_000843414.1,transcriptional regulator MarR,100.00,97.92,,,Annotation|https://ftp.ebi.ac.uk/pub/databases/amr_portal/genomes/GCA/012/871/GCA_012871415.1,1.5.0,Fast,2013,,,,,,,32205351,no,PATRIC;CABBAGE_PubMed_data,United Kingdom of Great Britain and Northern Ireland,Europe,Northern Europe
ampicillin,susceptible,= 4 mg/L,SAMN13023821,GCA_012871495.1,Escherichia,Escherichia coli,Escherichia coli,562,,Homo sapiens,SRS5536045,broth dilution,BD Phoenix,EUCAST,ARO_3000637|https://www.ebi.ac.uk/ols4/ontologies/aro/classes/http%253A%252F%252Fpurl.obolibrary.org%252Fobo%252FARO_3000637,DABEVZ010000015.1,72594,73028,-,GCA_012871495.1_03924,marR,marR_S3N,AMR,POINT,MULTIDRUG,AMPICILLIN/CHLORAMPHENICOL/QUINOLONE/RIFAMPIN/TETRACYCLINE,AMPICILLIN,POINTP,WP_000843414.1,transcriptional regulator MarR,100.00,97.92,,,Annotation|https://ftp.ebi.ac.uk/pub/databases/amr_portal/genomes/GCA/012/871/GCA_012871495.1,1.5.0,Fast,2013,,,,,,,32205351,no,PATRIC;CABBAGE_PubMed_data,United Kingdom of Great Britain and Northern Ireland,Europe,Northern Europe
ampicillin,susceptible,<= 2 mg/L,SAMN13023826,GCA_012871135.1,Escherichia,Escherichia coli,Escherichia coli,562,,Homo sapiens,SRS5536040,broth dilution,BD Phoenix,EUCAST,ARO_3000637|https://www.ebi.ac.uk/ols4/ontologies/aro/classes/http%253A%252F%252Fpurl.obolibrary.org%252Fobo%252FARO_3000637,DABEVT010000016.1,72616,73050,-,GCA_012871135.1_03971,marR,marR_S3N,AMR,POINT,MULTIDRUG,AMPICILLIN/CHLORAMPHENICOL/QUINOLONE/RIFAMPIN/TETRACYCLINE,AMPICILLIN,POINTP,WP_000843414.1,transcriptional regulator MarR,100.00,97.92,,,Annotation|https://ftp.ebi.ac.uk/pub/databases/amr_portal/genomes/GCA/012/871/GCA_012871135.1,1.5.0,Fast,2014,,,,,,,32205351,no,PATRIC;CABBAGE_PubMed_data,United Kingdom of Great Britain and Northern Ireland,Europe,Northern Europe
ampicillin,resistant,> 8 mg/L,SAMN13023850,GCA_012871215.1,Escherichia,Escherichia coli,Escherichia coli,562,,Homo sapiens,SRS5536601,broth dilution,BD Phoenix,EUCAST,ARO_3000637|https://www.ebi.ac.uk/ols4/ontologies/aro/classes/http%253A%252F%252Fpurl.obolibrary.org%252Fobo%252FARO_3000637,DABEVH010000015.1,72594,73028,-,GCA_012871215.1_02940,marR,marR_S3N,AMR,POINT,MULTIDRUG,AMPICILLIN/CHLORAMPHENICOL/QUINOLONE/RIFAMPIN/TETRACYCLINE,AMPICILLIN,POINTP,WP_000843414.1,transcriptional regulator MarR,100.00,97.92,,,Annotation|https://ftp.ebi.ac.uk/pub/databases/amr_portal/genomes/GCA/012/871/GCA_012871215.1,1.5.0,Fast,2015,,,,,,,32205351,no,PATRIC;CABBAGE_PubMed_data,United Kingdom of Great Britain and Northern Ireland,Europe,Northern Europe
ampicillin,resistant,> 8 mg/L,SAMN13023834,GCA_012871075.1,Escherichia,Escherichia coli,Escherichia coli,562,,Homo sapiens,SRS5536032,broth dilution,BD Phoenix,EUCAST,ARO_3000637|https://www.ebi.ac.uk/ols4/ontologies/aro/classes/http%253A%252F%252Fpurl.obolibrary.org%252Fobo%252FARO_3000637,DABEVL010000016.1,72616,73050,-,GCA_012871075.1_03798,marR,marR_S3N,AMR,POINT,MULTIDRUG,AMPICILLIN/CHLORAMPHENICOL/QUINOLONE/RIFAMPIN/TETRACYCLINE,AMPICILLIN,POINTP,WP_000843414.1,transcriptional regulator MarR,100.00,97.92,,,Annotation|https://ftp.ebi.ac.uk/pub/databases/amr_portal/genomes/GCA/012/871/GCA_012871075.1,1.5.0,Fast,2014,,,,,,,32205351,no,PATRIC;CABBAGE_PubMed_data,United Kingdom of Great Britain and Northern Ireland,Europe,Northern Europe
ampicillin,susceptible,<= 2 mg/L,SAMN13024446,GCA_012871515.1,Escherichia,Escherichia coli,Escherichia coli,562,,Homo sapiens,SRS5535740,broth dilution,BD Phoenix,EUCAST,ARO_3000637|https://www.ebi.ac.uk/ols4/ontologies/aro/classes/http%253A%252F%252Fpurl.obolibrary.org%252Fobo%252FARO_3000637,DABEXQ010000017.1,36501,36935,+,GCA_012871515.1_03913,marR,marR_S3N,AMR,POINT,MULTIDRUG,AMPICILLIN/CHLORAMPHENICOL/QUINOLONE/RIFAMPIN/TETRACYCLINE,AMPICILLIN,POINTP,WP_000843414.1,transcriptional regulator MarR,100.00,97.92,,,Annotation|https://ftp.ebi.ac.uk/pub/databases/amr_portal/genomes/GCA/012/871/GCA_012871515.1,1.5.0,Fast,2013,,,,,,,32205351,no,PATRIC;CABBAGE_PubMed_data,United Kingdom of Great Britain and Northern Ireland,Europe,Northern Europe
ampicillin,susceptible,,SAMN04357496,GCA_012676125.1,Escherichia,Escherichia coli,Escherichia coli,562,HICF1,Homo sapiens,SRS1221399,,,,ARO_3000637|https://www.ebi.ac.uk/ols4/ontologies/aro/classes/http%253A%252F%252Fpurl.obolibrary.org%252Fobo%252FARO_3000637,DABCFJ010000016.1,36770,37204,+,GCA_012676125.1_03970,marR,marR_S3N,AMR,POINT,MULTIDRUG,AMPICILLIN/CHLORAMPHENICOL/QUINOLONE/RIFAMPIN/TETRACYCLINE,AMPICILLIN,POINTP,WP_000843414.1,transcriptional regulator MarR,100.00,97.92,,,Annotation|https://ftp.ebi.ac.uk/pub/databases/amr_portal/genomes/GCA/012/676/GCA_012676125.1,1.5.0,Fast,2008,,,blood,blood,51.75,-1.26,27572646,,CABBAGE_PubMed_data,United Kingdom of Great Britain and Northern Ireland,Europe,Northern Europe
ampicillin,susceptible,,SAMN04357498,GCA_012676185.1,Escherichia,Escherichia coli,Escherichia coli,562,HICF3,Homo sapiens,SRS1221401,,,,ARO_3000637|https://www.ebi.ac.uk/ols4/ontologies/aro/classes/http%253A%252F%252Fpurl.obolibrary.org%252Fobo%252FARO_3000637,DABCFI010000005.1,171242,171676,-,GCA_012676185.1_01741,marR,marR_S3N,AMR,POINT,MULTIDRUG,AMPICILLIN/CHLORAMPHENICOL/QUINOLONE/RIFAMPIN/TETRACYCLINE,AMPICILLIN,POINTP,WP_000843414.1,transcriptional regulator MarR,100.00,97.92,,,Annotation|https://ftp.ebi.ac.uk/pub/databases/amr_portal/genomes/GCA/012/676/GCA_012676185.1,1.5.0,Fast,2008,,,blood,blood,51.75,-1.26,27572646,,CABBAGE_PubMed_data,United Kingdom of Great Britain and Northern Ireland,Europe,Northern Europe
ampicillin,resistant,> 64 mg/L,SAMEA3993579,GCA_012682385.1,Escherichia,Escherichia coli,Escherichia coli,562,,other (non-clinical isolate),ERS1164689,broth dilution,Sensititre,EU,ARO_3000637|https://www.ebi.ac.uk/ols4/ontologies/aro/classes/http%253A%252F%252Fpurl.obolibrary.org%252Fobo%252FARO_3000637,DABCJW010000027.1,9091,9525,+,GCA_012682385.1_04658,marR,marR_S3N,AMR,POINT,MULTIDRUG,AMPICILLIN/CHLORAMPHENICOL/QUINOLONE/RIFAMPIN/TETRACYCLINE,AMPICILLIN,POINTP,WP_000843414.1,transcriptional regulator MarR,100.00,97.92,,,Annotation|https://ftp.ebi.ac.uk/pub/databases/amr_portal/genomes/GCA/012/682/GCA_012682385.1,1.5.0,Fast,2014,,,,,,,,no,COMPARE_ML,Denmark,Europe,Northern Europe
ampicillin,resistant,,SAMN04357661,GCA_012670665.1,Escherichia,Escherichia coli,Escherichia coli,562,HICF252,Homo sapiens,SRS1221237,,,,ARO_3000637|https://www.ebi.ac.uk/ols4/ontologies/aro/classes/http%253A%252F%252Fpurl.obolibrary.org%252Fobo%252FARO_3000637,DABBWT010000012.1,132140,132574,+,GCA_012670665.1_03212,marR,marR_S3N,AMR,POINT,MULTIDRUG,AMPICILLIN/CHLORAMPHENICOL/QUINOLONE/RIFAMPIN/TETRACYCLINE,AMPICILLIN,POINTP,WP_000843414.1,transcriptional regulator MarR,100.00,97.92,,,Annotation|https://ftp.ebi.ac.uk/pub/databases/amr_portal/genomes/GCA/012/670/GCA_012670665.1,1.5.0,Fast,2011,,,blood,blood,51.75,-1.26,27572646,,CABBAGE_PubMed_data,United Kingdom of Great Britain and Northern Ireland,Europe,Northern Europe
ampicillin,resistant,,SAMN04357669,GCA_012670765.1,Escherichia,Escherichia coli,Escherichia coli,562,HICF14,Homo sapiens,SRS1221229,,,,ARO_3000637|https://www.ebi.ac.uk/ols4/ontologies/aro/classes/http%253A%252F%252Fpurl.obolibrary.org%252Fobo%252FARO_3000637,DABBWS010000021.1,72450,72884,-,GCA_012670765.1_04389,marR,marR_S3N,AMR,POINT,MULTIDRUG,AMPICILLIN/CHLORAMPHENICOL/QUINOLONE/RIFAMPIN/TETRACYCLINE,AMPICILLIN,POINTP,WP_000843414.1,transcriptional regulator MarR,100.00,97.92,,,Annotation|https://ftp.ebi.ac.uk/pub/databases/amr_portal/genomes/GCA/012/670/GCA_012670765.1,1.5.0,Fast,2008,,,blood,blood,51.75,-1.26,27572646,,CABBAGE_PubMed_data,United Kingdom of Great Britain and Northern Ireland,Europe,Northern Europe
ampicillin,resistant,,SAMN04357665,GCA_012670715.1,Escherichia,Escherichia coli,Escherichia coli,562,HICF257,Homo sapiens,SRS1221233,,,,ARO_3000637|https://www.ebi.ac.uk/ols4/ontologies/aro/classes/http%253A%252F%252Fpurl.obolibrary.org%252Fobo%252FARO_3000637,DABBWN010000015.1,72616,73050,-,GCA_012670715.1_03848,marR,marR_S3N,AMR,POINT,MULTIDRUG,AMPICILLIN/CHLORAMPHENICOL/QUINOLONE/RIFAMPIN/TETRACYCLINE,AMPICILLIN,POINTP,WP_000843414.1,transcriptional regulator MarR,100.00,97.92,,,Annotation|https://ftp.ebi.ac.uk/pub/databases/amr_portal/genomes/GCA/012/670/GCA_012670715.1,1.5.0,Fast,2011,,,blood,blood,51.75,-1.26,27572646,,CABBAGE_PubMed_data,United Kingdom of Great Britain and Northern Ireland,Europe,Northern Europe
ampicillin,resistant,== 6 mm,SAMN04393392,GCA_012741035.1,Escherichia,Escherichia coli,Escherichia coli,562,,Homo sapiens,SRS1243691,disk diffusion,,CLSI,ARO_3000637|https://www.ebi.ac.uk/ols4/ontologies/aro/classes/http%253A%252F%252Fpurl.obolibrary.org%252Fobo%252FARO_3000637,AATECM010000003.1,65971,66294,-,GCA_012741035.1_00835,soxS,soxS_A12S,AMR,POINT,MULTIDRUG,AMPICILLIN/CHLORAMPHENICOL/QUINOLONE/RIFAMPIN/TETRACYCLINE,AMPICILLIN,POINTP,WP_000019358.1,regulatory protein SoxS,100.00,99.07,,,Annotation|https://ftp.ebi.ac.uk/pub/databases/amr_portal/genomes/GCA/012/741/GCA_012741035.1,1.5.0,Fast,2015,89.0,female,urine,urinary tract,,,,no,NCBI_antibiogram;NDARO;PATRIC,United States of America,Americas,Northern America
ampicillin,susceptible,<= 2 mg/L,SAMN13024130,GCA_012858115.1,Escherichia,Escherichia coli,Escherichia coli,562,,Homo sapiens,SRS5536376,broth dilution,BD Phoenix,EUCAST,ARO_3000637|https://www.ebi.ac.uk/ols4/ontologies/aro/classes/http%253A%252F%252Fpurl.obolibrary.org%252Fobo%252FARO_3000637,DABEBG010000019.1,36769,37203,+,GCA_012858115.1_03921,marR,marR_S3N,AMR,POINT,MULTIDRUG,AMPICILLIN/CHLORAMPHENICOL/QUINOLONE/RIFAMPIN/TETRACYCLINE,AMPICILLIN,POINTP,WP_000843414.1,transcriptional regulator MarR,100.00,97.92,,,Annotation|https://ftp.ebi.ac.uk/pub/databases/amr_portal/genomes/GCA/012/858/GCA_012858115.1,1.5.0,Fast,2013,,,,,,,32205351,no,PATRIC;CABBAGE_PubMed_data,United Kingdom of Great Britain and Northern Ireland,Europe,Northern Europe
ampicillin,susceptible,<= 2 mg/L,SAMN13024575,GCA_012858485.1,Escherichia,Escherichia coli,Escherichia coli,562,,Homo sapiens,SRS5536408,broth dilution,BD Phoenix,EUCAST,ARO_3000637|https://www.ebi.ac.uk/ols4/ontologies/aro/classes/http%253A%252F%252Fpurl.obolibrary.org%252Fobo%252FARO_3000637,DABECC010000024.1,9400,9834,-,GCA_012858485.1_04368,marR,marR_S3N,AMR,POINT,MULTIDRUG,AMPICILLIN/CHLORAMPHENICOL/QUINOLONE/RIFAMPIN/TETRACYCLINE,AMPICILLIN,POINTP,WP_000843414.1,transcriptional regulator MarR,100.00,97.92,,,Annotation|https://ftp.ebi.ac.uk/pub/databases/amr_portal/genomes/GCA/012/858/GCA_012858485.1,1.5.0,Fast,2014,,,,,,,32205351,no,PATRIC;CABBAGE_PubMed_data,United Kingdom of Great Britain and Northern Ireland,Europe,Northern Europe
ampicillin,resistant,>= 32 mg/L,SAMN13176252,GCA_012858695.1,Escherichia,Escherichia coli,Escherichia coli,562,unkown,Homo sapiens,SRS5599222,,,,ARO_3000637|https://www.ebi.ac.uk/ols4/ontologies/aro/classes/http%253A%252F%252Fpurl.obolibrary.org%252Fobo%252FARO_3000637,DABEDO010000028.1,9400,9834,-,GCA_012858695.1_04282,marR,marR_S3N,AMR,POINT,MULTIDRUG,AMPICILLIN/CHLORAMPHENICOL/QUINOLONE/RIFAMPIN/TETRACYCLINE,AMPICILLIN,POINTP,WP_000843414.1,transcriptional regulator MarR,100.00,97.92,,,Annotation|https://ftp.ebi.ac.uk/pub/databases/amr_portal/genomes/GCA/012/858/GCA_012858695.1,1.6.0,Full,2017,,,urine,urinary tract,39.1412722,-84.502116,,no,NCBI_antibiogram;NDARO,United States of America,Americas,Northern America
ampicillin,susceptible,<= 2 mg/L,SAMN13024584,GCA_012858275.1,Escherichia,Escherichia coli,Escherichia coli,562,,Homo sapiens,SRS5536398,broth dilution,BD Phoenix,EUCAST,ARO_3000637|https://www.ebi.ac.uk/ols4/ontologies/aro/classes/http%253A%252F%252Fpurl.obolibrary.org%252Fobo%252FARO_3000637,DABEBV010000001.1,520666,521100,-,GCA_012858275.1_00486,marR,marR_S3N,AMR,POINT,MULTIDRUG,AMPICILLIN/CHLORAMPHENICOL/QUINOLONE/RIFAMPIN/TETRACYCLINE,AMPICILLIN,POINTP,WP_000843414.1,transcriptional regulator MarR,100.00,97.92,,,Annotation|https://ftp.ebi.ac.uk/pub/databases/amr_portal/genomes/GCA/012/858/GCA_012858275.1,1.5.0,Fast,2013,,,,,,,32205351,no,PATRIC;CABBAGE_PubMed_data,United Kingdom of Great Britain and Northern Ireland,Europe,Northern Europe
ampicillin,resistant,> 8 mg/L,SAMN13024068,GCA_012858635.1,Escherichia,Escherichia coli,Escherichia coli,562,,Homo sapiens,SRS5536467,broth dilution,BD Phoenix,EUCAST,ARO_3000637|https://www.ebi.ac.uk/ols4/ontologies/aro/classes/http%253A%252F%252Fpurl.obolibrary.org%252Fobo%252FARO_3000637,DABEDZ010000002.1,118353,118787,+,GCA_012858635.1_00658,marR,marR_S3N,AMR,POINT,MULTIDRUG,AMPICILLIN/CHLORAMPHENICOL/QUINOLONE/RIFAMPIN/TETRACYCLINE,AMPICILLIN,POINTP,WP_000843414.1,transcriptional regulator MarR,100.00,97.92,,,Annotation|https://ftp.ebi.ac.uk/pub/databases/amr_portal/genomes/GCA/012/858/GCA_012858635.1,1.5.0,Fast,2013,,,,,,,32205351,no,PATRIC;CABBAGE_PubMed_data,United Kingdom of Great Britain and Northern Ireland,Europe,Northern Europe
ampicillin,resistant,> 8 mg/L,SAMN13024129,GCA_012858175.1,Escherichia,Escherichia coli,Escherichia coli,562,,Homo sapiens,SRS5536377,broth dilution,BD Phoenix,EUCAST,ARO_3000637|https://www.ebi.ac.uk/ols4/ontologies/aro/classes/http%253A%252F%252Fpurl.obolibrary.org%252Fobo%252FARO_3000637,DABEBH010000022.1,25536,25970,+,GCA_012858175.1_03697,marR,marR_S3N,AMR,POINT,MULTIDRUG,AMPICILLIN/CHLORAMPHENICOL/QUINOLONE/RIFAMPIN/TETRACYCLINE,AMPICILLIN,POINTP,WP_000843414.1,transcriptional regulator MarR,100.00,97.92,,,Annotation|https://ftp.ebi.ac.uk/pub/databases/amr_portal/genomes/GCA/012/858/GCA_012858175.1,1.5.0,Fast,2015,,,,,,,32205351,no,PATRIC;CABBAGE_PubMed_data,United Kingdom of Great Britain and Northern Ireland,Europe,Northern Europe
ampicillin,susceptible,<= 2 mg/L,SAMN13024073,GCA_012858935.1,Escherichia,Escherichia coli,Escherichia coli,562,,Homo sapiens,SRS5536462,broth dilution,BD Phoenix,EUCAST,ARO_3000637|https://www.ebi.ac.uk/ols4/ontologies/aro/classes/http%253A%252F%252Fpurl.obolibrary.org%252Fobo%252FARO_3000637,DABEDR010000012.1,36502,36936,+,GCA_012858935.1_04124,marR,marR_S3N,AMR,POINT,MULTIDRUG,AMPICILLIN/CHLORAMPHENICOL/QUINOLONE/RIFAMPIN/TETRACYCLINE,AMPICILLIN,POINTP,WP_000843414.1,transcriptional regulator MarR,100.00,97.92,,,Annotation|https://ftp.ebi.ac.uk/pub/databases/amr_portal/genomes/GCA/012/858/GCA_012858935.1,1.5.0,Fast,2013,,,,,,,32205351,no,PATRIC;CABBAGE_PubMed_data,United Kingdom of Great Britain and Northern Ireland,Europe,Northern Europe
ampicillin,resistant,> 8 mg/L,SAMN13024589,GCA_012858315.1,Escherichia,Escherichia coli,Escherichia coli,562,,Homo sapiens,SRS5536393,broth dilution,BD Phoenix,EUCAST,ARO_3000637|https://www.ebi.ac.uk/ols4/ontologies/aro/classes/http%253A%252F%252Fpurl.obolibrary.org%252Fobo%252FARO_3000637,DABEBS010000017.1,72616,73050,-,GCA_012858315.1_04071,marR,marR_S3N,AMR,POINT,MULTIDRUG,AMPICILLIN/CHLORAMPHENICOL/QUINOLONE/RIFAMPIN/TETRACYCLINE,AMPICILLIN,POINTP,WP_000843414.1,transcriptional regulator MarR,100.00,97.92,,,Annotation|https://ftp.ebi.ac.uk/pub/databases/amr_portal/genomes/GCA/012/858/GCA_012858315.1,1.5.0,Fast,2014,,,,,,,32205351,no,PATRIC;CABBAGE_PubMed_data,United Kingdom of Great Britain and Northern Ireland,Europe,Northern Europe
ampicillin,resistant,> 8 mg/L,SAMN13024127,GCA_012858195.1,Escherichia,Escherichia coli,Escherichia coli,562,,Homo sapiens,SRS5536379,broth dilution,BD Phoenix,EUCAST,ARO_3000637|https://www.ebi.ac.uk/ols4/ontologies/aro/classes/http%253A%252F%252Fpurl.obolibrary.org%252Fobo%252FARO_3000637,DABEBI010000019.1,72616,73050,-,GCA_012858195.1_03514,marR,marR_S3N,AMR,POINT,MULTIDRUG,AMPICILLIN/CHLORAMPHENICOL/QUINOLONE/RIFAMPIN/TETRACYCLINE,AMPICILLIN,POINTP,WP_000843414.1,transcriptional regulator MarR,100.00,97.92,,,Annotation|https://ftp.ebi.ac.uk/pub/databases/amr_portal/genomes/GCA/012/858/GCA_012858195.1,1.5.0,Fast,2015,,,,,,,32205351,no,PATRIC;CABBAGE_PubMed_data,United Kingdom of Great Britain and Northern Ireland,Europe,Northern Europe
ampicillin,susceptible,<= 2 mg/L,SAMN13024071,GCA_012858995.1,Escherichia,Escherichia coli,Escherichia coli,562,,Homo sapiens,SRS5536464,broth dilution,BD Phoenix,EUCAST,ARO_3000637|https://www.ebi.ac.uk/ols4/ontologies/aro/classes/http%253A%252F%252Fpurl.obolibrary.org%252Fobo%252FARO_3000637,DABEDW010000017.1,36769,37203,+,GCA_012858995.1_03326,marR,marR_S3N,AMR,POINT,MULTIDRUG,AMPICILLIN/CHLORAMPHENICOL/QUINOLONE/RIFAMPIN/TETRACYCLINE,AMPICILLIN,POINTP,WP_000843414.1,transcriptional regulator MarR,100.00,97.92,,,Annotation|https://ftp.ebi.ac.uk/pub/databases/amr_portal/genomes/GCA/012/858/GCA_012858995.1,1.5.0,Fast,2015,,,,,,,32205351,no,PATRIC;CABBAGE_PubMed_data,United Kingdom of Great Britain and Northern Ireland,Europe,Northern Europe
ampicillin,resistant,> 8 mg/L,SAMN13024067,GCA_012909825.1,Escherichia,Escherichia coli,Escherichia coli,562,,Homo sapiens,SRS5536468,broth dilution,BD Phoenix,EUCAST,ARO_3000637|https://www.ebi.ac.uk/ols4/ontologies/aro/classes/http%253A%252F%252Fpurl.obolibrary.org%252Fobo%252FARO_3000637,DABFOZ010000019.1,72545,72979,-,GCA_012909825.1_04010,marR,marR_S3N,AMR,POINT,MULTIDRUG,AMPICILLIN/CHLORAMPHENICOL/QUINOLONE/RIFAMPIN/TETRACYCLINE,AMPICILLIN,POINTP,WP_000843414.1,transcriptional regulator MarR,100.00,97.92,,,Annotation|https://ftp.ebi.ac.uk/pub/databases/amr_portal/genomes/GCA/012/909/GCA_012909825.1,1.5.0,Fast,2014,,,,,,,32205351,no,PATRIC;CABBAGE_PubMed_data,United Kingdom of Great Britain and Northern Ireland,Europe,Northern Europe
ampicillin,susceptible,<= 2 mg/L,SAMN13023756,GCA_012876535.1,Escherichia,Escherichia coli,Escherichia coli,562,,Homo sapiens,SRS5535797,broth dilution,BD Phoenix,EUCAST,ARO_3000637|https://www.ebi.ac.uk/ols4/ontologies/aro/classes/http%253A%252F%252Fpurl.obolibrary.org%252Fobo%252FARO_3000637,DABFFC010000003.1,31585,32019,+,GCA_012876535.1_01073,marR,marR_S3N,AMR,POINT,MULTIDRUG,AMPICILLIN/CHLORAMPHENICOL/QUINOLONE/RIFAMPIN/TETRACYCLINE,AMPICILLIN,POINTP,WP_000843414.1,transcriptional regulator MarR,100.00,97.92,,,Annotation|https://ftp.ebi.ac.uk/pub/databases/amr_portal/genomes/GCA/012/876/GCA_012876535.1,1.5.0,Fast,2013,,,,,,,32205351,no,PATRIC;CABBAGE_PubMed_data,United Kingdom of Great Britain and Northern Ireland,Europe,Northern Europe
ampicillin,resistant,> 8 mg/L,SAMN13023758,GCA_012876495.1,Escherichia,Escherichia coli,Escherichia coli,562,,Homo sapiens,SRS5535795,broth dilution,BD Phoenix,EUCAST,ARO_3000637|https://www.ebi.ac.uk/ols4/ontologies/aro/classes/http%253A%252F%252Fpurl.obolibrary.org%252Fobo%252FARO_3000637,DABFFB010000016.1,35813,36247,+,GCA_012876495.1_04042,marR,marR_S3N,AMR,POINT,MULTIDRUG,AMPICILLIN/CHLORAMPHENICOL/QUINOLONE/RIFAMPIN/TETRACYCLINE,AMPICILLIN,POINTP,WP_000843414.1,transcriptional regulator MarR,100.00,97.92,,,Annotation|https://ftp.ebi.ac.uk/pub/databases/amr_portal/genomes/GCA/012/876/GCA_012876495.1,1.5.0,Fast,2013,,,,,,,32205351,no,PATRIC;CABBAGE_PubMed_data,United Kingdom of Great Britain and Northern Ireland,Europe,Northern Europe
ampicillin,resistant,> 8 mg/L,SAMN13023757,GCA_012876375.1,Escherichia,Escherichia coli,Escherichia coli,562,,Homo sapiens,SRS5535796,broth dilution,BD Phoenix,EUCAST,ARO_3000637|https://www.ebi.ac.uk/ols4/ontologies/aro/classes/http%253A%252F%252Fpurl.obolibrary.org%252Fobo%252FARO_3000637,DABFFD010000019.1,36769,37203,+,GCA_012876375.1_04086,marR,marR_S3N,AMR,POINT,MULTIDRUG,AMPICILLIN/CHLORAMPHENICOL/QUINOLONE/RIFAMPIN/TETRACYCLINE,AMPICILLIN,POINTP,WP_000843414.1,transcriptional regulator MarR,100.00,97.92,,,Annotation|https://ftp.ebi.ac.uk/pub/databases/amr_portal/genomes/GCA/012/876/GCA_012876375.1,1.5.0,Fast,2014,,,,,,,32205351,no,PATRIC;CABBAGE_PubMed_data,United Kingdom of Great Britain and Northern Ireland,Europe,Northern Europe
ampicillin,resistant,> 8 mg/L,SAMN13023762,GCA_012876355.1,Escherichia,Escherichia coli,Escherichia coli,562,,Homo sapiens,SRS5535791,broth dilution,BD Phoenix,EUCAST,ARO_3000637|https://www.ebi.ac.uk/ols4/ontologies/aro/classes/http%253A%252F%252Fpurl.obolibrary.org%252Fobo%252FARO_3000637,DABFEU010000027.1,9400,9834,-,GCA_012876355.1_04345,marR,marR_S3N,AMR,POINT,MULTIDRUG,AMPICILLIN/CHLORAMPHENICOL/QUINOLONE/RIFAMPIN/TETRACYCLINE,AMPICILLIN,POINTP,WP_000843414.1,transcriptional regulator MarR,100.00,97.92,,,Annotation|https://ftp.ebi.ac.uk/pub/databases/amr_portal/genomes/GCA/012/876/GCA_012876355.1,1.5.0,Fast,2013,,,,,,,32205351,no,PATRIC;CABBAGE_PubMed_data,United Kingdom of Great Britain and Northern Ireland,Europe,Northern Europe
ampicillin,resistant,> 8 mg/L,SAMN13023779,GCA_012876095.1,Escherichia,Escherichia coli,Escherichia coli,562,,Homo sapiens,SRS5535854,broth dilution,BD Phoenix,EUCAST,ARO_3000637|https://www.ebi.ac.uk/ols4/ontologies/aro/classes/http%253A%252F%252Fpurl.obolibrary.org%252Fobo%252FARO_3000637,DABFEJ010000019.1,72617,73051,-,GCA_012876095.1_04132,marR,marR_S3N,AMR,POINT,MULTIDRUG,AMPICILLIN/CHLORAMPHENICOL/QUINOLONE/RIFAMPIN/TETRACYCLINE,AMPICILLIN,POINTP,WP_000843414.1,transcriptional regulator MarR,100.00,97.92,,,Annotation|https://ftp.ebi.ac.uk/pub/databases/amr_portal/genomes/GCA/012/876/GCA_012876095.1,1.5.0,Fast,2014,,,,,,,32205351,no,PATRIC;CABBAGE_PubMed_data,United Kingdom of Great Britain and Northern Ireland,Europe,Northern Europe
ampicillin,susceptible,<= 2 mg/L,SAMN13023772,GCA_012876335.1,Escherichia,Escherichia coli,Escherichia coli,562,,Homo sapiens,SRS5535861,broth dilution,BD Phoenix,EUCAST,ARO_3000637|https://www.ebi.ac.uk/ols4/ontologies/aro/classes/http%253A%252F%252Fpurl.obolibrary.org%252Fobo%252FARO_3000637,DABFEM010000003.1,469414,469848,-,GCA_012876335.1_01705,marR,marR_S3N,AMR,POINT,MULTIDRUG,AMPICILLIN/CHLORAMPHENICOL/QUINOLONE/RIFAMPIN/TETRACYCLINE,AMPICILLIN,POINTP,WP_000843414.1,transcriptional regulator MarR,100.00,97.92,,,Annotation|https://ftp.ebi.ac.uk/pub/databases/amr_portal/genomes/GCA/012/876/GCA_012876335.1,1.5.0,Fast,2014,,,,,,,32205351,no,PATRIC;CABBAGE_PubMed_data,United Kingdom of Great Britain and Northern Ireland,Europe,Northern Europe
ampicillin,resistant,> 8 mg/L,SAMN13023749,GCA_012876695.1,Escherichia,Escherichia coli,Escherichia coli,562,,Homo sapiens,SRS5535804,broth dilution,BD Phoenix,EUCAST,ARO_3000637|https://www.ebi.ac.uk/ols4/ontologies/aro/classes/http%253A%252F%252Fpurl.obolibrary.org%252Fobo%252FARO_3000637,DABFFM010000005.1,231239,231673,-,GCA_012876695.1_01461,marR,marR_S3N,AMR,POINT,MULTIDRUG,AMPICILLIN/CHLORAMPHENICOL/QUINOLONE/RIFAMPIN/TETRACYCLINE,AMPICILLIN,POINTP,WP_000843414.1,transcriptional regulator MarR,100.00,97.92,,,Annotation|https://ftp.ebi.ac.uk/pub/databases/amr_portal/genomes/GCA/012/876/GCA_012876695.1,1.5.0,Fast,2014,,,,,,,32205351,no,PATRIC;CABBAGE_PubMed_data,United Kingdom of Great Britain and Northern Ireland,Europe,Northern Europe
ampicillin,susceptible,<= 2 mg/L,SAMN13023748,GCA_012876675.1,Escherichia,Escherichia coli,Escherichia coli,562,,Homo sapiens,SRS5535805,broth dilution,BD Phoenix,EUCAST,ARO_3000637|https://www.ebi.ac.uk/ols4/ontologies/aro/classes/http%253A%252F%252Fpurl.obolibrary.org%252Fobo%252FARO_3000637,DABFFK010000021.1,72617,73051,-,GCA_012876675.1_03578,marR,marR_S3N,AMR,POINT,MULTIDRUG,AMPICILLIN/CHLORAMPHENICOL/QUINOLONE/RIFAMPIN/TETRACYCLINE,AMPICILLIN,POINTP,WP_000843414.1,transcriptional regulator MarR,100.00,97.92,,,Annotation|https://ftp.ebi.ac.uk/pub/databases/amr_portal/genomes/GCA/012/876/GCA_012876675.1,1.5.0,Fast,2015,,,,,,,32205351,no,PATRIC;CABBAGE_PubMed_data,United Kingdom of Great Britain and Northern Ireland,Europe,Northern Europe
ampicillin,susceptible,<= 2 mg/L,SAMN13023741,GCA_012876835.1,Escherichia,Escherichia coli,Escherichia coli,562,,Homo sapiens,SRS5535812,broth dilution,BD Phoenix,EUCAST,ARO_3000637|https://www.ebi.ac.uk/ols4/ontologies/aro/classes/http%253A%252F%252Fpurl.obolibrary.org%252Fobo%252FARO_3000637,DABFFS010000014.1,45256,45690,+,GCA_012876835.1_03571,marR,marR_S3N,AMR,POINT,MULTIDRUG,AMPICILLIN/CHLORAMPHENICOL/QUINOLONE/RIFAMPIN/TETRACYCLINE,AMPICILLIN,POINTP,WP_000843414.1,transcriptional regulator MarR,100.00,97.92,,,Annotation|https://ftp.ebi.ac.uk/pub/databases/amr_portal/genomes/GCA/012/876/GCA_012876835.1,1.5.0,Fast,2014,,,,,,,32205351,no,PATRIC;CABBAGE_PubMed_data,United Kingdom of Great Britain and Northern Ireland,Europe,Northern Europe
ampicillin,resistant,> 8 mg/L,SAMN13023755,GCA_012876615.1,Escherichia,Escherichia coli,Escherichia coli,562,,Homo sapiens,SRS5535798,broth dilution,BD Phoenix,EUCAST,ARO_3000637|https://www.ebi.ac.uk/ols4/ontologies/aro/classes/http%253A%252F%252Fpurl.obolibrary.org%252Fobo%252FARO_3000637,DABFFE010000017.1,72616,73050,-,GCA_012876615.1_04347,marR,marR_S3N,AMR,POINT,MULTIDRUG,AMPICILLIN/CHLORAMPHENICOL/QUINOLONE/RIFAMPIN/TETRACYCLINE,AMPICILLIN,POINTP,WP_000843414.1,transcriptional regulator MarR,100.00,97.92,,,Annotation|https://ftp.ebi.ac.uk/pub/databases/amr_portal/genomes/GCA/012/876/GCA_012876615.1,1.5.0,Fast,2013,,,,,,,32205351,no,PATRIC;CABBAGE_PubMed_data,United Kingdom of Great Britain and Northern Ireland,Europe,Northern Europe
ampicillin,susceptible,<= 2 mg/L,SAMN13023750,GCA_012876655.1,Escherichia,Escherichia coli,Escherichia coli,562,,Homo sapiens,SRS5535803,broth dilution,BD Phoenix,EUCAST,ARO_3000637|https://www.ebi.ac.uk/ols4/ontologies/aro/classes/http%253A%252F%252Fpurl.obolibrary.org%252Fobo%252FARO_3000637,DABFFF010000004.1,68954,69388,+,GCA_012876655.1_01735,marR,marR_S3N,AMR,POINT,MULTIDRUG,AMPICILLIN/CHLORAMPHENICOL/QUINOLONE/RIFAMPIN/TETRACYCLINE,AMPICILLIN,POINTP,WP_000843414.1,transcriptional regulator MarR,100.00,97.92,,,Annotation|https://ftp.ebi.ac.uk/pub/databases/amr_portal/genomes/GCA/012/876/GCA_012876655.1,1.5.0,Fast,2014,,,,,,,32205351,no,PATRIC;CABBAGE_PubMed_data,United Kingdom of Great Britain and Northern Ireland,Europe,Northern Europe
ampicillin,resistant,> 8 mg/L,SAMN13024470,GCA_012872075.1,Escherichia,Escherichia coli,Escherichia coli,562,,Homo sapiens,SRS5535988,broth dilution,BD Phoenix,EUCAST,ARO_3000637|https://www.ebi.ac.uk/ols4/ontologies/aro/classes/http%253A%252F%252Fpurl.obolibrary.org%252Fobo%252FARO_3000637,DABEWS010000017.1,35813,36247,+,GCA_012872075.1_03719,marR,marR_S3N,AMR,POINT,MULTIDRUG,AMPICILLIN/CHLORAMPHENICOL/QUINOLONE/RIFAMPIN/TETRACYCLINE,AMPICILLIN,POINTP,WP_000843414.1,transcriptional regulator MarR,100.00,97.92,,,Annotation|https://ftp.ebi.ac.uk/pub/databases/amr_portal/genomes/GCA/012/872/GCA_012872075.1,1.5.0,Fast,2014,,,,,,,32205351,no,PATRIC;CABBAGE_PubMed_data,United Kingdom of Great Britain and Northern Ireland,Europe,Northern Europe
ampicillin,susceptible,= 4 mg/L,SAMN13024467,GCA_012872055.1,Escherichia,Escherichia coli,Escherichia coli,562,,Homo sapiens,SRS5535991,broth dilution,BD Phoenix,EUCAST,ARO_3000637|https://www.ebi.ac.uk/ols4/ontologies/aro/classes/http%253A%252F%252Fpurl.obolibrary.org%252Fobo%252FARO_3000637,DABEWV010000017.1,36502,36936,+,GCA_012872055.1_04251,marR,marR_S3N,AMR,POINT,MULTIDRUG,AMPICILLIN/CHLORAMPHENICOL/QUINOLONE/RIFAMPIN/TETRACYCLINE,AMPICILLIN,POINTP,WP_000843414.1,transcriptional regulator MarR,100.00,97.92,,,Annotation|https://ftp.ebi.ac.uk/pub/databases/amr_portal/genomes/GCA/012/872/GCA_012872055.1,1.5.0,Fast,2014,,,,,,,32205351,no,PATRIC;CABBAGE_PubMed_data,United Kingdom of Great Britain and Northern Ireland,Europe,Northern Europe
ampicillin,susceptible,= 8 mg/L,SAMN13024422,GCA_012872975.1,Escherichia,Escherichia coli,Escherichia coli,562,,Homo sapiens,SRS5535955,broth dilution,BD Phoenix,EUCAST,ARO_3000637|https://www.ebi.ac.uk/ols4/ontologies/aro/classes/http%253A%252F%252Fpurl.obolibrary.org%252Fobo%252FARO_3000637,DABEYX010000016.1,72616,73050,-,GCA_012872975.1_02553,marR,marR_S3N,AMR,POINT,MULTIDRUG,AMPICILLIN/CHLORAMPHENICOL/QUINOLONE/RIFAMPIN/TETRACYCLINE,AMPICILLIN,POINTP,WP_000843414.1,transcriptional regulator MarR,100.00,97.92,,,Annotation|https://ftp.ebi.ac.uk/pub/databases/amr_portal/genomes/GCA/012/872/GCA_012872975.1,1.5.0,Fast,2015,,,,,,,32205351,no,PATRIC;CABBAGE_PubMed_data,United Kingdom of Great Britain and Northern Ireland,Europe,Northern Europe
ampicillin,susceptible,<= 2 mg/L,SAMN13024454,GCA_012872355.1,Escherichia,Escherichia coli,Escherichia coli,562,,Homo sapiens,SRS5536008,broth dilution,BD Phoenix,EUCAST,ARO_3000637|https://www.ebi.ac.uk/ols4/ontologies/aro/classes/http%253A%252F%252Fpurl.obolibrary.org%252Fobo%252FARO_3000637,DABEXK010000017.1,36502,36936,+,GCA_012872355.1_04312,marR,marR_S3N,AMR,POINT,MULTIDRUG,AMPICILLIN/CHLORAMPHENICOL/QUINOLONE/RIFAMPIN/TETRACYCLINE,AMPICILLIN,POINTP,WP_000843414.1,transcriptional regulator MarR,100.00,97.92,,,Annotation|https://ftp.ebi.ac.uk/pub/databases/amr_portal/genomes/GCA/012/872/GCA_012872355.1,1.5.0,Fast,2014,,,,,,,32205351,no,PATRIC;CABBAGE_PubMed_data,United Kingdom of Great Britain and Northern Ireland,Europe,Northern Europe
ampicillin,resistant,> 8 mg/L,SAMN13024430,GCA_012872755.1,Escherichia,Escherichia coli,Escherichia coli,562,,Homo sapiens,SRS5535947,broth dilution,BD Phoenix,EUCAST,ARO_3000637|https://www.ebi.ac.uk/ols4/ontologies/aro/classes/http%253A%252F%252Fpurl.obolibrary.org%252Fobo%252FARO_3000637,DABEYM010000018.1,36769,37203,+,GCA_012872755.1_04062,marR,marR_S3N,AMR,POINT,MULTIDRUG,AMPICILLIN/CHLORAMPHENICOL/QUINOLONE/RIFAMPIN/TETRACYCLINE,AMPICILLIN,POINTP,WP_000843414.1,transcriptional regulator MarR,100.00,97.92,,,Annotation|https://ftp.ebi.ac.uk/pub/databases/amr_portal/genomes/GCA/012/872/GCA_012872755.1,1.5.0,Fast,2014,,,,,,,32205351,no,PATRIC;CABBAGE_PubMed_data,United Kingdom of Great Britain and Northern Ireland,Europe,Northern Europe
ampicillin,resistant,> 8 mg/L,SAMN13024432,GCA_012872775.1,Escherichia,Escherichia coli,Escherichia coli,562,,Homo sapiens,SRS5535945,broth dilution,BD Phoenix,EUCAST,ARO_3000637|https://www.ebi.ac.uk/ols4/ontologies/aro/classes/http%253A%252F%252Fpurl.obolibrary.org%252Fobo%252FARO_3000637,DABEYK010000001.1,450584,451018,-,GCA_012872775.1_00437,marR,marR_S3N,AMR,POINT,MULTIDRUG,AMPICILLIN/CHLORAMPHENICOL/QUINOLONE/RIFAMPIN/TETRACYCLINE,AMPICILLIN,POINTP,WP_000843414.1,transcriptional regulator MarR,100.00,97.92,,,Annotation|https://ftp.ebi.ac.uk/pub/databases/amr_portal/genomes/GCA/012/872/GCA_012872775.1,1.5.0,Fast,2014,,,,,,,32205351,no,PATRIC;CABBAGE_PubMed_data,United Kingdom of Great Britain and Northern Ireland,Europe,Northern Europe
ampicillin,susceptible,<= 1 mg/L,SAMN12360002,GCA_012989605.1,Escherichia,Escherichia coli,Escherichia coli,562,CVM N18EC1172,other (non-clinical isolate),SRS5277948,broth dilution,Sensititre,,ARO_3000637|https://www.ebi.ac.uk/ols4/ontologies/aro/classes/http%253A%252F%252Fpurl.obolibrary.org%252Fobo%252FARO_3000637,AATOEQ010000001.1,42372,42806,+,GCA_012989605.1_00038,marR,marR_S3N,AMR,POINT,MULTIDRUG,AMPICILLIN/CHLORAMPHENICOL/QUINOLONE/RIFAMPIN/TETRACYCLINE,AMPICILLIN,POINTP,WP_000843414.1,transcriptional regulator MarR,100.00,97.92,,,Annotation|https://ftp.ebi.ac.uk/pub/databases/amr_portal/genomes/GCA/012/989/GCA_012989605.1,1.6.0,Full,2018,,,ground turkey,,,,,no,NCBI_antibiogram;NDARO,United States of America,Americas,Northern America
ampicillin,susceptible,<= 2 mg/L,SAMN13024039,GCA_012860515.1,Escherichia,Escherichia coli,Escherichia coli,562,,Homo sapiens,SRS5536496,broth dilution,BD Phoenix,EUCAST,ARO_3000637|https://www.ebi.ac.uk/ols4/ontologies/aro/classes/http%253A%252F%252Fpurl.obolibrary.org%252Fobo%252FARO_3000637,DABEEQ010000002.1,36539,36973,+,GCA_012860515.1_00664,marR,marR_S3N,AMR,POINT,MULTIDRUG,AMPICILLIN/CHLORAMPHENICOL/QUINOLONE/RIFAMPIN/TETRACYCLINE,AMPICILLIN,POINTP,WP_000843414.1,transcriptional regulator MarR,100.00,97.92,,,Annotation|https://ftp.ebi.ac.uk/pub/databases/amr_portal/genomes/GCA/012/860/GCA_012860515.1,1.5.0,Fast,2014,,,,,,,32205351,no,PATRIC;CABBAGE_PubMed_data,United Kingdom of Great Britain and Northern Ireland,Europe,Northern Europe
ampicillin,resistant,> 8 mg/L,SAMN13024036,GCA_012860395.1,Escherichia,Escherichia coli,Escherichia coli,562,,Homo sapiens,SRS5536499,broth dilution,BD Phoenix,EUCAST,ARO_3000637|https://www.ebi.ac.uk/ols4/ontologies/aro/classes/http%253A%252F%252Fpurl.obolibrary.org%252Fobo%252FARO_3000637,DABEET010000016.1,72614,73048,-,GCA_012860395.1_04377,marR,marR_S3N,AMR,POINT,MULTIDRUG,AMPICILLIN/CHLORAMPHENICOL/QUINOLONE/RIFAMPIN/TETRACYCLINE,AMPICILLIN,POINTP,WP_000843414.1,transcriptional regulator MarR,100.00,97.92,,,Annotation|https://ftp.ebi.ac.uk/pub/databases/amr_portal/genomes/GCA/012/860/GCA_012860395.1,1.5.0,Fast,2014,,,,,,,32205351,no,PATRIC;CABBAGE_PubMed_data,United Kingdom of Great Britain and Northern Ireland,Europe,Northern Europe
ampicillin,resistant,> 8 mg/L,SAMN13024053,GCA_012860075.1,Escherichia,Escherichia coli,Escherichia coli,562,,Homo sapiens,SRS5536482,broth dilution,BD Phoenix,EUCAST,ARO_3000637|https://www.ebi.ac.uk/ols4/ontologies/aro/classes/http%253A%252F%252Fpurl.obolibrary.org%252Fobo%252FARO_3000637,DABEEJ010000001.1,44868,45302,+,GCA_012860075.1_00043,marR,marR_S3N,AMR,POINT,MULTIDRUG,AMPICILLIN/CHLORAMPHENICOL/QUINOLONE/RIFAMPIN/TETRACYCLINE,AMPICILLIN,POINTP,WP_000843414.1,transcriptional regulator MarR,100.00,97.92,,,Annotation|https://ftp.ebi.ac.uk/pub/databases/amr_portal/genomes/GCA/012/860/GCA_012860075.1,1.5.0,Fast,2013,,,,,,,32205351,no,PATRIC;CABBAGE_PubMed_data,United Kingdom of Great Britain and Northern Ireland,Europe,Northern Europe
ampicillin,susceptible,<= 2 mg/L,SAMN13024019,GCA_012860715.1,Escherichia,Escherichia coli,Escherichia coli,562,,Homo sapiens,SRS5536516,broth dilution,BD Phoenix,EUCAST,ARO_3000637|https://www.ebi.ac.uk/ols4/ontologies/aro/classes/http%253A%252F%252Fpurl.obolibrary.org%252Fobo%252FARO_3000637,DABEFJ010000002.1,533635,534069,-,GCA_012860715.1_01330,marR,marR_S3N,AMR,POINT,MULTIDRUG,AMPICILLIN/CHLORAMPHENICOL/QUINOLONE/RIFAMPIN/TETRACYCLINE,AMPICILLIN,POINTP,WP_000843414.1,transcriptional regulator MarR,100.00,97.92,,,Annotation|https://ftp.ebi.ac.uk/pub/databases/amr_portal/genomes/GCA/012/860/GCA_012860715.1,1.5.0,Fast,2014,,,,,,,32205351,no,PATRIC;CABBAGE_PubMed_data,United Kingdom of Great Britain and Northern Ireland,Europe,Northern Europe
ampicillin,susceptible,<= 2 mg/L,SAMN13024014,GCA_012860775.1,Escherichia,Escherichia coli,Escherichia coli,562,,Homo sapiens,SRS5536521,broth dilution,BD Phoenix,EUCAST,ARO_3000637|https://www.ebi.ac.uk/ols4/ontologies/aro/classes/http%253A%252F%252Fpurl.obolibrary.org%252Fobo%252FARO_3000637,DABEFM010000016.1,72616,73050,-,GCA_012860775.1_04036,marR,marR_S3N,AMR,POINT,MULTIDRUG,AMPICILLIN/CHLORAMPHENICOL/QUINOLONE/RIFAMPIN/TETRACYCLINE,AMPICILLIN,POINTP,WP_000843414.1,transcriptional regulator MarR,100.00,97.92,,,Annotation|https://ftp.ebi.ac.uk/pub/databases/amr_portal/genomes/GCA/012/860/GCA_012860775.1,1.5.0,Fast,2014,,,,,,,32205351,no,PATRIC;CABBAGE_PubMed_data,United Kingdom of Great Britain and Northern Ireland,Europe,Northern Europe
ampicillin,susceptible,<= 2 mg/L,SAMN13024547,GCA_012860875.1,Escherichia,Escherichia coli,Escherichia coli,562,,Homo sapiens,SRS5536548,broth dilution,BD Phoenix,EUCAST,ARO_3000637|https://www.ebi.ac.uk/ols4/ontologies/aro/classes/http%253A%252F%252Fpurl.obolibrary.org%252Fobo%252FARO_3000637,DABEGG010000001.1,472734,473168,-,GCA_012860875.1_00458,marR,marR_S3N,AMR,POINT,MULTIDRUG,AMPICILLIN/CHLORAMPHENICOL/QUINOLONE/RIFAMPIN/TETRACYCLINE,AMPICILLIN,POINTP,WP_000843414.1,transcriptional regulator MarR,100.00,97.92,,,Annotation|https://ftp.ebi.ac.uk/pub/databases/amr_portal/genomes/GCA/012/860/GCA_012860875.1,1.5.0,Fast,2014,,,,,,,32205351,no,PATRIC;CABBAGE_PubMed_data,United Kingdom of Great Britain and Northern Ireland,Europe,Northern Europe
ampicillin,susceptible,<= 2 mg/L,SAMN13024055,GCA_012860055.1,Escherichia,Escherichia coli,Escherichia coli,562,,Homo sapiens,SRS5536480,broth dilution,BD Phoenix,EUCAST,ARO_3000637|https://www.ebi.ac.uk/ols4/ontologies/aro/classes/http%253A%252F%252Fpurl.obolibrary.org%252Fobo%252FARO_3000637,DABEEH010000004.1,475844,476278,-,GCA_012860055.1_02276,marR,marR_S3N,AMR,POINT,MULTIDRUG,AMPICILLIN/CHLORAMPHENICOL/QUINOLONE/RIFAMPIN/TETRACYCLINE,AMPICILLIN,POINTP,WP_000843414.1,transcriptional regulator MarR,100.00,97.92,,,Annotation|https://ftp.ebi.ac.uk/pub/databases/amr_portal/genomes/GCA/012/860/GCA_012860055.1,1.5.0,Fast,2014,,,,,,,32205351,no,PATRIC;CABBAGE_PubMed_data,United Kingdom of Great Britain and Northern Ireland,Europe,Northern Europe
ampicillin,susceptible,<= 2 mg/L,SAMN13024035,GCA_012860435.1,Escherichia,Escherichia coli,Escherichia coli,562,,Homo sapiens,SRS5536500,broth dilution,BD Phoenix,EUCAST,ARO_3000637|https://www.ebi.ac.uk/ols4/ontologies/aro/classes/http%253A%252F%252Fpurl.obolibrary.org%252Fobo%252FARO_3000637,DABEEV010000003.1,416856,417290,-,GCA_012860435.1_01335,marR,marR_S3N,AMR,POINT,MULTIDRUG,AMPICILLIN/CHLORAMPHENICOL/QUINOLONE/RIFAMPIN/TETRACYCLINE,AMPICILLIN,POINTP,WP_000843414.1,transcriptional regulator MarR,100.00,97.92,,,Annotation|https://ftp.ebi.ac.uk/pub/databases/amr_portal/genomes/GCA/012/860/GCA_012860435.1,1.5.0,Fast,2014,,,,,,,32205351,no,PATRIC;CABBAGE_PubMed_data,United Kingdom of Great Britain and Northern Ireland,Europe,Northern Europe
ampicillin,resistant,> 8 mg/L,SAMN13024569,GCA_012860835.1,Escherichia,Escherichia coli,Escherichia coli,562,,Homo sapiens,SRS5536526,broth dilution,BD Phoenix,EUCAST,ARO_3000637|https://www.ebi.ac.uk/ols4/ontologies/aro/classes/http%253A%252F%252Fpurl.obolibrary.org%252Fobo%252FARO_3000637,DABEFQ010000027.1,9435,9869,-,GCA_012860835.1_04388,marR,marR_S3N,AMR,POINT,MULTIDRUG,AMPICILLIN/CHLORAMPHENICOL/QUINOLONE/RIFAMPIN/TETRACYCLINE,AMPICILLIN,POINTP,WP_000843414.1,transcriptional regulator MarR,100.00,97.92,,,Annotation|https://ftp.ebi.ac.uk/pub/databases/amr_portal/genomes/GCA/012/860/GCA_012860835.1,1.5.0,Fast,2013,,,,,,,32205351,no,PATRIC;CABBAGE_PubMed_data,United Kingdom of Great Britain and Northern Ireland,Europe,Northern Europe
ampicillin,resistant,>= 32 mg/L,SAMN13176240,GCA_012923175.1,Escherichia,Escherichia coli,Escherichia coli,562,unkown,Homo sapiens,SRS5599218,,,,ARO_3000637|https://www.ebi.ac.uk/ols4/ontologies/aro/classes/http%253A%252F%252Fpurl.obolibrary.org%252Fobo%252FARO_3000637,DABFUH010000044.1,9400,9834,-,GCA_012923175.1_03892,marR,marR_S3N,AMR,POINT,MULTIDRUG,AMPICILLIN/CHLORAMPHENICOL/QUINOLONE/RIFAMPIN/TETRACYCLINE,AMPICILLIN,POINTP,WP_000843414.1,transcriptional regulator MarR,100.00,97.92,,,Annotation|https://ftp.ebi.ac.uk/pub/databases/amr_portal/genomes/GCA/012/923/GCA_012923175.1,1.6.0,Full,2017,,,urine,urinary tract,39.1412722,-84.5021146,,no,NCBI_antibiogram;NDARO,United States of America,Americas,Northern America
ampicillin,resistant,,SAMEA3531656,GCA_012502955.1,Escherichia,Escherichia coli,Escherichia coli,562,PB195,Homo sapiens,ERS838805,broth dilution,Vitek,EUCAST,ARO_3000637|https://www.ebi.ac.uk/ols4/ontologies/aro/classes/http%253A%252F%252Fpurl.obolibrary.org%252Fobo%252FARO_3000637,DABALE010000012.1,115652,116299,+,GCA_012502955.1_02549,acrR_2,acrR_R45C,AMR,POINT,MULTIDRUG,AMPICILLIN/CHLORAMPHENICOL/QUINOLONE/RIFAMPIN/TETRACYCLINE,AMPICILLIN,POINTP,WP_000101737.1,transcriptional regulator AcrR,100.00,99.53,,,Annotation|https://ftp.ebi.ac.uk/pub/databases/amr_portal/genomes/GCA/012/502/GCA_012502955.1,1.5.0,Fast,2015,,,,urinary tract,,,30550564,,PATRIC;CABBAGE_PubMed_data,Thailand,Asia,South-eastern Asia
ampicillin,resistant,> 32 mg/L,SAMN13173361,GCA_012619945.1,Escherichia,Escherichia coli,Escherichia coli,562,19CO05PC03-EC,other (non-clinical isolate),SRS5597536,broth dilution,Sensititre,,ARO_3000637|https://www.ebi.ac.uk/ols4/ontologies/aro/classes/http%253A%252F%252Fpurl.obolibrary.org%252Fobo%252FARO_3000637,AASXDE010000001.1,473447,473881,-,GCA_012619945.1_00456,marR,marR_S3N,AMR,POINT,MULTIDRUG,AMPICILLIN/CHLORAMPHENICOL/QUINOLONE/RIFAMPIN/TETRACYCLINE,AMPICILLIN,POINTP,WP_000843414.1,transcriptional regulator MarR,100.00,97.92,,,Annotation|https://ftp.ebi.ac.uk/pub/databases/amr_portal/genomes/GCA/012/619/GCA_012619945.1,1.6.0,Full,2019,,,pork chop,,,,,no,NCBI_antibiogram;NDARO,United States of America,Americas,Northern America
ampicillin,susceptible,== 2 mg/L,SAMN12359947,GCA_012991105.1,Escherichia,Escherichia coli,Escherichia coli,562,CVM N18EC1046,other (non-clinical isolate),SRS5277960,broth dilution,Sensititre,,ARO_3000637|https://www.ebi.ac.uk/ols4/ontologies/aro/classes/http%253A%252F%252Fpurl.obolibrary.org%252Fobo%252FARO_3000637,AATOFE010000001.1,437562,437996,-,GCA_012991105.1_00428,marR,marR_S3N,AMR,POINT,MULTIDRUG,AMPICILLIN/CHLORAMPHENICOL/QUINOLONE/RIFAMPIN/TETRACYCLINE,AMPICILLIN,POINTP,WP_000843414.1,transcriptional regulator MarR,100.00,97.92,,,Annotation|https://ftp.ebi.ac.uk/pub/databases/amr_portal/genomes/GCA/012/991/GCA_012991105.1,1.6.0,Full,2018,,,ground turkey,,,,,no,NCBI_antibiogram;NDARO,United States of America,Americas,Northern America
ampicillin,susceptible,== 2 mg/L,SAMN12359607,GCA_012307425.1,Escherichia,Escherichia coli,Escherichia coli,562,CVM N18EC1384,other (non-clinical isolate),SRS5171983,broth dilution,Sensititre,,ARO_3000637|https://www.ebi.ac.uk/ols4/ontologies/aro/classes/http%253A%252F%252Fpurl.obolibrary.org%252Fobo%252FARO_3000637,AASGBD010000001.1,35491,35925,+,GCA_012307425.1_00034,marR,marR_S3N,AMR,POINT,MULTIDRUG,AMPICILLIN/CHLORAMPHENICOL/QUINOLONE/RIFAMPIN/TETRACYCLINE,AMPICILLIN,POINTP,WP_000843414.1,transcriptional regulator MarR,100.00,97.92,,,Annotation|https://ftp.ebi.ac.uk/pub/databases/amr_portal/genomes/GCA/012/307/GCA_012307425.1,1.6.0,Full,2018,,,chicken mixed parts,,,,,no,NCBI_antibiogram;NDARO,United States of America,Americas,Northern America
ampicillin,susceptible,== 2 mg/L,SAMN11372837,GCA_012337615.1,Escherichia,Escherichia coli,Escherichia coli,562,CVM N18EC024,other (non-clinical isolate),SRS4713976,broth dilution,Sensititre,,ARO_3000637|https://www.ebi.ac.uk/ols4/ontologies/aro/classes/http%253A%252F%252Fpurl.obolibrary.org%252Fobo%252FARO_3000637,AASEAE010000004.1,61957,62391,+,GCA_012337615.1_01604,marR,marR_S3N,AMR,POINT,MULTIDRUG,AMPICILLIN/CHLORAMPHENICOL/QUINOLONE/RIFAMPIN/TETRACYCLINE,AMPICILLIN,POINTP,WP_000843414.1,transcriptional regulator MarR,100.00,97.92,,,Annotation|https://ftp.ebi.ac.uk/pub/databases/amr_portal/genomes/GCA/012/337/GCA_012337615.1,1.6.0,Full,2018,,,ground beef,,,,,no,NCBI_antibiogram;NDARO,United States of America,Americas,Northern America
ampicillin,resistant,,SAMN04357645,GCA_012671625.1,Escherichia,Escherichia coli,Escherichia coli,562,HICF229,Homo sapiens,SRS1221252,,,,ARO_3000637|https://www.ebi.ac.uk/ols4/ontologies/aro/classes/http%253A%252F%252Fpurl.obolibrary.org%252Fobo%252FARO_3000637,DABBXN010000002.1,476918,477352,-,GCA_012671625.1_01040,marR,marR_S3N,AMR,POINT,MULTIDRUG,AMPICILLIN/CHLORAMPHENICOL/QUINOLONE/RIFAMPIN/TETRACYCLINE,AMPICILLIN,POINTP,WP_000843414.1,transcriptional regulator MarR,100.00,97.92,,,Annotation|https://ftp.ebi.ac.uk/pub/databases/amr_portal/genomes/GCA/012/671/GCA_012671625.1,1.5.0,Fast,2011,,,blood,blood,51.75,-1.26,27572646,,CABBAGE_PubMed_data,United Kingdom of Great Britain and Northern Ireland,Europe,Northern Europe
ampicillin,resistant,,SAMN04357648,GCA_012671465.1,Escherichia,Escherichia coli,Escherichia coli,562,HICF233,Homo sapiens,SRS1221250,,,,ARO_3000637|https://www.ebi.ac.uk/ols4/ontologies/aro/classes/http%253A%252F%252Fpurl.obolibrary.org%252Fobo%252FARO_3000637,DABBXW010000003.1,491955,492389,-,GCA_012671465.1_01647,marR,marR_S3N,AMR,POINT,MULTIDRUG,AMPICILLIN/CHLORAMPHENICOL/QUINOLONE/RIFAMPIN/TETRACYCLINE,AMPICILLIN,POINTP,WP_000843414.1,transcriptional regulator MarR,100.00,97.92,,,Annotation|https://ftp.ebi.ac.uk/pub/databases/amr_portal/genomes/GCA/012/671/GCA_012671465.1,1.5.0,Fast,2011,,,blood,blood,51.75,-1.26,27572646,,CABBAGE_PubMed_data,United Kingdom of Great Britain and Northern Ireland,Europe,Northern Europe
ampicillin,resistant,,SAMN04357638,GCA_012671985.1,Escherichia,Escherichia coli,Escherichia coli,562,HICF221,Homo sapiens,SRS1221260,,,,ARO_3000637|https://www.ebi.ac.uk/ols4/ontologies/aro/classes/http%253A%252F%252Fpurl.obolibrary.org%252Fobo%252FARO_3000637,DABBXX010000028.1,13230,13664,+,GCA_012671985.1_04487,marR,marR_S3N,AMR,POINT,MULTIDRUG,AMPICILLIN/CHLORAMPHENICOL/QUINOLONE/RIFAMPIN/TETRACYCLINE,AMPICILLIN,POINTP,WP_000843414.1,transcriptional regulator MarR,100.00,97.92,,,Annotation|https://ftp.ebi.ac.uk/pub/databases/amr_portal/genomes/GCA/012/671/GCA_012671985.1,1.5.0,Fast,2011,,,blood,blood,51.75,-1.26,27572646,,CABBAGE_PubMed_data,United Kingdom of Great Britain and Northern Ireland,Europe,Northern Europe
ampicillin,susceptible,<= 2 mg/L,SAMN13024106,GCA_012859275.1,Escherichia,Escherichia coli,Escherichia coli,562,,Homo sapiens,SRS5536429,broth dilution,BD Phoenix,EUCAST,ARO_3000637|https://www.ebi.ac.uk/ols4/ontologies/aro/classes/http%253A%252F%252Fpurl.obolibrary.org%252Fobo%252FARO_3000637,DABECT010000016.1,72616,73050,-,GCA_012859275.1_04123,marR,marR_S3N,AMR,POINT,MULTIDRUG,AMPICILLIN/CHLORAMPHENICOL/QUINOLONE/RIFAMPIN/TETRACYCLINE,AMPICILLIN,POINTP,WP_000843414.1,transcriptional regulator MarR,100.00,97.92,,,Annotation|https://ftp.ebi.ac.uk/pub/databases/amr_portal/genomes/GCA/012/859/GCA_012859275.1,1.5.0,Fast,2014,,,,,,,32205351,no,PATRIC;CABBAGE_PubMed_data,United Kingdom of Great Britain and Northern Ireland,Europe,Northern Europe
ampicillin,resistant,> 8 mg/L,SAMN13024119,GCA_012859135.1,Escherichia,Escherichia coli,Escherichia coli,562,,Homo sapiens,SRS5536416,broth dilution,BD Phoenix,EUCAST,ARO_3000637|https://www.ebi.ac.uk/ols4/ontologies/aro/classes/http%253A%252F%252Fpurl.obolibrary.org%252Fobo%252FARO_3000637,DABECP010000002.1,472730,473164,-,GCA_012859135.1_01191,marR,marR_S3N,AMR,POINT,MULTIDRUG,AMPICILLIN/CHLORAMPHENICOL/QUINOLONE/RIFAMPIN/TETRACYCLINE,AMPICILLIN,POINTP,WP_000843414.1,transcriptional regulator MarR,100.00,97.92,,,Annotation|https://ftp.ebi.ac.uk/pub/databases/amr_portal/genomes/GCA/012/859/GCA_012859135.1,1.5.0,Fast,2014,,,,,,,32205351,no,PATRIC;CABBAGE_PubMed_data,United Kingdom of Great Britain and Northern Ireland,Europe,Northern Europe
ampicillin,resistant,> 8 mg/L,SAMN13024102,GCA_012859355.1,Escherichia,Escherichia coli,Escherichia coli,562,,Homo sapiens,SRS5536433,broth dilution,BD Phoenix,EUCAST,ARO_3000637|https://www.ebi.ac.uk/ols4/ontologies/aro/classes/http%253A%252F%252Fpurl.obolibrary.org%252Fobo%252FARO_3000637,DABECS010000017.1,37002,37436,+,GCA_012859355.1_04126,marR,marR_S3N,AMR,POINT,MULTIDRUG,AMPICILLIN/CHLORAMPHENICOL/QUINOLONE/RIFAMPIN/TETRACYCLINE,AMPICILLIN,POINTP,WP_000843414.1,transcriptional regulator MarR,100.00,97.92,,,Annotation|https://ftp.ebi.ac.uk/pub/databases/amr_portal/genomes/GCA/012/859/GCA_012859355.1,1.5.0,Fast,2013,,,,,,,32205351,no,PATRIC;CABBAGE_PubMed_data,United Kingdom of Great Britain and Northern Ireland,Europe,Northern Europe
ampicillin,susceptible,<= 2 mg/L,SAMN13024097,GCA_012859455.1,Escherichia,Escherichia coli,Escherichia coli,562,,Homo sapiens,SRS5536438,broth dilution,BD Phoenix,EUCAST,ARO_3000637|https://www.ebi.ac.uk/ols4/ontologies/aro/classes/http%253A%252F%252Fpurl.obolibrary.org%252Fobo%252FARO_3000637,DABECZ010000018.1,68834,69268,-,GCA_012859455.1_03958,marR,marR_S3N,AMR,POINT,MULTIDRUG,AMPICILLIN/CHLORAMPHENICOL/QUINOLONE/RIFAMPIN/TETRACYCLINE,AMPICILLIN,POINTP,WP_000843414.1,transcriptional regulator MarR,100.00,97.92,,,Annotation|https://ftp.ebi.ac.uk/pub/databases/amr_portal/genomes/GCA/012/859/GCA_012859455.1,1.5.0,Fast,2014,,,,,,,32205351,no,PATRIC;CABBAGE_PubMed_data,United Kingdom of Great Britain and Northern Ireland,Europe,Northern Europe
ampicillin,susceptible,<= 2 mg/L,SAMN13024114,GCA_012859155.1,Escherichia,Escherichia coli,Escherichia coli,562,,Homo sapiens,SRS5536421,broth dilution,BD Phoenix,EUCAST,ARO_3000637|https://www.ebi.ac.uk/ols4/ontologies/aro/classes/http%253A%252F%252Fpurl.obolibrary.org%252Fobo%252FARO_3000637,DABECK010000005.1,40605,41039,+,GCA_012859155.1_01660,marR,marR_S3N,AMR,POINT,MULTIDRUG,AMPICILLIN/CHLORAMPHENICOL/QUINOLONE/RIFAMPIN/TETRACYCLINE,AMPICILLIN,POINTP,WP_000843414.1,transcriptional regulator MarR,100.00,97.92,,,Annotation|https://ftp.ebi.ac.uk/pub/databases/amr_portal/genomes/GCA/012/859/GCA_012859155.1,1.5.0,Fast,2015,,,,,,,32205351,no,PATRIC;CABBAGE_PubMed_data,United Kingdom of Great Britain and Northern Ireland,Europe,Northern Europe
ampicillin,resistant,> 8 mg/L,SAMN13024110,GCA_012859285.1,Escherichia,Escherichia coli,Escherichia coli,562,,Homo sapiens,SRS5536425,broth dilution,BD Phoenix,EUCAST,ARO_3000637|https://www.ebi.ac.uk/ols4/ontologies/aro/classes/http%253A%252F%252Fpurl.obolibrary.org%252Fobo%252FARO_3000637,DABECO010000018.1,36769,37203,+,GCA_012859285.1_04346,marR,marR_S3N,AMR,POINT,MULTIDRUG,AMPICILLIN/CHLORAMPHENICOL/QUINOLONE/RIFAMPIN/TETRACYCLINE,AMPICILLIN,POINTP,WP_000843414.1,transcriptional regulator MarR,100.00,97.92,,,Annotation|https://ftp.ebi.ac.uk/pub/databases/amr_portal/genomes/GCA/012/859/GCA_012859285.1,1.5.0,Fast,2014,,,,,,,32205351,no,PATRIC;CABBAGE_PubMed_data,United Kingdom of Great Britain and Northern Ireland,Europe,Northern Europe
ampicillin,susceptible,<= 2 mg/L,SAMN13024563,GCA_012859795.1,Escherichia,Escherichia coli,Escherichia coli,562,,Homo sapiens,SRS5536532,broth dilution,BD Phoenix,EUCAST,ARO_3000637|https://www.ebi.ac.uk/ols4/ontologies/aro/classes/http%253A%252F%252Fpurl.obolibrary.org%252Fobo%252FARO_3000637,DABEFV010000018.1,35811,36245,+,GCA_012859795.1_04134,marR,marR_S3N,AMR,POINT,MULTIDRUG,AMPICILLIN/CHLORAMPHENICOL/QUINOLONE/RIFAMPIN/TETRACYCLINE,AMPICILLIN,POINTP,WP_000843414.1,transcriptional regulator MarR,100.00,97.92,,,Annotation|https://ftp.ebi.ac.uk/pub/databases/amr_portal/genomes/GCA/012/859/GCA_012859795.1,1.5.0,Fast,2014,,,,,,,32205351,no,PATRIC;CABBAGE_PubMed_data,United Kingdom of Great Britain and Northern Ireland,Europe,Northern Europe
ampicillin,resistant,> 8 mg/L,SAMN13024353,GCA_012877135.1,Escherichia,Escherichia coli,Escherichia coli,562,,Homo sapiens,SRS5535755,broth dilution,BD Phoenix,EUCAST,ARO_3000637|https://www.ebi.ac.uk/ols4/ontologies/aro/classes/http%253A%252F%252Fpurl.obolibrary.org%252Fobo%252FARO_3000637,DABFGR010000006.1,246576,247010,-,GCA_012877135.1_02462,marR,marR_S3N,AMR,POINT,MULTIDRUG,AMPICILLIN/CHLORAMPHENICOL/QUINOLONE/RIFAMPIN/TETRACYCLINE,AMPICILLIN,POINTP,WP_000843414.1,transcriptional regulator MarR,100.00,97.92,,,Annotation|https://ftp.ebi.ac.uk/pub/databases/amr_portal/genomes/GCA/012/877/GCA_012877135.1,1.5.0,Fast,2014,,,,,,,32205351,no,PATRIC;CABBAGE_PubMed_data,United Kingdom of Great Britain and Northern Ireland,Europe,Northern Europe
ampicillin,resistant,> 8 mg/L,SAMN13024358,GCA_012877075.1,Escherichia,Escherichia coli,Escherichia coli,562,,Homo sapiens,SRS5535750,broth dilution,BD Phoenix,EUCAST,ARO_3000637|https://www.ebi.ac.uk/ols4/ontologies/aro/classes/http%253A%252F%252Fpurl.obolibrary.org%252Fobo%252FARO_3000637,DABFGQ010000018.1,72617,73051,-,GCA_012877075.1_03906,marR,marR_S3N,AMR,POINT,MULTIDRUG,AMPICILLIN/CHLORAMPHENICOL/QUINOLONE/RIFAMPIN/TETRACYCLINE,AMPICILLIN,POINTP,WP_000843414.1,transcriptional regulator MarR,100.00,97.92,,,Annotation|https://ftp.ebi.ac.uk/pub/databases/amr_portal/genomes/GCA/012/877/GCA_012877075.1,1.5.0,Fast,2014,,,,,,,32205351,no,PATRIC;CABBAGE_PubMed_data,United Kingdom of Great Britain and Northern Ireland,Europe,Northern Europe
ampicillin,susceptible,<= 2 mg/L,SAMN13023956,GCA_012873795.1,Escherichia,Escherichia coli,Escherichia coli,562,,Homo sapiens,SRS5535921,broth dilution,BD Phoenix,EUCAST,ARO_3000637|https://www.ebi.ac.uk/ols4/ontologies/aro/classes/http%253A%252F%252Fpurl.obolibrary.org%252Fobo%252FARO_3000637,DABFAM010000017.1,36502,36936,+,GCA_012873795.1_04264,marR,marR_S3N,AMR,POINT,MULTIDRUG,AMPICILLIN/CHLORAMPHENICOL/QUINOLONE/RIFAMPIN/TETRACYCLINE,AMPICILLIN,POINTP,WP_000843414.1,transcriptional regulator MarR,100.00,97.92,,,Annotation|https://ftp.ebi.ac.uk/pub/databases/amr_portal/genomes/GCA/012/873/GCA_012873795.1,1.5.0,Fast,2013,,,,,,,32205351,no,PATRIC;CABBAGE_PubMed_data,United Kingdom of Great Britain and Northern Ireland,Europe,Northern Europe
ampicillin,susceptible,<= 2 mg/L,SAMN13023972,GCA_012873495.1,Escherichia,Escherichia coli,Escherichia coli,562,,Homo sapiens,SRS5535905,broth dilution,BD Phoenix,EUCAST,ARO_3000637|https://www.ebi.ac.uk/ols4/ontologies/aro/classes/http%253A%252F%252Fpurl.obolibrary.org%252Fobo%252FARO_3000637,DABEZV010000013.1,68552,68986,+,GCA_012873495.1_02878,marR,marR_S3N,AMR,POINT,MULTIDRUG,AMPICILLIN/CHLORAMPHENICOL/QUINOLONE/RIFAMPIN/TETRACYCLINE,AMPICILLIN,POINTP,WP_000843414.1,transcriptional regulator MarR,100.00,97.92,,,Annotation|https://ftp.ebi.ac.uk/pub/databases/amr_portal/genomes/GCA/012/873/GCA_012873495.1,1.5.0,Fast,2013,,,,,,,32205351,no,PATRIC;CABBAGE_PubMed_data,United Kingdom of Great Britain and Northern Ireland,Europe,Northern Europe
ampicillin,resistant,> 8 mg/L,SAMN13023970,GCA_012873515.1,Escherichia,Escherichia coli,Escherichia coli,562,,Homo sapiens,SRS5535907,broth dilution,BD Phoenix,EUCAST,ARO_3000637|https://www.ebi.ac.uk/ols4/ontologies/aro/classes/http%253A%252F%252Fpurl.obolibrary.org%252Fobo%252FARO_3000637,DABEZY010000019.1,36769,37203,+,GCA_012873515.1_03563,marR,marR_S3N,AMR,POINT,MULTIDRUG,AMPICILLIN/CHLORAMPHENICOL/QUINOLONE/RIFAMPIN/TETRACYCLINE,AMPICILLIN,POINTP,WP_000843414.1,transcriptional regulator MarR,100.00,97.92,,,Annotation|https://ftp.ebi.ac.uk/pub/databases/amr_portal/genomes/GCA/012/873/GCA_012873515.1,1.5.0,Fast,2015,,,,,,,32205351,no,PATRIC;CABBAGE_PubMed_data,United Kingdom of Great Britain and Northern Ireland,Europe,Northern Europe
ampicillin,resistant,> 8 mg/L,SAMN13023958,GCA_012873775.1,Escherichia,Escherichia coli,Escherichia coli,562,,Homo sapiens,SRS5535919,broth dilution,BD Phoenix,EUCAST,ARO_3000637|https://www.ebi.ac.uk/ols4/ontologies/aro/classes/http%253A%252F%252Fpurl.obolibrary.org%252Fobo%252FARO_3000637,DABFAH010000014.1,36769,37203,+,GCA_012873775.1_04303,marR,marR_S3N,AMR,POINT,MULTIDRUG,AMPICILLIN/CHLORAMPHENICOL/QUINOLONE/RIFAMPIN/TETRACYCLINE,AMPICILLIN,POINTP,WP_000843414.1,transcriptional regulator MarR,100.00,97.92,,,Annotation|https://ftp.ebi.ac.uk/pub/databases/amr_portal/genomes/GCA/012/873/GCA_012873775.1,1.5.0,Fast,2013,,,,,,,32205351,no,PATRIC;CABBAGE_PubMed_data,United Kingdom of Great Britain and Northern Ireland,Europe,Northern Europe
ampicillin,susceptible,<= 2 mg/L,SAMN13024419,GCA_012873095.1,Escherichia,Escherichia coli,Escherichia coli,562,,Homo sapiens,SRS5535958,broth dilution,BD Phoenix,EUCAST,ARO_3000637|https://www.ebi.ac.uk/ols4/ontologies/aro/classes/http%253A%252F%252Fpurl.obolibrary.org%252Fobo%252FARO_3000637,DABEYV010000001.1,949466,949900,-,GCA_012873095.1_00870,marR,marR_S3N,AMR,POINT,MULTIDRUG,AMPICILLIN/CHLORAMPHENICOL/QUINOLONE/RIFAMPIN/TETRACYCLINE,AMPICILLIN,POINTP,WP_000843414.1,transcriptional regulator MarR,100.00,97.92,,,Annotation|https://ftp.ebi.ac.uk/pub/databases/amr_portal/genomes/GCA/012/873/GCA_012873095.1,1.5.0,Fast,2014,,,,,,,32205351,no,PATRIC;CABBAGE_PubMed_data,United Kingdom of Great Britain and Northern Ireland,Europe,Northern Europe
ampicillin,resistant,> 8 mg/L,SAMN13023966,GCA_012873595.1,Escherichia,Escherichia coli,Escherichia coli,562,,Homo sapiens,SRS5535911,broth dilution,BD Phoenix,EUCAST,ARO_3000637|https://www.ebi.ac.uk/ols4/ontologies/aro/classes/http%253A%252F%252Fpurl.obolibrary.org%252Fobo%252FARO_3000637,DABFAB010000015.1,72616,73050,-,GCA_012873595.1_04157,marR,marR_S3N,AMR,POINT,MULTIDRUG,AMPICILLIN/CHLORAMPHENICOL/QUINOLONE/RIFAMPIN/TETRACYCLINE,AMPICILLIN,POINTP,WP_000843414.1,transcriptional regulator MarR,100.00,97.92,,,Annotation|https://ftp.ebi.ac.uk/pub/databases/amr_portal/genomes/GCA/012/873/GCA_012873595.1,1.5.0,Fast,2013,,,,,,,32205351,no,PATRIC;CABBAGE_PubMed_data,United Kingdom of Great Britain and Northern Ireland,Europe,Northern Europe
ampicillin,susceptible,<= 2 mg/L,SAMN13024621,GCA_012873905.1,Escherichia,Escherichia coli,Escherichia coli,562,,Homo sapiens,SRS5535928,broth dilution,BD Phoenix,EUCAST,ARO_3000637|https://www.ebi.ac.uk/ols4/ontologies/aro/classes/http%253A%252F%252Fpurl.obolibrary.org%252Fobo%252FARO_3000637,DABFAS010000004.1,45261,45695,+,GCA_012873905.1_01330,marR,marR_S3N,AMR,POINT,MULTIDRUG,AMPICILLIN/CHLORAMPHENICOL/QUINOLONE/RIFAMPIN/TETRACYCLINE,AMPICILLIN,POINTP,WP_000843414.1,transcriptional regulator MarR,100.00,97.92,,,Annotation|https://ftp.ebi.ac.uk/pub/databases/amr_portal/genomes/GCA/012/873/GCA_012873905.1,1.5.0,Fast,2015,,,,,,,32205351,no,PATRIC;CABBAGE_PubMed_data,United Kingdom of Great Britain and Northern Ireland,Europe,Northern Europe
ampicillin,resistant,> 8 mg/L,SAMN13024434,GCA_012873475.1,Escherichia,Escherichia coli,Escherichia coli,562,,Homo sapiens,SRS5536023,broth dilution,BD Phoenix,EUCAST,ARO_3000637|https://www.ebi.ac.uk/ols4/ontologies/aro/classes/http%253A%252F%252Fpurl.obolibrary.org%252Fobo%252FARO_3000637,DABEYH010000015.1,36619,37053,+,GCA_012873475.1_03050,marR,marR_S3N,AMR,POINT,MULTIDRUG,AMPICILLIN/CHLORAMPHENICOL/QUINOLONE/RIFAMPIN/TETRACYCLINE,AMPICILLIN,POINTP,WP_000843414.1,transcriptional regulator MarR,100.00,97.92,,,Annotation|https://ftp.ebi.ac.uk/pub/databases/amr_portal/genomes/GCA/012/873/GCA_012873475.1,1.5.0,Fast,2015,,,,,,,32205351,no,PATRIC;CABBAGE_PubMed_data,United Kingdom of Great Britain and Northern Ireland,Europe,Northern Europe
ampicillin,susceptible,<= 2 mg/L,SAMN13023965,GCA_012873635.1,Escherichia,Escherichia coli,Escherichia coli,562,,Homo sapiens,SRS5535912,broth dilution,BD Phoenix,EUCAST,ARO_3000637|https://www.ebi.ac.uk/ols4/ontologies/aro/classes/http%253A%252F%252Fpurl.obolibrary.org%252Fobo%252FARO_3000637,DABFAC010000002.1,472734,473168,-,GCA_012873635.1_01083,marR,marR_S3N,AMR,POINT,MULTIDRUG,AMPICILLIN/CHLORAMPHENICOL/QUINOLONE/RIFAMPIN/TETRACYCLINE,AMPICILLIN,POINTP,WP_000843414.1,transcriptional regulator MarR,100.00,97.92,,,Annotation|https://ftp.ebi.ac.uk/pub/databases/amr_portal/genomes/GCA/012/873/GCA_012873635.1,1.5.0,Fast,2014,,,,,,,32205351,no,PATRIC;CABBAGE_PubMed_data,United Kingdom of Great Britain and Northern Ireland,Europe,Northern Europe
ampicillin,resistant,> 8 mg/L,SAMN13023980,GCA_012873435.1,Escherichia,Escherichia coli,Escherichia coli,562,,Homo sapiens,SRS5535977,broth dilution,BD Phoenix,EUCAST,ARO_3000637|https://www.ebi.ac.uk/ols4/ontologies/aro/classes/http%253A%252F%252Fpurl.obolibrary.org%252Fobo%252FARO_3000637,DABEZN010000021.1,72617,73051,-,GCA_012873435.1_02988,marR,marR_S3N,AMR,POINT,MULTIDRUG,AMPICILLIN/CHLORAMPHENICOL/QUINOLONE/RIFAMPIN/TETRACYCLINE,AMPICILLIN,POINTP,WP_000843414.1,transcriptional regulator MarR,100.00,97.92,,,Annotation|https://ftp.ebi.ac.uk/pub/databases/amr_portal/genomes/GCA/012/873/GCA_012873435.1,1.5.0,Fast,2015,,,,,,,32205351,no,PATRIC;CABBAGE_PubMed_data,United Kingdom of Great Britain and Northern Ireland,Europe,Northern Europe
ampicillin,susceptible,<= 2 mg/L,SAMN13024426,GCA_012873035.1,Escherichia,Escherichia coli,Escherichia coli,562,,Homo sapiens,SRS5535951,broth dilution,BD Phoenix,EUCAST,ARO_3000637|https://www.ebi.ac.uk/ols4/ontologies/aro/classes/http%253A%252F%252Fpurl.obolibrary.org%252Fobo%252FARO_3000637,DABEYP010000002.1,474999,475433,-,GCA_012873035.1_01147,marR,marR_S3N,AMR,POINT,MULTIDRUG,AMPICILLIN/CHLORAMPHENICOL/QUINOLONE/RIFAMPIN/TETRACYCLINE,AMPICILLIN,POINTP,WP_000843414.1,transcriptional regulator MarR,100.00,97.92,,,Annotation|https://ftp.ebi.ac.uk/pub/databases/amr_portal/genomes/GCA/012/873/GCA_012873035.1,1.5.0,Fast,2014,,,,,,,32205351,no,PATRIC;CABBAGE_PubMed_data,United Kingdom of Great Britain and Northern Ireland,Europe,Northern Europe
ampicillin,resistant,> 8 mg/L,SAMN13024411,GCA_012873315.1,Escherichia,Escherichia coli,Escherichia coli,562,,Homo sapiens,SRS5535966,broth dilution,BD Phoenix,EUCAST,ARO_3000637|https://www.ebi.ac.uk/ols4/ontologies/aro/classes/http%253A%252F%252Fpurl.obolibrary.org%252Fobo%252FARO_3000637,DABEZD010000018.1,47451,47915,-,GCA_012873315.1_03261,soxR,soxR_G121D,AMR,POINT,MULTIDRUG,AMPICILLIN/CHLORAMPHENICOL/QUINOLONE/RIFAMPIN/TETRACYCLINE,AMPICILLIN,POINTP,WP_000412428.1,redox-sensitive transcriptional activator SoxR,100.00,99.35,,,Annotation|https://ftp.ebi.ac.uk/pub/databases/amr_portal/genomes/GCA/012/873/GCA_012873315.1,1.5.0,Fast,2014,,,,,,,32205351,no,PATRIC;CABBAGE_PubMed_data,United Kingdom of Great Britain and Northern Ireland,Europe,Northern Europe
ampicillin,susceptible,<= 2 mg/L,SAMN13024323,GCA_012865735.1,Escherichia,Escherichia coli,Escherichia coli,562,,Homo sapiens,SRS5536121,broth dilution,BD Phoenix,EUCAST,ARO_3000637|https://www.ebi.ac.uk/ols4/ontologies/aro/classes/http%253A%252F%252Fpurl.obolibrary.org%252Fobo%252FARO_3000637,DABEMW010000020.1,18070,18504,+,GCA_012865735.1_03121,marR,marR_S3N,AMR,POINT,MULTIDRUG,AMPICILLIN/CHLORAMPHENICOL/QUINOLONE/RIFAMPIN/TETRACYCLINE,AMPICILLIN,POINTP,WP_000843414.1,transcriptional regulator MarR,100.00,97.92,,,Annotation|https://ftp.ebi.ac.uk/pub/databases/amr_portal/genomes/GCA/012/865/GCA_012865735.1,1.5.0,Fast,2015,,,,,,,32205351,no,PATRIC;CABBAGE_PubMed_data,United Kingdom of Great Britain and Northern Ireland,Europe,Northern Europe
ampicillin,susceptible,<= 2 mg/L,SAMN13024352,GCA_012865015.1,Escherichia,Escherichia coli,Escherichia coli,562,,Homo sapiens,SRS5535756,broth dilution,BD Phoenix,EUCAST,ARO_3000637|https://www.ebi.ac.uk/ols4/ontologies/aro/classes/http%253A%252F%252Fpurl.obolibrary.org%252Fobo%252FARO_3000637,DABEJM010000002.1,422800,423234,-,GCA_012865015.1_01028,marR,marR_S3N,AMR,POINT,MULTIDRUG,AMPICILLIN/CHLORAMPHENICOL/QUINOLONE/RIFAMPIN/TETRACYCLINE,AMPICILLIN,POINTP,WP_000843414.1,transcriptional regulator MarR,100.00,97.22,,,Annotation|https://ftp.ebi.ac.uk/pub/databases/amr_portal/genomes/GCA/012/865/GCA_012865015.1,1.5.0,Fast,2014,,,,,,,32205351,no,CABBAGE_PubMed_data,United Kingdom of Great Britain and Northern Ireland,Europe,Northern Europe
ampicillin,resistant,> 8 mg/L,SAMN13024339,GCA_012865675.1,Escherichia,Escherichia coli,Escherichia coli,562,,Homo sapiens,SRS5536105,broth dilution,BD Phoenix,EUCAST,ARO_3000637|https://www.ebi.ac.uk/ols4/ontologies/aro/classes/http%253A%252F%252Fpurl.obolibrary.org%252Fobo%252FARO_3000637,DABEMB010000013.1,118714,119148,+,GCA_012865675.1_02891,marR,marR_S3N,AMR,POINT,MULTIDRUG,AMPICILLIN/CHLORAMPHENICOL/QUINOLONE/RIFAMPIN/TETRACYCLINE,AMPICILLIN,POINTP,WP_000843414.1,transcriptional regulator MarR,100.00,97.92,,,Annotation|https://ftp.ebi.ac.uk/pub/databases/amr_portal/genomes/GCA/012/865/GCA_012865675.1,1.5.0,Fast,2014,,,,,,,32205351,no,PATRIC;CABBAGE_PubMed_data,United Kingdom of Great Britain and Northern Ireland,Europe,Northern Europe
ampicillin,susceptible,<= 2 mg/L,SAMN13024700,GCA_012865255.1,Escherichia,Escherichia coli,Escherichia coli,562,,Homo sapiens,SRS5535772,broth dilution,BD Phoenix,EUCAST,ARO_3000637|https://www.ebi.ac.uk/ols4/ontologies/aro/classes/http%253A%252F%252Fpurl.obolibrary.org%252Fobo%252FARO_3000637,DABEKG010000018.1,36769,37203,+,GCA_012865255.1_04531,marR,marR_S3N,AMR,POINT,MULTIDRUG,AMPICILLIN/CHLORAMPHENICOL/QUINOLONE/RIFAMPIN/TETRACYCLINE,AMPICILLIN,POINTP,WP_000843414.1,transcriptional regulator MarR,100.00,97.92,,,Annotation|https://ftp.ebi.ac.uk/pub/databases/amr_portal/genomes/GCA/012/865/GCA_012865255.1,1.5.0,Fast,2013,,,,,,,32205351,no,PATRIC;CABBAGE_PubMed_data,United Kingdom of Great Britain and Northern Ireland,Europe,Northern Europe
ampicillin,susceptible,<= 2 mg/L,SAMN13024654,GCA_012865525.1,Escherichia,Escherichia coli,Escherichia coli,562,,Homo sapiens,SRS5536099,broth dilution,BD Phoenix,EUCAST,ARO_3000637|https://www.ebi.ac.uk/ols4/ontologies/aro/classes/http%253A%252F%252Fpurl.obolibrary.org%252Fobo%252FARO_3000637,DABEMS010000004.1,36769,37203,+,GCA_012865525.1_01264,marR,marR_S3N,AMR,POINT,MULTIDRUG,AMPICILLIN/CHLORAMPHENICOL/QUINOLONE/RIFAMPIN/TETRACYCLINE,AMPICILLIN,POINTP,WP_000843414.1,transcriptional regulator MarR,100.00,97.92,,,Annotation|https://ftp.ebi.ac.uk/pub/databases/amr_portal/genomes/GCA/012/865/GCA_012865525.1,1.5.0,Fast,2015,,,,,,,32205351,no,PATRIC;CABBAGE_PubMed_data,United Kingdom of Great Britain and Northern Ireland,Europe,Northern Europe
ampicillin,resistant,> 8 mg/L,SAMN13024703,GCA_012865275.1,Escherichia,Escherichia coli,Escherichia coli,562,,Homo sapiens,SRS5535769,broth dilution,BD Phoenix,EUCAST,ARO_3000637|https://www.ebi.ac.uk/ols4/ontologies/aro/classes/http%253A%252F%252Fpurl.obolibrary.org%252Fobo%252FARO_3000637,DABEJZ010000002.1,38272,38919,-,GCA_012865275.1_00477,acrR,acrR_R45C,AMR,POINT,MULTIDRUG,AMPICILLIN/CHLORAMPHENICOL/QUINOLONE/RIFAMPIN/TETRACYCLINE,AMPICILLIN,POINTP,WP_000101737.1,transcriptional regulator AcrR,100.00,99.53,,,Annotation|https://ftp.ebi.ac.uk/pub/databases/amr_portal/genomes/GCA/012/865/GCA_012865275.1,1.5.0,Fast,2014,,,,,,,32205351,no,PATRIC;CABBAGE_PubMed_data,United Kingdom of Great Britain and Northern Ireland,Europe,Northern Europe
ampicillin,susceptible,<= 2 mg/L,SAMN13024651,GCA_012865595.1,Escherichia,Escherichia coli,Escherichia coli,562,,Homo sapiens,SRS5536129,broth dilution,BD Phoenix,EUCAST,ARO_3000637|https://www.ebi.ac.uk/ols4/ontologies/aro/classes/http%253A%252F%252Fpurl.obolibrary.org%252Fobo%252FARO_3000637,DABEMX010000005.1,22861,23295,+,GCA_012865595.1_01673,marR,marR_S3N,AMR,POINT,MULTIDRUG,AMPICILLIN/CHLORAMPHENICOL/QUINOLONE/RIFAMPIN/TETRACYCLINE,AMPICILLIN,POINTP,WP_000843414.1,transcriptional regulator MarR,100.00,97.92,,,Annotation|https://ftp.ebi.ac.uk/pub/databases/amr_portal/genomes/GCA/012/865/GCA_012865595.1,1.5.0,Fast,2015,,,,,,,32205351,no,PATRIC;CABBAGE_PubMed_data,United Kingdom of Great Britain and Northern Ireland,Europe,Northern Europe
ampicillin,susceptible,<= 2 mg/L,SAMN13023851,GCA_012861725.1,Escherichia,Escherichia coli,Escherichia coli,562,,Homo sapiens,SRS5536600,broth dilution,BD Phoenix,EUCAST,ARO_3000637|https://www.ebi.ac.uk/ols4/ontologies/aro/classes/http%253A%252F%252Fpurl.obolibrary.org%252Fobo%252FARO_3000637,DABEHY010000016.1,36769,37203,+,GCA_012861725.1_04276,marR,marR_S3N,AMR,POINT,MULTIDRUG,AMPICILLIN/CHLORAMPHENICOL/QUINOLONE/RIFAMPIN/TETRACYCLINE,AMPICILLIN,POINTP,WP_000843414.1,transcriptional regulator MarR,100.00,97.92,,,Annotation|https://ftp.ebi.ac.uk/pub/databases/amr_portal/genomes/GCA/012/861/GCA_012861725.1,1.5.0,Fast,2013,,,,,,,32205351,no,CABBAGE_PubMed_data,United Kingdom of Great Britain and Northern Ireland,Europe,Northern Europe
ampicillin,susceptible,<= 2 mg/L,SAMN13024002,GCA_012861415.1,Escherichia,Escherichia coli,Escherichia coli,562,,Homo sapiens,SRS5536561,broth dilution,BD Phoenix,EUCAST,ARO_3000637|https://www.ebi.ac.uk/ols4/ontologies/aro/classes/http%253A%252F%252Fpurl.obolibrary.org%252Fobo%252FARO_3000637,DABEGQ010000003.1,476923,477357,-,GCA_012861415.1_01672,marR,marR_S3N,AMR,POINT,MULTIDRUG,AMPICILLIN/CHLORAMPHENICOL/QUINOLONE/RIFAMPIN/TETRACYCLINE,AMPICILLIN,POINTP,WP_000843414.1,transcriptional regulator MarR,100.00,97.92,,,Annotation|https://ftp.ebi.ac.uk/pub/databases/amr_portal/genomes/GCA/012/861/GCA_012861415.1,1.5.0,Fast,2014,,,,,,,32205351,no,PATRIC;CABBAGE_PubMed_data,United Kingdom of Great Britain and Northern Ireland,Europe,Northern Europe
ampicillin,resistant,> 8 mg/L,SAMN13024546,GCA_012861495.1,Escherichia,Escherichia coli,Escherichia coli,562,,Homo sapiens,SRS5536549,broth dilution,BD Phoenix,EUCAST,ARO_3000637|https://www.ebi.ac.uk/ols4/ontologies/aro/classes/http%253A%252F%252Fpurl.obolibrary.org%252Fobo%252FARO_3000637,DABEGH010000002.1,44857,45291,+,GCA_012861495.1_00754,marR,marR_S3N,AMR,POINT,MULTIDRUG,AMPICILLIN/CHLORAMPHENICOL/QUINOLONE/RIFAMPIN/TETRACYCLINE,AMPICILLIN,POINTP,WP_000843414.1,transcriptional regulator MarR,100.00,97.92,,,Annotation|https://ftp.ebi.ac.uk/pub/databases/amr_portal/genomes/GCA/012/861/GCA_012861495.1,1.5.0,Fast,2014,,,,,,,32205351,no,PATRIC;CABBAGE_PubMed_data,United Kingdom of Great Britain and Northern Ireland,Europe,Northern Europe
ampicillin,resistant,> 8 mg/L,SAMN13023847,GCA_012861655.1,Escherichia,Escherichia coli,Escherichia coli,562,,Homo sapiens,SRS5536604,broth dilution,BD Phoenix,EUCAST,ARO_3000637|https://www.ebi.ac.uk/ols4/ontologies/aro/classes/http%253A%252F%252Fpurl.obolibrary.org%252Fobo%252FARO_3000637,DABEIC010000003.1,193997,194431,-,GCA_012861655.1_00782,marR,marR_S3N,AMR,POINT,MULTIDRUG,AMPICILLIN/CHLORAMPHENICOL/QUINOLONE/RIFAMPIN/TETRACYCLINE,AMPICILLIN,POINTP,WP_000843414.1,transcriptional regulator MarR,100.00,97.92,,,Annotation|https://ftp.ebi.ac.uk/pub/databases/amr_portal/genomes/GCA/012/861/GCA_012861655.1,1.5.0,Fast,2015,,,,,,,32205351,no,PATRIC;CABBAGE_PubMed_data,United Kingdom of Great Britain and Northern Ireland,Europe,Northern Europe
ampicillin,susceptible,<= 2 mg/L,SAMN13023846,GCA_012861835.1,Escherichia,Escherichia coli,Escherichia coli,562,,Homo sapiens,SRS5536605,broth dilution,BD Phoenix,EUCAST,ARO_3000637|https://www.ebi.ac.uk/ols4/ontologies/aro/classes/http%253A%252F%252Fpurl.obolibrary.org%252Fobo%252FARO_3000637,DABEIB010000019.1,72820,73254,-,GCA_012861835.1_03590,marR,marR_S3N,AMR,POINT,MULTIDRUG,AMPICILLIN/CHLORAMPHENICOL/QUINOLONE/RIFAMPIN/TETRACYCLINE,AMPICILLIN,POINTP,WP_000843414.1,transcriptional regulator MarR,100.00,97.92,,,Annotation|https://ftp.ebi.ac.uk/pub/databases/amr_portal/genomes/GCA/012/861/GCA_012861835.1,1.5.0,Fast,2014,,,,,,,32205351,no,PATRIC;CABBAGE_PubMed_data,United Kingdom of Great Britain and Northern Ireland,Europe,Northern Europe
ampicillin,susceptible,<= 2 mg/L,SAMN13023986,GCA_012861925.1,Escherichia,Escherichia coli,Escherichia coli,562,,Homo sapiens,SRS5536577,broth dilution,BD Phoenix,EUCAST,ARO_3000637|https://www.ebi.ac.uk/ols4/ontologies/aro/classes/http%253A%252F%252Fpurl.obolibrary.org%252Fobo%252FARO_3000637,DABEHD010000017.1,32812,33246,+,GCA_012861925.1_03769,marR,marR_S3N,AMR,POINT,MULTIDRUG,AMPICILLIN/CHLORAMPHENICOL/QUINOLONE/RIFAMPIN/TETRACYCLINE,AMPICILLIN,POINTP,WP_000843414.1,transcriptional regulator MarR,100.00,97.92,,,Annotation|https://ftp.ebi.ac.uk/pub/databases/amr_portal/genomes/GCA/012/861/GCA_012861925.1,1.5.0,Fast,2014,,,,,,,32205351,no,PATRIC;CABBAGE_PubMed_data,United Kingdom of Great Britain and Northern Ireland,Europe,Northern Europe
ampicillin,susceptible,== 4 mg/L,SAMN10221276,GCA_012073485.1,Escherichia,Escherichia coli,Escherichia coli,562,CVM N17EC0662,other (non-clinical isolate),SRS3967562,broth dilution,Sensititre,,ARO_3000637|https://www.ebi.ac.uk/ols4/ontologies/aro/classes/http%253A%252F%252Fpurl.obolibrary.org%252Fobo%252FARO_3000637,AAROHM010000016.1,35491,35925,+,GCA_012073485.1_03192,marR,marR_S3N,AMR,POINT,MULTIDRUG,AMPICILLIN/CHLORAMPHENICOL/QUINOLONE/RIFAMPIN/TETRACYCLINE,AMPICILLIN,POINTP,WP_000843414.1,transcriptional regulator MarR,100.00,97.92,,,Annotation|https://ftp.ebi.ac.uk/pub/databases/amr_portal/genomes/GCA/012/073/GCA_012073485.1,1.6.0,Full,2017,,,ground turkey,,,,,no,NCBI_antibiogram;NDARO,United States of America,Americas,Northern America
ampicillin,resistant,>= 32 mg/L,SAMN06680406,GCA_012482395.1,Escherichia,Escherichia coli,Escherichia coli,562,,Homo sapiens,SRS2103321,broth dilution,Vitek,,ARO_3000637|https://www.ebi.ac.uk/ols4/ontologies/aro/classes/http%253A%252F%252Fpurl.obolibrary.org%252Fobo%252FARO_3000637,AASPTU010000025.1,9400,9834,-,GCA_012482395.1_04483,marR,marR_S3N,AMR,POINT,MULTIDRUG,AMPICILLIN/CHLORAMPHENICOL/QUINOLONE/RIFAMPIN/TETRACYCLINE,AMPICILLIN,POINTP,WP_000843414.1,transcriptional regulator MarR,100.00,97.92,,,Annotation|https://ftp.ebi.ac.uk/pub/databases/amr_portal/genomes/GCA/012/482/GCA_012482395.1,1.5.0,Fast,2017,80.0,female,urine,urinary tract,,,,no,NCBI_antibiogram;NDARO;PATRIC,United States of America,Americas,Northern America
ampicillin,susceptible,<= 2 mg/L,SAMN13024552,GCA_012920575.1,Escherichia,Escherichia coli,Escherichia coli,562,,Homo sapiens,SRS5536543,broth dilution,BD Phoenix,EUCAST,ARO_3000637|https://www.ebi.ac.uk/ols4/ontologies/aro/classes/http%253A%252F%252Fpurl.obolibrary.org%252Fobo%252FARO_3000637,DABFSM010000024.1,37332,37766,+,GCA_012920575.1_04090,marR,marR_S3N,AMR,POINT,MULTIDRUG,AMPICILLIN/CHLORAMPHENICOL/QUINOLONE/RIFAMPIN/TETRACYCLINE,AMPICILLIN,POINTP,WP_000843414.1,transcriptional regulator MarR,100.00,97.92,,,Annotation|https://ftp.ebi.ac.uk/pub/databases/amr_portal/genomes/GCA/012/920/GCA_012920575.1,1.5.0,Fast,2013,,,,,,,32205351,no,PATRIC;CABBAGE_PubMed_data,United Kingdom of Great Britain and Northern Ireland,Europe,Northern Europe
ampicillin,resistant,> 8 mg/L,SAMN13024673,GCA_012920695.1,Escherichia,Escherichia coli,Escherichia coli,562,,Homo sapiens,SRS5536079,broth dilution,BD Phoenix,EUCAST,ARO_3000637|https://www.ebi.ac.uk/ols4/ontologies/aro/classes/http%253A%252F%252Fpurl.obolibrary.org%252Fobo%252FARO_3000637,DABFSP010000018.1,72617,73051,-,GCA_012920695.1_03017,marR,marR_S3N,AMR,POINT,MULTIDRUG,AMPICILLIN/CHLORAMPHENICOL/QUINOLONE/RIFAMPIN/TETRACYCLINE,AMPICILLIN,POINTP,WP_000843414.1,transcriptional regulator MarR,100.00,97.92,,,Annotation|https://ftp.ebi.ac.uk/pub/databases/amr_portal/genomes/GCA/012/920/GCA_012920695.1,1.5.0,Fast,2015,,,,,,,32205351,no,PATRIC;CABBAGE_PubMed_data,United Kingdom of Great Britain and Northern Ireland,Europe,Northern Europe
ampicillin,susceptible,= 4 mg/L,SAMN13023909,GCA_012920465.1,Escherichia,Escherichia coli,Escherichia coli,562,,Homo sapiens,SRS5536710,broth dilution,BD Phoenix,EUCAST,ARO_3000637|https://www.ebi.ac.uk/ols4/ontologies/aro/classes/http%253A%252F%252Fpurl.obolibrary.org%252Fobo%252FARO_3000637,DABFSF010000010.1,36322,36756,+,GCA_012920465.1_03783,marR,marR_S3N,AMR,POINT,MULTIDRUG,AMPICILLIN/CHLORAMPHENICOL/QUINOLONE/RIFAMPIN/TETRACYCLINE,AMPICILLIN,POINTP,WP_000843414.1,transcriptional regulator MarR,100.00,97.92,,,Annotation|https://ftp.ebi.ac.uk/pub/databases/amr_portal/genomes/GCA/012/920/GCA_012920465.1,1.5.0,Fast,2013,,,,,,,32205351,no,PATRIC;CABBAGE_PubMed_data,United Kingdom of Great Britain and Northern Ireland,Europe,Northern Europe
ampicillin,resistant,> 8 mg/L,SAMN13023934,GCA_012920345.1,Escherichia,Escherichia coli,Escherichia coli,562,,Homo sapiens,SRS5536685,broth dilution,BD Phoenix,EUCAST,ARO_3000637|https://www.ebi.ac.uk/ols4/ontologies/aro/classes/http%253A%252F%252Fpurl.obolibrary.org%252Fobo%252FARO_3000637,DABFSD010000018.1,72616,73050,-,GCA_012920345.1_04324,marR,marR_S3N,AMR,POINT,MULTIDRUG,AMPICILLIN/CHLORAMPHENICOL/QUINOLONE/RIFAMPIN/TETRACYCLINE,AMPICILLIN,POINTP,WP_000843414.1,transcriptional regulator MarR,100.00,97.92,,,Annotation|https://ftp.ebi.ac.uk/pub/databases/amr_portal/genomes/GCA/012/920/GCA_012920345.1,1.5.0,Fast,2013,,,,,,,32205351,no,PATRIC;CABBAGE_PubMed_data,United Kingdom of Great Britain and Northern Ireland,Europe,Northern Europe
ampicillin,susceptible,== 4 mg/L,SAMN13279661,GCA_012616665.1,Escherichia,Escherichia coli,Escherichia coli,562,19CO09GT20-EC,other (non-clinical isolate),SRS5641666,broth dilution,Sensititre,,ARO_3000637|https://www.ebi.ac.uk/ols4/ontologies/aro/classes/http%253A%252F%252Fpurl.obolibrary.org%252Fobo%252FARO_3000637,AASWWN010000001.1,35491,35925,+,GCA_012616665.1_00034,marR,marR_S3N,AMR,POINT,MULTIDRUG,AMPICILLIN/CHLORAMPHENICOL/QUINOLONE/RIFAMPIN/TETRACYCLINE,AMPICILLIN,POINTP,WP_000843414.1,transcriptional regulator MarR,100.00,97.92,,,Annotation|https://ftp.ebi.ac.uk/pub/databases/amr_portal/genomes/GCA/012/616/GCA_012616665.1,1.6.0,Full,2019,,,ground turkey,,,,,no,NCBI_antibiogram;NDARO,United States of America,Americas,Northern America
ampicillin,resistant,= 6 mm,SAMN10926062,GCA_004283935.1,Escherichia,Escherichia coli,Escherichia coli,562,EC_44,other (non-clinical isolate),,disk diffusion,,CLSI,ARO_3000637|https://www.ebi.ac.uk/ols4/ontologies/aro/classes/http%253A%252F%252Fpurl.obolibrary.org%252Fobo%252FARO_3000637,SHIP01000015.1,94837,95160,+,GCA_004283935.1_00827,soxS,soxS_A12S,AMR,POINT,MULTIDRUG,AMPICILLIN/CHLORAMPHENICOL/QUINOLONE/RIFAMPIN/TETRACYCLINE,AMPICILLIN,POINTP,WP_000019358.1,regulatory protein SoxS,100.00,99.07,,,Annotation|https://ftp.ebi.ac.uk/pub/databases/amr_portal/genomes/GCA/004/283/GCA_004283935.1,1.5.0,Fast,2016,,,infection,,,,32010104,no,PATRIC,Pakistan,Asia,Southern Asia
ampicillin,resistant,= 6 mm,SAMN10926076,GCA_004283235.1,Escherichia,Escherichia coli,Escherichia coli,562,EC_64,other (non-clinical isolate),,disk diffusion,,CLSI,ARO_3000637|https://www.ebi.ac.uk/ols4/ontologies/aro/classes/http%253A%252F%252Fpurl.obolibrary.org%252Fobo%252FARO_3000637,SHHW01000020.1,51132,51566,-,GCA_004283235.1_01828,marR,marR_S3N,AMR,POINT,MULTIDRUG,AMPICILLIN/CHLORAMPHENICOL/QUINOLONE/RIFAMPIN/TETRACYCLINE,AMPICILLIN,POINTP,WP_000843414.1,transcriptional regulator MarR,100.00,97.92,,,Annotation|https://ftp.ebi.ac.uk/pub/databases/amr_portal/genomes/GCA/004/283/GCA_004283235.1,1.5.0,Fast,2016,,,infection,,,,32010104,no,PATRIC,Pakistan,Asia,Southern Asia
ampicillin,susceptible,== 25 mm,SAMN10748593,GCA_004116855.1,Escherichia,Escherichia coli,Escherichia coli,562,BR14-DEC,Homo sapiens,SRS4256664,disk diffusion,,CLSI,ARO_3000637|https://www.ebi.ac.uk/ols4/ontologies/aro/classes/http%253A%252F%252Fpurl.obolibrary.org%252Fobo%252FARO_3000637,CP035330.1,3412176,3412610,+,GCA_004116855.1_03312,marR,marR_S3N,AMR,POINT,MULTIDRUG,AMPICILLIN/CHLORAMPHENICOL/QUINOLONE/RIFAMPIN/TETRACYCLINE,AMPICILLIN,POINTP,WP_000843414.1,transcriptional regulator MarR,100.00,97.92,,,Annotation|https://ftp.ebi.ac.uk/pub/databases/amr_portal/genomes/GCA/004/116/GCA_004116855.1,1.5.0,Fast,2015,,,urine,urinary tract,-22.5309,-48.2642,,no,NCBI_antibiogram;PATRIC,Brazil,Americas,Latin America and the Caribbean
ampicillin,resistant,>= 32 mg/L,SAMN10620147,GCA_004567445.1,Escherichia,Escherichia coli,Escherichia coli,562,URMC_76,,,,,CLSI,ARO_3000637|https://www.ebi.ac.uk/ols4/ontologies/aro/classes/http%253A%252F%252Fpurl.obolibrary.org%252Fobo%252FARO_3000637,RZFM01000082.1,6013,6447,-,GCA_004567445.1_04480,marR,marR_S3N,AMR,POINT,MULTIDRUG,AMPICILLIN/CHLORAMPHENICOL/QUINOLONE/RIFAMPIN/TETRACYCLINE,AMPICILLIN,POINTP,WP_000843414.1,transcriptional regulator MarR,100.00,97.92,,,Annotation|https://ftp.ebi.ac.uk/pub/databases/amr_portal/genomes/GCA/004/567/GCA_004567445.1,1.5.0,Fast,,,,,,,,,no,NCBI_antibiogram,,,
ampicillin,resistant,>= 32 mg/L,SAMN10620111,GCA_004567165.1,Escherichia,Escherichia coli,Escherichia coli,562,URMC_35,Homo sapiens,,broth dilution,,CLSI,ARO_3000637|https://www.ebi.ac.uk/ols4/ontologies/aro/classes/http%253A%252F%252Fpurl.obolibrary.org%252Fobo%252FARO_3000637,RZEA01000023.1,69357,70004,-,GCA_004567165.1_01656,acrR_1,acrR_R45C,AMR,POINT,MULTIDRUG,AMPICILLIN/CHLORAMPHENICOL/QUINOLONE/RIFAMPIN/TETRACYCLINE,AMPICILLIN,POINTP,WP_000101737.1,transcriptional regulator AcrR,100.00,99.53,,,Annotation|https://ftp.ebi.ac.uk/pub/databases/amr_portal/genomes/GCA/004/567/GCA_004567165.1,1.5.0,Fast,2017,,,urine,urinary tract,,,,no,NCBI_antibiogram;PATRIC,United States of America,Americas,Northern America
ampicillin,resistant,>= 32 mg/L,SAMN10620091,GCA_004569995.1,Escherichia,Escherichia coli,Escherichia coli,562,URMC_12,,,,,CLSI,ARO_3000637|https://www.ebi.ac.uk/ols4/ontologies/aro/classes/http%253A%252F%252Fpurl.obolibrary.org%252Fobo%252FARO_3000637,RZAR01000020.1,9528,9962,-,GCA_004569995.1_02196,marR,marR_S3N,AMR,POINT,MULTIDRUG,AMPICILLIN/CHLORAMPHENICOL/QUINOLONE/RIFAMPIN/TETRACYCLINE,AMPICILLIN,POINTP,WP_000843414.1,transcriptional regulator MarR,100.00,97.92,,,Annotation|https://ftp.ebi.ac.uk/pub/databases/amr_portal/genomes/GCA/004/569/GCA_004569995.1,1.5.0,Fast,,,,,,,,,no,NCBI_antibiogram,,,
ampicillin,resistant,,SAMN02802139,GCA_000777025.1,Escherichia,Escherichia coli,Escherichia coli,562,upec-48,Homo sapiens,SRS624855,,,,ARO_3000637|https://www.ebi.ac.uk/ols4/ontologies/aro/classes/http%253A%252F%252Fpurl.obolibrary.org%252Fobo%252FARO_3000637,JSHO01000083.1,356835,357269,-,GCA_000777025.1_04431,marR,marR_S3N,AMR,POINT,MULTIDRUG,AMPICILLIN/CHLORAMPHENICOL/QUINOLONE/RIFAMPIN/TETRACYCLINE,AMPICILLIN,POINTP,WP_000843414.1,transcriptional regulator MarR,100.00,97.92,,,Annotation|https://ftp.ebi.ac.uk/pub/databases/amr_portal/genomes/GCA/000/777/GCA_000777025.1,1.5.0,Fast,2011,68.0,male,,,,,25373147,,CABBAGE_PubMed_data,United States of America,Americas,Northern America
ampicillin,susceptible,,SAMN02802093,GCA_000777815.1,Escherichia,Escherichia coli,Escherichia coli,562,upec-266,Homo sapiens,SRS624809,,,,ARO_3000637|https://www.ebi.ac.uk/ols4/ontologies/aro/classes/http%253A%252F%252Fpurl.obolibrary.org%252Fobo%252FARO_3000637,JSJA01000077.1,43101,43535,+,GCA_000777815.1_03250,marR,marR_S3N,AMR,POINT,MULTIDRUG,AMPICILLIN/CHLORAMPHENICOL/QUINOLONE/RIFAMPIN/TETRACYCLINE,AMPICILLIN,POINTP,WP_000843414.1,transcriptional regulator MarR,100.00,97.92,,,Annotation|https://ftp.ebi.ac.uk/pub/databases/amr_portal/genomes/GCA/000/777/GCA_000777815.1,1.5.0,Fast,2012,20.0,female,,,,,25373147,,CABBAGE_PubMed_data,United States of America,Americas,Northern America
ampicillin,resistant,,SAMN02802107,GCA_000777585.1,Escherichia,Escherichia coli,Escherichia coli,562,upec-28,Homo sapiens,SRS624824,,,,ARO_3000637|https://www.ebi.ac.uk/ols4/ontologies/aro/classes/http%253A%252F%252Fpurl.obolibrary.org%252Fobo%252FARO_3000637,JSIQ01000290.1,27577,28011,+,GCA_000777585.1_04266,marR,marR_S3N,AMR,POINT,MULTIDRUG,AMPICILLIN/CHLORAMPHENICOL/QUINOLONE/RIFAMPIN/TETRACYCLINE,AMPICILLIN,POINTP,WP_000843414.1,transcriptional regulator MarR,100.00,97.92,,,Annotation|https://ftp.ebi.ac.uk/pub/databases/amr_portal/genomes/GCA/000/777/GCA_000777585.1,1.5.0,Fast,2011,26.0,female,,,,,25373147,,CABBAGE_PubMed_data,United States of America,Americas,Northern America
ampicillin,resistant,,SAMN02802084,GCA_000777975.1,Escherichia,Escherichia coli,Escherichia coli,562,upec-258,Homo sapiens,SRS624799,,,,ARO_3000637|https://www.ebi.ac.uk/ols4/ontologies/aro/classes/http%253A%252F%252Fpurl.obolibrary.org%252Fobo%252FARO_3000637,JSJJ01000138.1,231714,232148,-,GCA_000777975.1_03578,marR,marR_S3N,AMR,POINT,MULTIDRUG,AMPICILLIN/CHLORAMPHENICOL/QUINOLONE/RIFAMPIN/TETRACYCLINE,AMPICILLIN,POINTP,WP_000843414.1,transcriptional regulator MarR,100.00,97.92,,,Annotation|https://ftp.ebi.ac.uk/pub/databases/amr_portal/genomes/GCA/000/777/GCA_000777975.1,1.5.0,Fast,2012,21.0,female,,,,,25373147,,CABBAGE_PubMed_data,United States of America,Americas,Northern America
ampicillin,resistant,,SAMN02802126,GCA_000777215.1,Escherichia,Escherichia coli,Escherichia coli,562,upec-36,Homo sapiens,SRS624842,,,,ARO_3000637|https://www.ebi.ac.uk/ols4/ontologies/aro/classes/http%253A%252F%252Fpurl.obolibrary.org%252Fobo%252FARO_3000637,JSHY01000046.1,25295,25729,-,GCA_000777215.1_00886,marR,marR_S3N,AMR,POINT,MULTIDRUG,AMPICILLIN/CHLORAMPHENICOL/QUINOLONE/RIFAMPIN/TETRACYCLINE,AMPICILLIN,POINTP,WP_000843414.1,transcriptional regulator MarR,100.00,97.92,,,Annotation|https://ftp.ebi.ac.uk/pub/databases/amr_portal/genomes/GCA/000/777/GCA_000777215.1,1.5.0,Fast,2011,57.0,male,,,,,25373147,,CABBAGE_PubMed_data,United States of America,Americas,Northern America
ampicillin,resistant,,SAMN02802134,GCA_000777105.1,Escherichia,Escherichia coli,Escherichia coli,562,upec-43,Homo sapiens,SRS624850,,,,ARO_3000637|https://www.ebi.ac.uk/ols4/ontologies/aro/classes/http%253A%252F%252Fpurl.obolibrary.org%252Fobo%252FARO_3000637,JSHR01000211.1,7874,8308,-,GCA_000777105.1_00958,marR,marR_S3N,AMR,POINT,MULTIDRUG,AMPICILLIN/CHLORAMPHENICOL/QUINOLONE/RIFAMPIN/TETRACYCLINE,AMPICILLIN,POINTP,WP_000843414.1,transcriptional regulator MarR,100.00,97.92,,,Annotation|https://ftp.ebi.ac.uk/pub/databases/amr_portal/genomes/GCA/000/777/GCA_000777105.1,1.5.0,Fast,2011,25.0,female,,,,,25373147,,CABBAGE_PubMed_data,United States of America,Americas,Northern America
ampicillin,susceptible,,SAMN02802103,GCA_000777625.1,Escherichia,Escherichia coli,Escherichia coli,562,upec-276,Homo sapiens,SRS624819,,,,ARO_3000637|https://www.ebi.ac.uk/ols4/ontologies/aro/classes/http%253A%252F%252Fpurl.obolibrary.org%252Fobo%252FARO_3000637,JSIS01000130.1,19096,19530,+,GCA_000777625.1_03940,marR,marR_S3N,AMR,POINT,MULTIDRUG,AMPICILLIN/CHLORAMPHENICOL/QUINOLONE/RIFAMPIN/TETRACYCLINE,AMPICILLIN,POINTP,WP_000843414.1,transcriptional regulator MarR,100.00,97.92,,,Annotation|https://ftp.ebi.ac.uk/pub/databases/amr_portal/genomes/GCA/000/777/GCA_000777625.1,1.5.0,Fast,2012,44.0,female,,,,,25373147,,CABBAGE_PubMed_data,United States of America,Americas,Northern America
ampicillin,susceptible,,SAMN02802127,GCA_000777235.1,Escherichia,Escherichia coli,Escherichia coli,562,upec-37,Homo sapiens,SRS624843,,,,ARO_3000637|https://www.ebi.ac.uk/ols4/ontologies/aro/classes/http%253A%252F%252Fpurl.obolibrary.org%252Fobo%252FARO_3000637,JSHX01000759.1,15533,15967,-,GCA_000777235.1_04130,marR,marR_S3N,AMR,POINT,MULTIDRUG,AMPICILLIN/CHLORAMPHENICOL/QUINOLONE/RIFAMPIN/TETRACYCLINE,AMPICILLIN,POINTP,WP_000843414.1,transcriptional regulator MarR,100.00,97.92,,,Annotation|https://ftp.ebi.ac.uk/pub/databases/amr_portal/genomes/GCA/000/777/GCA_000777235.1,1.5.0,Fast,2011,23.0,female,,,,,25373147,,CABBAGE_PubMed_data,United States of America,Americas,Northern America
ampicillin,susceptible,,SAMN02802104,GCA_000777605.1,Escherichia,Escherichia coli,Escherichia coli,562,upec-277,Homo sapiens,SRS624820,,,,ARO_3000637|https://www.ebi.ac.uk/ols4/ontologies/aro/classes/http%253A%252F%252Fpurl.obolibrary.org%252Fobo%252FARO_3000637,JSIR01000103.1,63412,63846,-,GCA_000777605.1_02626,marR,marR_S3N,AMR,POINT,MULTIDRUG,AMPICILLIN/CHLORAMPHENICOL/QUINOLONE/RIFAMPIN/TETRACYCLINE,AMPICILLIN,POINTP,WP_000843414.1,transcriptional regulator MarR,100.00,97.92,,,Annotation|https://ftp.ebi.ac.uk/pub/databases/amr_portal/genomes/GCA/000/777/GCA_000777605.1,1.5.0,Fast,,28.0,female,,,,,25373147,,CABBAGE_PubMed_data,United States of America,Americas,Northern America
ampicillin,susceptible,,SAMN02802081,GCA_000778035.1,Escherichia,Escherichia coli,Escherichia coli,562,upec-255,Homo sapiens,SRS624797,,,,ARO_3000637|https://www.ebi.ac.uk/ols4/ontologies/aro/classes/http%253A%252F%252Fpurl.obolibrary.org%252Fobo%252FARO_3000637,JSJM01000032.1,130384,130818,-,GCA_000778035.1_00930,marR,marR_S3N,AMR,POINT,MULTIDRUG,AMPICILLIN/CHLORAMPHENICOL/QUINOLONE/RIFAMPIN/TETRACYCLINE,AMPICILLIN,POINTP,WP_000843414.1,transcriptional regulator MarR,100.00,97.92,,,Annotation|https://ftp.ebi.ac.uk/pub/databases/amr_portal/genomes/GCA/000/778/GCA_000778035.1,1.5.0,Fast,2012,82.0,female,,,,,25373147,,CABBAGE_PubMed_data,United States of America,Americas,Northern America
ampicillin,susceptible,,SAMN02802059,GCA_000778375.1,Escherichia,Escherichia coli,Escherichia coli,562,upec-235,Homo sapiens,SRS624775,,,,ARO_3000637|https://www.ebi.ac.uk/ols4/ontologies/aro/classes/http%253A%252F%252Fpurl.obolibrary.org%252Fobo%252FARO_3000637,JSKE01000027.1,64587,65021,-,GCA_000778375.1_00585,marR,marR_S3N,AMR,POINT,MULTIDRUG,AMPICILLIN/CHLORAMPHENICOL/QUINOLONE/RIFAMPIN/TETRACYCLINE,AMPICILLIN,POINTP,WP_000843414.1,transcriptional regulator MarR,100.00,97.92,,,Annotation|https://ftp.ebi.ac.uk/pub/databases/amr_portal/genomes/GCA/000/778/GCA_000778375.1,1.5.0,Fast,2011,61.0,female,,,,,25373147,,CABBAGE_PubMed_data,United States of America,Americas,Northern America
ampicillin,susceptible,,SAMN02802074,GCA_000778135.1,Escherichia,Escherichia coli,Escherichia coli,562,upec-249,Homo sapiens,SRS624790,,,,ARO_3000637|https://www.ebi.ac.uk/ols4/ontologies/aro/classes/http%253A%252F%252Fpurl.obolibrary.org%252Fobo%252FARO_3000637,JSJS01000065.1,37884,38318,+,GCA_000778135.1_01812,marR,marR_S3N,AMR,POINT,MULTIDRUG,AMPICILLIN/CHLORAMPHENICOL/QUINOLONE/RIFAMPIN/TETRACYCLINE,AMPICILLIN,POINTP,WP_000843414.1,transcriptional regulator MarR,100.00,97.92,,,Annotation|https://ftp.ebi.ac.uk/pub/databases/amr_portal/genomes/GCA/000/778/GCA_000778135.1,1.5.0,Fast,2011,7.0,female,,,,,25373147,,CABBAGE_PubMed_data,United States of America,Americas,Northern America
ampicillin,susceptible,,SAMN02802057,GCA_000778395.1,Escherichia,Escherichia coli,Escherichia coli,562,upec-233,Homo sapiens,SRS624774,,,,ARO_3000637|https://www.ebi.ac.uk/ols4/ontologies/aro/classes/http%253A%252F%252Fpurl.obolibrary.org%252Fobo%252FARO_3000637,JSKF01000016.1,64571,65005,-,GCA_000778395.1_00316,marR,marR_S3N,AMR,POINT,MULTIDRUG,AMPICILLIN/CHLORAMPHENICOL/QUINOLONE/RIFAMPIN/TETRACYCLINE,AMPICILLIN,POINTP,WP_000843414.1,transcriptional regulator MarR,100.00,97.92,,,Annotation|https://ftp.ebi.ac.uk/pub/databases/amr_portal/genomes/GCA/000/778/GCA_000778395.1,1.5.0,Fast,2011,1.0,female,,,,,25373147,,CABBAGE_PubMed_data,United States of America,Americas,Northern America
ampicillin,susceptible,,SAMN02802068,GCA_000778235.1,Escherichia,Escherichia coli,Escherichia coli,562,upec-243,Homo sapiens,SRS624784,,,,ARO_3000637|https://www.ebi.ac.uk/ols4/ontologies/aro/classes/http%253A%252F%252Fpurl.obolibrary.org%252Fobo%252FARO_3000637,JSJX01000047.1,37828,38262,+,GCA_000778235.1_01388,marR,marR_S3N,AMR,POINT,MULTIDRUG,AMPICILLIN/CHLORAMPHENICOL/QUINOLONE/RIFAMPIN/TETRACYCLINE,AMPICILLIN,POINTP,WP_000843414.1,transcriptional regulator MarR,100.00,97.92,,,Annotation|https://ftp.ebi.ac.uk/pub/databases/amr_portal/genomes/GCA/000/778/GCA_000778235.1,1.5.0,Fast,2011,65.0,female,,,,,25373147,,CABBAGE_PubMed_data,United States of America,Americas,Northern America
ampicillin,resistant,,SAMN02802083,GCA_000778015.1,Escherichia,Escherichia coli,Escherichia coli,562,upec-257,Homo sapiens,SRS624800,,,,ARO_3000637|https://www.ebi.ac.uk/ols4/ontologies/aro/classes/http%253A%252F%252Fpurl.obolibrary.org%252Fobo%252FARO_3000637,JSJK01000055.1,28523,28957,+,GCA_000778015.1_02336,marR,marR_S3N,AMR,POINT,MULTIDRUG,AMPICILLIN/CHLORAMPHENICOL/QUINOLONE/RIFAMPIN/TETRACYCLINE,AMPICILLIN,POINTP,WP_000843414.1,transcriptional regulator MarR,100.00,97.92,,,Annotation|https://ftp.ebi.ac.uk/pub/databases/amr_portal/genomes/GCA/000/778/GCA_000778015.1,1.5.0,Fast,2012,33.0,female,,,,,25373147,,CABBAGE_PubMed_data,United States of America,Americas,Northern America
ampicillin,resistant,,SAMN02802076,GCA_000778105.1,Escherichia,Escherichia coli,Escherichia coli,562,upec-250,Homo sapiens,SRS624792,,,,ARO_3000637|https://www.ebi.ac.uk/ols4/ontologies/aro/classes/http%253A%252F%252Fpurl.obolibrary.org%252Fobo%252FARO_3000637,JSJQ01000070.1,17904,18338,+,GCA_000778105.1_01990,marR,marR_S3N,AMR,POINT,MULTIDRUG,AMPICILLIN/CHLORAMPHENICOL/QUINOLONE/RIFAMPIN/TETRACYCLINE,AMPICILLIN,POINTP,WP_000843414.1,transcriptional regulator MarR,100.00,97.92,,,Annotation|https://ftp.ebi.ac.uk/pub/databases/amr_portal/genomes/GCA/000/778/GCA_000778105.1,1.5.0,Fast,2012,41.0,female,,,,,25373147,,CABBAGE_PubMed_data,United States of America,Americas,Northern America
ampicillin,resistant,,SAMN02802049,GCA_000778685.1,Escherichia,Escherichia coli,Escherichia coli,562,upec-226,Homo sapiens,SRS624765,,,,ARO_3000637|https://www.ebi.ac.uk/ols4/ontologies/aro/classes/http%253A%252F%252Fpurl.obolibrary.org%252Fobo%252FARO_3000637,JSKN01000082.1,353547,353981,-,GCA_000778685.1_02856,marR,marR_S3N,AMR,POINT,MULTIDRUG,AMPICILLIN/CHLORAMPHENICOL/QUINOLONE/RIFAMPIN/TETRACYCLINE,AMPICILLIN,POINTP,WP_000843414.1,transcriptional regulator MarR,100.00,97.92,,,Annotation|https://ftp.ebi.ac.uk/pub/databases/amr_portal/genomes/GCA/000/778/GCA_000778685.1,1.5.0,Fast,2011,39.0,female,,,,,25373147,,CABBAGE_PubMed_data,United States of America,Americas,Northern America
ampicillin,susceptible,,SAMN02802060,GCA_000778355.1,Escherichia,Escherichia coli,Escherichia coli,562,upec-236,Homo sapiens,SRS624776,,,,ARO_3000637|https://www.ebi.ac.uk/ols4/ontologies/aro/classes/http%253A%252F%252Fpurl.obolibrary.org%252Fobo%252FARO_3000637,JSKD01000063.1,477210,477644,-,GCA_000778355.1_04453,marR,marR_S3N,AMR,POINT,MULTIDRUG,AMPICILLIN/CHLORAMPHENICOL/QUINOLONE/RIFAMPIN/TETRACYCLINE,AMPICILLIN,POINTP,WP_000843414.1,transcriptional regulator MarR,100.00,97.92,,,Annotation|https://ftp.ebi.ac.uk/pub/databases/amr_portal/genomes/GCA/000/778/GCA_000778355.1,1.5.0,Fast,2011,26.0,female,,,,,25373147,,CABBAGE_PubMed_data,United States of America,Americas,Northern America
ampicillin,resistant,,SAMN02802050,GCA_000778935.1,Escherichia,Escherichia coli,Escherichia coli,562,upec-227,Homo sapiens,SRS624766,,,,ARO_3000637|https://www.ebi.ac.uk/ols4/ontologies/aro/classes/http%253A%252F%252Fpurl.obolibrary.org%252Fobo%252FARO_3000637,JSKM01000073.1,232693,233127,-,GCA_000778935.1_04283,marR,marR_S3N,AMR,POINT,MULTIDRUG,AMPICILLIN/CHLORAMPHENICOL/QUINOLONE/RIFAMPIN/TETRACYCLINE,AMPICILLIN,POINTP,WP_000843414.1,transcriptional regulator MarR,100.00,97.22,,,Annotation|https://ftp.ebi.ac.uk/pub/databases/amr_portal/genomes/GCA/000/778/GCA_000778935.1,1.5.0,Fast,2011,63.0,male,,,,,25373147,,CABBAGE_PubMed_data,United States of America,Americas,Northern America
ampicillin,resistant,,SAMN02802030,GCA_000778465.1,Escherichia,Escherichia coli,Escherichia coli,562,upec-209,Homo sapiens,SRS624746,,,,ARO_3000637|https://www.ebi.ac.uk/ols4/ontologies/aro/classes/http%253A%252F%252Fpurl.obolibrary.org%252Fobo%252FARO_3000637,JSLC01000075.1,454631,455065,-,GCA_000778465.1_03171,marR,marR_S3N,AMR,POINT,MULTIDRUG,AMPICILLIN/CHLORAMPHENICOL/QUINOLONE/RIFAMPIN/TETRACYCLINE,AMPICILLIN,POINTP,WP_000843414.1,transcriptional regulator MarR,100.00,97.92,,,Annotation|https://ftp.ebi.ac.uk/pub/databases/amr_portal/genomes/GCA/000/778/GCA_000778465.1,1.5.0,Fast,2011,22.0,female,,,,,25373147,,CABBAGE_PubMed_data,United States of America,Americas,Northern America
ampicillin,susceptible,,SAMN02802048,GCA_000778955.1,Escherichia,Escherichia coli,Escherichia coli,562,upec-225,Homo sapiens,SRS624763,,,,ARO_3000637|https://www.ebi.ac.uk/ols4/ontologies/aro/classes/http%253A%252F%252Fpurl.obolibrary.org%252Fobo%252FARO_3000637,JSKO01000074.1,470361,470795,-,GCA_000778955.1_04025,marR,marR_S3N,AMR,POINT,MULTIDRUG,AMPICILLIN/CHLORAMPHENICOL/QUINOLONE/RIFAMPIN/TETRACYCLINE,AMPICILLIN,POINTP,WP_000843414.1,transcriptional regulator MarR,100.00,97.92,,,Annotation|https://ftp.ebi.ac.uk/pub/databases/amr_portal/genomes/GCA/000/778/GCA_000778955.1,1.5.0,Fast,2011,49.0,male,,,,,25373147,,CABBAGE_PubMed_data,United States of America,Americas,Northern America
ampicillin,susceptible,,SAMN02802029,GCA_000778565.1,Escherichia,Escherichia coli,Escherichia coli,562,upec-208,Homo sapiens,SRS624745,,,,ARO_3000637|https://www.ebi.ac.uk/ols4/ontologies/aro/classes/http%253A%252F%252Fpurl.obolibrary.org%252Fobo%252FARO_3000637,JSLD01000028.1,461366,461800,-,GCA_000778565.1_03141,marR,marR_S3N,AMR,POINT,MULTIDRUG,AMPICILLIN/CHLORAMPHENICOL/QUINOLONE/RIFAMPIN/TETRACYCLINE,AMPICILLIN,POINTP,WP_000843414.1,transcriptional regulator MarR,100.00,97.92,,,Annotation|https://ftp.ebi.ac.uk/pub/databases/amr_portal/genomes/GCA/000/778/GCA_000778565.1,1.5.0,Fast,2011,22.0,female,,,,,25373147,,CABBAGE_PubMed_data,United States of America,Americas,Northern America
ampicillin,susceptible,,SAMN02802051,GCA_000778815.1,Escherichia,Escherichia coli,Escherichia coli,562,upec-228,Homo sapiens,SRS624767,,,,ARO_3000637|https://www.ebi.ac.uk/ols4/ontologies/aro/classes/http%253A%252F%252Fpurl.obolibrary.org%252Fobo%252FARO_3000637,JSKL01000017.1,14756,15190,+,GCA_000778815.1_00018,marR,marR_S3N,AMR,POINT,MULTIDRUG,AMPICILLIN/CHLORAMPHENICOL/QUINOLONE/RIFAMPIN/TETRACYCLINE,AMPICILLIN,POINTP,WP_000843414.1,transcriptional regulator MarR,100.00,97.92,,,Annotation|https://ftp.ebi.ac.uk/pub/databases/amr_portal/genomes/GCA/000/778/GCA_000778815.1,1.5.0,Fast,2011,85.0,female,,,,,25373147,,CABBAGE_PubMed_data,United States of America,Americas,Northern America
ampicillin,resistant,,SAMN02801954,GCA_000780735.1,Escherichia,Escherichia coli,Escherichia coli,562,upec-140,Homo sapiens,SRS624670,,,,ARO_3000637|https://www.ebi.ac.uk/ols4/ontologies/aro/classes/http%253A%252F%252Fpurl.obolibrary.org%252Fobo%252FARO_3000637,JSNK01000066.1,37784,38218,+,GCA_000780735.1_03695,marR,marR_S3N,AMR,POINT,MULTIDRUG,AMPICILLIN/CHLORAMPHENICOL/QUINOLONE/RIFAMPIN/TETRACYCLINE,AMPICILLIN,POINTP,WP_000843414.1,transcriptional regulator MarR,100.00,97.92,,,Annotation|https://ftp.ebi.ac.uk/pub/databases/amr_portal/genomes/GCA/000/780/GCA_000780735.1,1.5.0,Fast,2011,36.0,female,,,,,25373147,,CABBAGE_PubMed_data,United States of America,Americas,Northern America
ampicillin,resistant,,SAMN02801944,GCA_000780875.1,Escherichia,Escherichia coli,Escherichia coli,562,upec-131,Homo sapiens,SRS624659,,,,ARO_3000637|https://www.ebi.ac.uk/ols4/ontologies/aro/classes/http%253A%252F%252Fpurl.obolibrary.org%252Fobo%252FARO_3000637,JSNU01000039.1,37884,38318,+,GCA_000780875.1_00880,marR,marR_S3N,AMR,POINT,MULTIDRUG,AMPICILLIN/CHLORAMPHENICOL/QUINOLONE/RIFAMPIN/TETRACYCLINE,AMPICILLIN,POINTP,WP_000843414.1,transcriptional regulator MarR,100.00,97.92,,,Annotation|https://ftp.ebi.ac.uk/pub/databases/amr_portal/genomes/GCA/000/780/GCA_000780875.1,1.5.0,Fast,2011,19.0,female,,,,,25373147,,CABBAGE_PubMed_data,United States of America,Americas,Northern America
ampicillin,resistant,,SAMN02801951,GCA_000780775.1,Escherichia,Escherichia coli,Escherichia coli,562,upec-138,Homo sapiens,SRS624667,,,,ARO_3000637|https://www.ebi.ac.uk/ols4/ontologies/aro/classes/http%253A%252F%252Fpurl.obolibrary.org%252Fobo%252FARO_3000637,JSNN01000064.1,22315,22749,-,GCA_000780775.1_01777,marR,marR_S3N,AMR,POINT,MULTIDRUG,AMPICILLIN/CHLORAMPHENICOL/QUINOLONE/RIFAMPIN/TETRACYCLINE,AMPICILLIN,POINTP,WP_000843414.1,transcriptional regulator MarR,100.00,97.92,,,Annotation|https://ftp.ebi.ac.uk/pub/databases/amr_portal/genomes/GCA/000/780/GCA_000780775.1,1.5.0,Fast,2011,73.0,female,,,,,25373147,,CABBAGE_PubMed_data,United States of America,Americas,Northern America
ampicillin,susceptible,,SAMN02801941,GCA_000780925.1,Escherichia,Escherichia coli,Escherichia coli,562,upec-129,Homo sapiens,SRS624657,,,,ARO_3000637|https://www.ebi.ac.uk/ols4/ontologies/aro/classes/http%253A%252F%252Fpurl.obolibrary.org%252Fobo%252FARO_3000637,JSNW01000082.1,36535,36969,+,GCA_000780925.1_02021,marR,marR_S3N,AMR,POINT,MULTIDRUG,AMPICILLIN/CHLORAMPHENICOL/QUINOLONE/RIFAMPIN/TETRACYCLINE,AMPICILLIN,POINTP,WP_000843414.1,transcriptional regulator MarR,100.00,97.92,,,Annotation|https://ftp.ebi.ac.uk/pub/databases/amr_portal/genomes/GCA/000/780/GCA_000780925.1,1.5.0,Fast,2011,54.0,female,,,,,25373147,,CABBAGE_PubMed_data,United States of America,Americas,Northern America
ampicillin,susceptible,,SAMN02801977,GCA_000780155.1,Escherichia,Escherichia coli,Escherichia coli,562,upec-161,Homo sapiens,SRS624693,,,,ARO_3000637|https://www.ebi.ac.uk/ols4/ontologies/aro/classes/http%253A%252F%252Fpurl.obolibrary.org%252Fobo%252FARO_3000637,JSMQ01000061.1,193147,193581,-,GCA_000780155.1_02698,marR,marR_S3N,AMR,POINT,MULTIDRUG,AMPICILLIN/CHLORAMPHENICOL/QUINOLONE/RIFAMPIN/TETRACYCLINE,AMPICILLIN,POINTP,WP_000843414.1,transcriptional regulator MarR,100.00,97.92,,,Annotation|https://ftp.ebi.ac.uk/pub/databases/amr_portal/genomes/GCA/000/780/GCA_000780155.1,1.5.0,Fast,2011,27.0,female,,,,,25373147,,CABBAGE_PubMed_data,United States of America,Americas,Northern America
ampicillin,susceptible,,SAMN02801985,GCA_000780095.1,Escherichia,Escherichia coli,Escherichia coli,562,upec-169,Homo sapiens,SRS624701,,,,ARO_3000637|https://www.ebi.ac.uk/ols4/ontologies/aro/classes/http%253A%252F%252Fpurl.obolibrary.org%252Fobo%252FARO_3000637,JSMN01000070.1,454792,455226,-,GCA_000780095.1_04756,marR,marR_S3N,AMR,POINT,MULTIDRUG,AMPICILLIN/CHLORAMPHENICOL/QUINOLONE/RIFAMPIN/TETRACYCLINE,AMPICILLIN,POINTP,WP_000843414.1,transcriptional regulator MarR,100.00,97.92,,,Annotation|https://ftp.ebi.ac.uk/pub/databases/amr_portal/genomes/GCA/000/780/GCA_000780095.1,1.5.0,Fast,2011,64.0,female,,,,,25373147,,CABBAGE_PubMed_data,United States of America,Americas,Northern America
ampicillin,susceptible,,SAMN02801963,GCA_000780475.1,Escherichia,Escherichia coli,Escherichia coli,562,upec-149,Homo sapiens,SRS624679,,,,ARO_3000637|https://www.ebi.ac.uk/ols4/ontologies/aro/classes/http%253A%252F%252Fpurl.obolibrary.org%252Fobo%252FARO_3000637,JSNB01000093.1,28622,28969,+,GCA_000780475.1_02302,marR,marR_S3N,AMR,POINT,MULTIDRUG,AMPICILLIN/CHLORAMPHENICOL/QUINOLONE/RIFAMPIN/TETRACYCLINE,AMPICILLIN,POINTP,WP_000843414.1,transcriptional regulator MarR,75.69,98.17,,,Annotation|https://ftp.ebi.ac.uk/pub/databases/amr_portal/genomes/GCA/000/780/GCA_000780475.1,1.5.0,Fast,2011,38.0,female,,,,,25373147,,CABBAGE_PubMed_data,United States of America,Americas,Northern America
ampicillin,resistant,,SAMN02801972,GCA_000780215.1,Escherichia,Escherichia coli,Escherichia coli,562,upec-157,Homo sapiens,SRS624688,,,,ARO_3000637|https://www.ebi.ac.uk/ols4/ontologies/aro/classes/http%253A%252F%252Fpurl.obolibrary.org%252Fobo%252FARO_3000637,JSMT01000046.1,359010,359444,-,GCA_000780215.1_01848,marR,marR_S3N,AMR,POINT,MULTIDRUG,AMPICILLIN/CHLORAMPHENICOL/QUINOLONE/RIFAMPIN/TETRACYCLINE,AMPICILLIN,POINTP,WP_000843414.1,transcriptional regulator MarR,100.00,97.92,,,Annotation|https://ftp.ebi.ac.uk/pub/databases/amr_portal/genomes/GCA/000/780/GCA_000780215.1,1.5.0,Fast,2011,70.0,female,,,,,25373147,,CABBAGE_PubMed_data,United States of America,Americas,Northern America
ampicillin,resistant,,SAMN02801958,GCA_000780595.1,Escherichia,Escherichia coli,Escherichia coli,562,upec-144,Homo sapiens,SRS624674,,,,ARO_3000637|https://www.ebi.ac.uk/ols4/ontologies/aro/classes/http%253A%252F%252Fpurl.obolibrary.org%252Fobo%252FARO_3000637,JSNG01000039.1,108003,108437,-,GCA_000780595.1_00880,marR,marR_S3N,AMR,POINT,MULTIDRUG,AMPICILLIN/CHLORAMPHENICOL/QUINOLONE/RIFAMPIN/TETRACYCLINE,AMPICILLIN,POINTP,WP_000843414.1,transcriptional regulator MarR,100.00,97.92,,,Annotation|https://ftp.ebi.ac.uk/pub/databases/amr_portal/genomes/GCA/000/780/GCA_000780595.1,1.5.0,Fast,2011,29.0,female,,,,,25373147,,CABBAGE_PubMed_data,United States of America,Americas,Northern America
ampicillin,resistant,,SAMN02801971,GCA_000780235.1,Escherichia,Escherichia coli,Escherichia coli,562,upec-156,Homo sapiens,SRS624687,,,,ARO_3000637|https://www.ebi.ac.uk/ols4/ontologies/aro/classes/http%253A%252F%252Fpurl.obolibrary.org%252Fobo%252FARO_3000637,JSMU01000055.1,193562,193996,-,GCA_000780235.1_01616,marR,marR_S3N,AMR,POINT,MULTIDRUG,AMPICILLIN/CHLORAMPHENICOL/QUINOLONE/RIFAMPIN/TETRACYCLINE,AMPICILLIN,POINTP,WP_000843414.1,transcriptional regulator MarR,100.00,97.92,,,Annotation|https://ftp.ebi.ac.uk/pub/databases/amr_portal/genomes/GCA/000/780/GCA_000780235.1,1.5.0,Fast,2011,9.0,female,,,,,25373147,,CABBAGE_PubMed_data,United States of America,Americas,Northern America
ampicillin,susceptible,,SAMN02801940,GCA_000780915.1,Escherichia,Escherichia coli,Escherichia coli,562,upec-128,Homo sapiens,SRS624656,,,,ARO_3000637|https://www.ebi.ac.uk/ols4/ontologies/aro/classes/http%253A%252F%252Fpurl.obolibrary.org%252Fobo%252FARO_3000637,JSNX01000006.1,23895,24329,-,GCA_000780915.1_00380,marR,marR_S3N,AMR,POINT,MULTIDRUG,AMPICILLIN/CHLORAMPHENICOL/QUINOLONE/RIFAMPIN/TETRACYCLINE,AMPICILLIN,POINTP,WP_000843414.1,transcriptional regulator MarR,100.00,97.92,,,Annotation|https://ftp.ebi.ac.uk/pub/databases/amr_portal/genomes/GCA/000/780/GCA_000780915.1,1.5.0,Fast,2011,32.0,female,,,,,25373147,,CABBAGE_PubMed_data,United States of America,Americas,Northern America
ampicillin,susceptible,,SAMN02801949,GCA_000780695.1,Escherichia,Escherichia coli,Escherichia coli,562,upec-136,Homo sapiens,SRS624665,,,,ARO_3000637|https://www.ebi.ac.uk/ols4/ontologies/aro/classes/http%253A%252F%252Fpurl.obolibrary.org%252Fobo%252FARO_3000637,JSNP01000045.1,34096,34530,+,GCA_000780695.1_01748,marR,marR_S3N,AMR,POINT,MULTIDRUG,AMPICILLIN/CHLORAMPHENICOL/QUINOLONE/RIFAMPIN/TETRACYCLINE,AMPICILLIN,POINTP,WP_000843414.1,transcriptional regulator MarR,100.00,97.92,,,Annotation|https://ftp.ebi.ac.uk/pub/databases/amr_portal/genomes/GCA/000/780/GCA_000780695.1,1.5.0,Fast,2011,64.0,female,,,,,25373147,,CABBAGE_PubMed_data,United States of America,Americas,Northern America
ampicillin,susceptible,,SAMN02801892,GCA_000780275.1,Escherichia,Escherichia coli,Escherichia coli,562,blood-11-0031,Homo sapiens,SRS624616,,,,ARO_3000637|https://www.ebi.ac.uk/ols4/ontologies/aro/classes/http%253A%252F%252Fpurl.obolibrary.org%252Fobo%252FARO_3000637,JSPR01000058.1,477036,477470,-,GCA_000780275.1_03185,marR,marR_S3N,AMR,POINT,MULTIDRUG,AMPICILLIN/CHLORAMPHENICOL/QUINOLONE/RIFAMPIN/TETRACYCLINE,AMPICILLIN,POINTP,WP_000843414.1,transcriptional regulator MarR,100.00,97.92,,,Annotation|https://ftp.ebi.ac.uk/pub/databases/amr_portal/genomes/GCA/000/780/GCA_000780275.1,1.5.0,Fast,2011,33.0,female,blood from patient with bacteremia,blood,,,25373147,,CABBAGE_PubMed_data,United States of America,Americas,Northern America
ampicillin,susceptible,,SAMN02801952,GCA_000780755.1,Escherichia,Escherichia coli,Escherichia coli,562,upec-139,Homo sapiens,SRS624668,,,,ARO_3000637|https://www.ebi.ac.uk/ols4/ontologies/aro/classes/http%253A%252F%252Fpurl.obolibrary.org%252Fobo%252FARO_3000637,JSNM01000023.1,37884,38318,+,GCA_000780755.1_00403,marR,marR_S3N,AMR,POINT,MULTIDRUG,AMPICILLIN/CHLORAMPHENICOL/QUINOLONE/RIFAMPIN/TETRACYCLINE,AMPICILLIN,POINTP,WP_000843414.1,transcriptional regulator MarR,100.00,97.92,,,Annotation|https://ftp.ebi.ac.uk/pub/databases/amr_portal/genomes/GCA/000/780/GCA_000780755.1,1.5.0,Fast,2011,48.0,female,,,,,25373147,,CABBAGE_PubMed_data,United States of America,Americas,Northern America
ampicillin,susceptible,,SAMN02801948,GCA_000780795.1,Escherichia,Escherichia coli,Escherichia coli,562,upec-135,Homo sapiens,SRS624664,,,,ARO_3000637|https://www.ebi.ac.uk/ols4/ontologies/aro/classes/http%253A%252F%252Fpurl.obolibrary.org%252Fobo%252FARO_3000637,JSNQ01000027.1,193303,193737,-,GCA_000780795.1_01452,marR,marR_S3N,AMR,POINT,MULTIDRUG,AMPICILLIN/CHLORAMPHENICOL/QUINOLONE/RIFAMPIN/TETRACYCLINE,AMPICILLIN,POINTP,WP_000843414.1,transcriptional regulator MarR,100.00,97.92,,,Annotation|https://ftp.ebi.ac.uk/pub/databases/amr_portal/genomes/GCA/000/780/GCA_000780795.1,1.5.0,Fast,2011,77.0,female,,,,,25373147,,CABBAGE_PubMed_data,United States of America,Americas,Northern America
ampicillin,susceptible,,SAMN02801911,GCA_000779055.1,Escherichia,Escherichia coli,Escherichia coli,562,upec-101,Homo sapiens,SRS624627,,,,ARO_3000637|https://www.ebi.ac.uk/ols4/ontologies/aro/classes/http%253A%252F%252Fpurl.obolibrary.org%252Fobo%252FARO_3000637,JSOZ01000025.1,37263,37697,+,GCA_000779055.1_03842,marR,marR_S3N,AMR,POINT,MULTIDRUG,AMPICILLIN/CHLORAMPHENICOL/QUINOLONE/RIFAMPIN/TETRACYCLINE,AMPICILLIN,POINTP,WP_000843414.1,transcriptional regulator MarR,100.00,97.92,,,Annotation|https://ftp.ebi.ac.uk/pub/databases/amr_portal/genomes/GCA/000/779/GCA_000779055.1,1.5.0,Fast,2011,46.0,female,,,,,25373147,,CABBAGE_PubMed_data,United States of America,Americas,Northern America
ampicillin,resistant,,SAMN02802016,GCA_000779425.1,Escherichia,Escherichia coli,Escherichia coli,562,upec-197,Homo sapiens,SRS624732,,,,ARO_3000637|https://www.ebi.ac.uk/ols4/ontologies/aro/classes/http%253A%252F%252Fpurl.obolibrary.org%252Fobo%252FARO_3000637,JSLP01000042.1,477397,477831,-,GCA_000779425.1_03220,marR,marR_S3N,AMR,POINT,MULTIDRUG,AMPICILLIN/CHLORAMPHENICOL/QUINOLONE/RIFAMPIN/TETRACYCLINE,AMPICILLIN,POINTP,WP_000843414.1,transcriptional regulator MarR,100.00,97.92,,,Annotation|https://ftp.ebi.ac.uk/pub/databases/amr_portal/genomes/GCA/000/779/GCA_000779425.1,1.5.0,Fast,2011,51.0,female,,,,,25373147,,CABBAGE_PubMed_data,United States of America,Americas,Northern America
ampicillin,susceptible,,SAMN02802004,GCA_000779585.1,Escherichia,Escherichia coli,Escherichia coli,562,upec-186,Homo sapiens,SRS624721,,,,ARO_3000637|https://www.ebi.ac.uk/ols4/ontologies/aro/classes/http%253A%252F%252Fpurl.obolibrary.org%252Fobo%252FARO_3000637,JSLX01000087.1,193096,193530,-,GCA_000779585.1_04668,marR,marR_S3N,AMR,POINT,MULTIDRUG,AMPICILLIN/CHLORAMPHENICOL/QUINOLONE/RIFAMPIN/TETRACYCLINE,AMPICILLIN,POINTP,WP_000843414.1,transcriptional regulator MarR,100.00,97.92,,,Annotation|https://ftp.ebi.ac.uk/pub/databases/amr_portal/genomes/GCA/000/779/GCA_000779585.1,1.5.0,Fast,2011,38.0,female,,,,,25373147,,CABBAGE_PubMed_data,United States of America,Americas,Northern America
ampicillin,resistant,,SAMN02801989,GCA_000779995.1,Escherichia,Escherichia coli,Escherichia coli,562,upec-172,Homo sapiens,SRS624705,,,,ARO_3000637|https://www.ebi.ac.uk/ols4/ontologies/aro/classes/http%253A%252F%252Fpurl.obolibrary.org%252Fobo%252FARO_3000637,JSMJ01000055.1,193663,194097,-,GCA_000779995.1_02666,marR,marR_S3N,AMR,POINT,MULTIDRUG,AMPICILLIN/CHLORAMPHENICOL/QUINOLONE/RIFAMPIN/TETRACYCLINE,AMPICILLIN,POINTP,WP_000843414.1,transcriptional regulator MarR,100.00,97.92,,,Annotation|https://ftp.ebi.ac.uk/pub/databases/amr_portal/genomes/GCA/000/779/GCA_000779995.1,1.5.0,Fast,2011,36.0,female,,,,,25373147,,CABBAGE_PubMed_data,United States of America,Americas,Northern America
ampicillin,susceptible,,SAMN02802014,GCA_000779515.1,Escherichia,Escherichia coli,Escherichia coli,562,upec-195,Homo sapiens,SRS624730,,,,ARO_3000637|https://www.ebi.ac.uk/ols4/ontologies/aro/classes/http%253A%252F%252Fpurl.obolibrary.org%252Fobo%252FARO_3000637,JSLR01000053.1,363481,363915,-,GCA_000779515.1_04447,marR,marR_S3N,AMR,POINT,MULTIDRUG,AMPICILLIN/CHLORAMPHENICOL/QUINOLONE/RIFAMPIN/TETRACYCLINE,AMPICILLIN,POINTP,WP_000843414.1,transcriptional regulator MarR,100.00,97.92,,,Annotation|https://ftp.ebi.ac.uk/pub/databases/amr_portal/genomes/GCA/000/779/GCA_000779515.1,1.5.0,Fast,2011,90.0,female,,,,,25373147,,CABBAGE_PubMed_data,United States of America,Americas,Northern America
ampicillin,susceptible,,SAMN02802003,GCA_000779695.1,Escherichia,Escherichia coli,Escherichia coli,562,upec-185,Homo sapiens,SRS624719,,,,ARO_3000637|https://www.ebi.ac.uk/ols4/ontologies/aro/classes/http%253A%252F%252Fpurl.obolibrary.org%252Fobo%252FARO_3000637,JSLY01000039.1,422959,423393,-,GCA_000779695.1_01802,marR,marR_S3N,AMR,POINT,MULTIDRUG,AMPICILLIN/CHLORAMPHENICOL/QUINOLONE/RIFAMPIN/TETRACYCLINE,AMPICILLIN,POINTP,WP_000843414.1,transcriptional regulator MarR,100.00,97.92,,,Annotation|https://ftp.ebi.ac.uk/pub/databases/amr_portal/genomes/GCA/000/779/GCA_000779695.1,1.5.0,Fast,2011,86.0,female,,,,,25373147,,CABBAGE_PubMed_data,United States of America,Americas,Northern America
ampicillin,susceptible,,SAMN02801893,GCA_000779495.1,Escherichia,Escherichia coli,Escherichia coli,562,blood-11-0041,Homo sapiens,SRS624608,,,,ARO_3000637|https://www.ebi.ac.uk/ols4/ontologies/aro/classes/http%253A%252F%252Fpurl.obolibrary.org%252Fobo%252FARO_3000637,JSPQ01000180.1,37884,38318,+,GCA_000779495.1_02927,marR,marR_S3N,AMR,POINT,MULTIDRUG,AMPICILLIN/CHLORAMPHENICOL/QUINOLONE/RIFAMPIN/TETRACYCLINE,AMPICILLIN,POINTP,WP_000843414.1,transcriptional regulator MarR,100.00,97.92,,,Annotation|https://ftp.ebi.ac.uk/pub/databases/amr_portal/genomes/GCA/000/779/GCA_000779495.1,1.5.0,Fast,2011,33.0,female,blood from patient with bacteremia,blood,,,25373147,,CABBAGE_PubMed_data,United States of America,Americas,Northern America
ampicillin,resistant,,SAMN02801936,GCA_000781035.1,Escherichia,Escherichia coli,Escherichia coli,562,upec-124,Homo sapiens,SRS624653,,,,ARO_3000637|https://www.ebi.ac.uk/ols4/ontologies/aro/classes/http%253A%252F%252Fpurl.obolibrary.org%252Fobo%252FARO_3000637,JSOB01000052.1,358773,359207,-,GCA_000781035.1_02399,marR,marR_S3N,AMR,POINT,MULTIDRUG,AMPICILLIN/CHLORAMPHENICOL/QUINOLONE/RIFAMPIN/TETRACYCLINE,AMPICILLIN,POINTP,WP_000843414.1,transcriptional regulator MarR,100.00,97.92,,,Annotation|https://ftp.ebi.ac.uk/pub/databases/amr_portal/genomes/GCA/000/781/GCA_000781035.1,1.5.0,Fast,2011,58.0,male,,,,,25373147,,CABBAGE_PubMed_data,United States of America,Americas,Northern America
ampicillin,susceptible,,SAMN02801874,GCA_000781575.1,Escherichia,Escherichia coli,Escherichia coli,562,blood-10-0686,Homo sapiens,SRS624590,,,,ARO_3000637|https://www.ebi.ac.uk/ols4/ontologies/aro/classes/http%253A%252F%252Fpurl.obolibrary.org%252Fobo%252FARO_3000637,JSQJ01000046.1,385436,385870,-,GCA_000781575.1_02970,marR,marR_S3N,AMR,POINT,MULTIDRUG,AMPICILLIN/CHLORAMPHENICOL/QUINOLONE/RIFAMPIN/TETRACYCLINE,AMPICILLIN,POINTP,WP_000843414.1,transcriptional regulator MarR,100.00,97.92,,,Annotation|https://ftp.ebi.ac.uk/pub/databases/amr_portal/genomes/GCA/000/781/GCA_000781575.1,1.5.0,Fast,2010,19.0,female,blood from patient with bacteremia,blood,,,25373147,,CABBAGE_PubMed_data,United States of America,Americas,Northern America
ampicillin,susceptible,,SAMN02801926,GCA_000781215.1,Escherichia,Escherichia coli,Escherichia coli,562,upec-115,Homo sapiens,SRS624642,,,,ARO_3000637|https://www.ebi.ac.uk/ols4/ontologies/aro/classes/http%253A%252F%252Fpurl.obolibrary.org%252Fobo%252FARO_3000637,JSOL01000056.1,396375,396809,-,GCA_000781215.1_02774,marR,marR_S3N,AMR,POINT,MULTIDRUG,AMPICILLIN/CHLORAMPHENICOL/QUINOLONE/RIFAMPIN/TETRACYCLINE,AMPICILLIN,POINTP,WP_000843414.1,transcriptional regulator MarR,100.00,97.92,,,Annotation|https://ftp.ebi.ac.uk/pub/databases/amr_portal/genomes/GCA/000/781/GCA_000781215.1,1.5.0,Fast,2011,13.0,female,,,,,25373147,,CABBAGE_PubMed_data,United States of America,Americas,Northern America
ampicillin,susceptible,,SAMN02801853,GCA_000781965.1,Escherichia,Escherichia coli,Escherichia coli,562,blood-09-0829,Homo sapiens,SRS624569,,,,ARO_3000637|https://www.ebi.ac.uk/ols4/ontologies/aro/classes/http%253A%252F%252Fpurl.obolibrary.org%252Fobo%252FARO_3000637,JSRE01000032.1,474128,474562,-,GCA_000781965.1_01543,marR,marR_S3N,AMR,POINT,MULTIDRUG,AMPICILLIN/CHLORAMPHENICOL/QUINOLONE/RIFAMPIN/TETRACYCLINE,AMPICILLIN,POINTP,WP_000843414.1,transcriptional regulator MarR,100.00,97.92,,,Annotation|https://ftp.ebi.ac.uk/pub/databases/amr_portal/genomes/GCA/000/781/GCA_000781965.1,1.5.0,Fast,2009,53.0,female,blood from patient with bacteremia,blood,,,25373147,,CABBAGE_PubMed_data,United States of America,Americas,Northern America
ampicillin,resistant,,SAMN02801862,GCA_000781835.1,Escherichia,Escherichia coli,Escherichia coli,562,blood-09-1545,Homo sapiens,SRS624578,,,,ARO_3000637|https://www.ebi.ac.uk/ols4/ontologies/aro/classes/http%253A%252F%252Fpurl.obolibrary.org%252Fobo%252FARO_3000637,JSQV01000066.1,28523,28957,+,GCA_000781835.1_03090,marR,marR_S3N,AMR,POINT,MULTIDRUG,AMPICILLIN/CHLORAMPHENICOL/QUINOLONE/RIFAMPIN/TETRACYCLINE,AMPICILLIN,POINTP,WP_000843414.1,transcriptional regulator MarR,100.00,97.92,,,Annotation|https://ftp.ebi.ac.uk/pub/databases/amr_portal/genomes/GCA/000/781/GCA_000781835.1,1.5.0,Fast,2009,49.0,male,blood from patient with bacteremia,blood,,,25373147,,CABBAGE_PubMed_data,United States of America,Americas,Northern America
ampicillin,susceptible,,SAMN02801875,GCA_000781555.1,Escherichia,Escherichia coli,Escherichia coli,562,blood-10-0687,Homo sapiens,SRS624591,,,,ARO_3000637|https://www.ebi.ac.uk/ols4/ontologies/aro/classes/http%253A%252F%252Fpurl.obolibrary.org%252Fobo%252FARO_3000637,JSQI01000046.1,359300,359734,-,GCA_000781555.1_04463,marR,marR_S3N,AMR,POINT,MULTIDRUG,AMPICILLIN/CHLORAMPHENICOL/QUINOLONE/RIFAMPIN/TETRACYCLINE,AMPICILLIN,POINTP,WP_000843414.1,transcriptional regulator MarR,100.00,97.92,,,Annotation|https://ftp.ebi.ac.uk/pub/databases/amr_portal/genomes/GCA/000/781/GCA_000781555.1,1.5.0,Fast,2010,19.0,female,blood from patient with bacteremia,blood,,,25373147,,CABBAGE_PubMed_data,United States of America,Americas,Northern America
ampicillin,resistant,,SAMN02801854,GCA_000781995.1,Escherichia,Escherichia coli,Escherichia coli,562,blood-09-0856,Homo sapiens,SRS624570,,,,ARO_3000637|https://www.ebi.ac.uk/ols4/ontologies/aro/classes/http%253A%252F%252Fpurl.obolibrary.org%252Fobo%252FARO_3000637,JSRD01000039.1,473941,474375,-,GCA_000781995.1_02820,marR,marR_S3N,AMR,POINT,MULTIDRUG,AMPICILLIN/CHLORAMPHENICOL/QUINOLONE/RIFAMPIN/TETRACYCLINE,AMPICILLIN,POINTP,WP_000843414.1,transcriptional regulator MarR,100.00,97.92,,,Annotation|https://ftp.ebi.ac.uk/pub/databases/amr_portal/genomes/GCA/000/781/GCA_000781995.1,1.5.0,Fast,2009,53.0,female,blood from patient with bacteremia,blood,,,25373147,,CABBAGE_PubMed_data,United States of America,Americas,Northern America
ampicillin,susceptible,,SAMN02801916,GCA_000781385.1,Escherichia,Escherichia coli,Escherichia coli,562,upec-106,Homo sapiens,SRS624632,,,,ARO_3000637|https://www.ebi.ac.uk/ols4/ontologies/aro/classes/http%253A%252F%252Fpurl.obolibrary.org%252Fobo%252FARO_3000637,JSOU01000054.1,394095,394529,-,GCA_000781385.1_01777,marR,marR_S3N,AMR,POINT,MULTIDRUG,AMPICILLIN/CHLORAMPHENICOL/QUINOLONE/RIFAMPIN/TETRACYCLINE,AMPICILLIN,POINTP,WP_000843414.1,transcriptional regulator MarR,100.00,97.92,,,Annotation|https://ftp.ebi.ac.uk/pub/databases/amr_portal/genomes/GCA/000/781/GCA_000781385.1,1.5.0,Fast,2011,64.0,female,,,,,25373147,,CABBAGE_PubMed_data,United States of America,Americas,Northern America
ampicillin,susceptible,,SAMN02801935,GCA_000781045.1,Escherichia,Escherichia coli,Escherichia coli,562,upec-123,Homo sapiens,SRS624651,,,,ARO_3000637|https://www.ebi.ac.uk/ols4/ontologies/aro/classes/http%253A%252F%252Fpurl.obolibrary.org%252Fobo%252FARO_3000637,JSOC01000013.1,17466,17900,+,GCA_000781045.1_00183,marR,marR_S3N,AMR,POINT,MULTIDRUG,AMPICILLIN/CHLORAMPHENICOL/QUINOLONE/RIFAMPIN/TETRACYCLINE,AMPICILLIN,POINTP,WP_000843414.1,transcriptional regulator MarR,100.00,97.92,,,Annotation|https://ftp.ebi.ac.uk/pub/databases/amr_portal/genomes/GCA/000/781/GCA_000781045.1,1.5.0,Fast,2011,22.0,female,,,,,25373147,,CABBAGE_PubMed_data,United States of America,Americas,Northern America
ampicillin,susceptible,,SAMN02801932,GCA_000781095.1,Escherichia,Escherichia coli,Escherichia coli,562,upec-120,Homo sapiens,SRS624648,,,,ARO_3000637|https://www.ebi.ac.uk/ols4/ontologies/aro/classes/http%253A%252F%252Fpurl.obolibrary.org%252Fobo%252FARO_3000637,JSOF01000008.1,26462,26896,+,GCA_000781095.1_00191,marR,marR_S3N,AMR,POINT,MULTIDRUG,AMPICILLIN/CHLORAMPHENICOL/QUINOLONE/RIFAMPIN/TETRACYCLINE,AMPICILLIN,POINTP,WP_000843414.1,transcriptional regulator MarR,100.00,97.92,,,Annotation|https://ftp.ebi.ac.uk/pub/databases/amr_portal/genomes/GCA/000/781/GCA_000781095.1,1.5.0,Fast,2011,53.0,female,,,,,25373147,,CABBAGE_PubMed_data,United States of America,Americas,Northern America
ampicillin,susceptible,,SAMN02802151,GCA_000776675.1,Escherichia,Escherichia coli,Escherichia coli,562,upec-59,Homo sapiens,SRS624867,,,,ARO_3000637|https://www.ebi.ac.uk/ols4/ontologies/aro/classes/http%253A%252F%252Fpurl.obolibrary.org%252Fobo%252FARO_3000637,JSHE01000023.1,37263,37697,+,GCA_000776675.1_02774,marR,marR_S3N,AMR,POINT,MULTIDRUG,AMPICILLIN/CHLORAMPHENICOL/QUINOLONE/RIFAMPIN/TETRACYCLINE,AMPICILLIN,POINTP,WP_000843414.1,transcriptional regulator MarR,100.00,97.92,,,Annotation|https://ftp.ebi.ac.uk/pub/databases/amr_portal/genomes/GCA/000/776/GCA_000776675.1,1.5.0,Fast,2011,15.0,female,,,,,25373147,,CABBAGE_PubMed_data,United States of America,Americas,Northern America
ampicillin,susceptible,,SAMN02802164,GCA_000776815.1,Escherichia,Escherichia coli,Escherichia coli,562,upec-70,Homo sapiens,SRS624880,,,,ARO_3000637|https://www.ebi.ac.uk/ols4/ontologies/aro/classes/http%253A%252F%252Fpurl.obolibrary.org%252Fobo%252FARO_3000637,JSGU01000046.1,490533,490967,-,GCA_000776815.1_02472,marR,marR_S3N,AMR,POINT,MULTIDRUG,AMPICILLIN/CHLORAMPHENICOL/QUINOLONE/RIFAMPIN/TETRACYCLINE,AMPICILLIN,POINTP,WP_000843414.1,transcriptional regulator MarR,100.00,97.92,,,Annotation|https://ftp.ebi.ac.uk/pub/databases/amr_portal/genomes/GCA/000/776/GCA_000776815.1,1.5.0,Fast,2011,33.0,female,,,,,25373147,,CABBAGE_PubMed_data,United States of America,Americas,Northern America
ampicillin,susceptible,,SAMN02802184,GCA_000776635.1,Escherichia,Escherichia coli,Escherichia coli,562,upec-89,Homo sapiens,SRS624900,,,,ARO_3000637|https://www.ebi.ac.uk/ols4/ontologies/aro/classes/http%253A%252F%252Fpurl.obolibrary.org%252Fobo%252FARO_3000637,JSGA01000030.1,994227,994661,-,GCA_000776635.1_01967,marR,marR_S3N,AMR,POINT,MULTIDRUG,AMPICILLIN/CHLORAMPHENICOL/QUINOLONE/RIFAMPIN/TETRACYCLINE,AMPICILLIN,POINTP,WP_000843414.1,transcriptional regulator MarR,100.00,97.92,,,Annotation|https://ftp.ebi.ac.uk/pub/databases/amr_portal/genomes/GCA/000/776/GCA_000776635.1,1.5.0,Fast,2011,43.0,female,,,,,25373147,,CABBAGE_PubMed_data,United States of America,Americas,Northern America
ampicillin,susceptible,,SAMN02802179,GCA_000776215.1,Escherichia,Escherichia coli,Escherichia coli,562,upec-84,Homo sapiens,SRS624895,,,,ARO_3000637|https://www.ebi.ac.uk/ols4/ontologies/aro/classes/http%253A%252F%252Fpurl.obolibrary.org%252Fobo%252FARO_3000637,JSGF01000135.1,63508,63942,-,GCA_000776215.1_03654,marR,marR_S3N,AMR,POINT,MULTIDRUG,AMPICILLIN/CHLORAMPHENICOL/QUINOLONE/RIFAMPIN/TETRACYCLINE,AMPICILLIN,POINTP,WP_000843414.1,transcriptional regulator MarR,100.00,97.92,,,Annotation|https://ftp.ebi.ac.uk/pub/databases/amr_portal/genomes/GCA/000/776/GCA_000776215.1,1.5.0,Fast,2011,87.0,female,,,,,25373147,,CABBAGE_PubMed_data,United States of America,Americas,Northern America
ampicillin,resistant,,SAMN02802171,GCA_000776155.1,Escherichia,Escherichia coli,Escherichia coli,562,upec-77,Homo sapiens,SRS624887,,,,ARO_3000637|https://www.ebi.ac.uk/ols4/ontologies/aro/classes/http%253A%252F%252Fpurl.obolibrary.org%252Fobo%252FARO_3000637,JSGN01000097.1,28522,28956,+,GCA_000776155.1_01767,marR,marR_S3N,AMR,POINT,MULTIDRUG,AMPICILLIN/CHLORAMPHENICOL/QUINOLONE/RIFAMPIN/TETRACYCLINE,AMPICILLIN,POINTP,WP_000843414.1,transcriptional regulator MarR,100.00,97.92,,,Annotation|https://ftp.ebi.ac.uk/pub/databases/amr_portal/genomes/GCA/000/776/GCA_000776155.1,1.5.0,Fast,2011,40.0,female,,,,,25373147,,CABBAGE_PubMed_data,United States of America,Americas,Northern America
ampicillin,resistant,,SAMN02802163,GCA_000776175.1,Escherichia,Escherichia coli,Escherichia coli,562,upec-7,Homo sapiens,SRS624879,,,,ARO_3000637|https://www.ebi.ac.uk/ols4/ontologies/aro/classes/http%253A%252F%252Fpurl.obolibrary.org%252Fobo%252FARO_3000637,JSGV01000135.1,37415,37849,+,GCA_000776175.1_01462,marR,marR_S3N,AMR,POINT,MULTIDRUG,AMPICILLIN/CHLORAMPHENICOL/QUINOLONE/RIFAMPIN/TETRACYCLINE,AMPICILLIN,POINTP,WP_000843414.1,transcriptional regulator MarR,100.00,97.92,,,Annotation|https://ftp.ebi.ac.uk/pub/databases/amr_portal/genomes/GCA/000/776/GCA_000776175.1,1.5.0,Fast,2011,21.0,female,,,,,25373147,,CABBAGE_PubMed_data,United States of America,Americas,Northern America
ampicillin,susceptible,,SAMN02802167,GCA_000776375.1,Escherichia,Escherichia coli,Escherichia coli,562,upec-73,Homo sapiens,SRS624883,,,,ARO_3000637|https://www.ebi.ac.uk/ols4/ontologies/aro/classes/http%253A%252F%252Fpurl.obolibrary.org%252Fobo%252FARO_3000637,JSGR01000046.1,359002,359436,-,GCA_000776375.1_02301,marR,marR_S3N,AMR,POINT,MULTIDRUG,AMPICILLIN/CHLORAMPHENICOL/QUINOLONE/RIFAMPIN/TETRACYCLINE,AMPICILLIN,POINTP,WP_000843414.1,transcriptional regulator MarR,100.00,97.92,,,Annotation|https://ftp.ebi.ac.uk/pub/databases/amr_portal/genomes/GCA/000/776/GCA_000776375.1,1.5.0,Fast,2011,10.0,female,,,,,25373147,,CABBAGE_PubMed_data,United States of America,Americas,Northern America
ampicillin,susceptible,,SAMN02802170,GCA_000776235.1,Escherichia,Escherichia coli,Escherichia coli,562,upec-76,Homo sapiens,SRS624886,,,,ARO_3000637|https://www.ebi.ac.uk/ols4/ontologies/aro/classes/http%253A%252F%252Fpurl.obolibrary.org%252Fobo%252FARO_3000637,JSGO01000045.1,177431,177865,-,GCA_000776235.1_02335,marR,marR_S3N,AMR,POINT,MULTIDRUG,AMPICILLIN/CHLORAMPHENICOL/QUINOLONE/RIFAMPIN/TETRACYCLINE,AMPICILLIN,POINTP,WP_000843414.1,transcriptional regulator MarR,100.00,97.92,,,Annotation|https://ftp.ebi.ac.uk/pub/databases/amr_portal/genomes/GCA/000/776/GCA_000776235.1,1.5.0,Fast,2011,75.0,female,,,,,25373147,,CABBAGE_PubMed_data,United States of America,Americas,Northern America
ampicillin,resistant,,SAMN02802187,GCA_000776855.1,Escherichia,Escherichia coli,Escherichia coli,562,upec-91,Homo sapiens,SRS624903,,,,ARO_3000637|https://www.ebi.ac.uk/ols4/ontologies/aro/classes/http%253A%252F%252Fpurl.obolibrary.org%252Fobo%252FARO_3000637,JSFX01000101.1,28438,28872,-,GCA_000776855.1_03256,marR,marR_S3N,AMR,POINT,MULTIDRUG,AMPICILLIN/CHLORAMPHENICOL/QUINOLONE/RIFAMPIN/TETRACYCLINE,AMPICILLIN,POINTP,WP_000843414.1,transcriptional regulator MarR,100.00,97.92,,,Annotation|https://ftp.ebi.ac.uk/pub/databases/amr_portal/genomes/GCA/000/776/GCA_000776855.1,1.5.0,Fast,2011,25.0,male,,,,,25373147,,CABBAGE_PubMed_data,United States of America,Americas,Northern America
ampicillin,susceptible,,SAMN02802166,GCA_000776475.1,Escherichia,Escherichia coli,Escherichia coli,562,upec-72,Homo sapiens,SRS624882,,,,ARO_3000637|https://www.ebi.ac.uk/ols4/ontologies/aro/classes/http%253A%252F%252Fpurl.obolibrary.org%252Fobo%252FARO_3000637,JSGS01000806.1,9653,10087,+,GCA_000776475.1_03978,marR,marR_S3N,AMR,POINT,MULTIDRUG,AMPICILLIN/CHLORAMPHENICOL/QUINOLONE/RIFAMPIN/TETRACYCLINE,AMPICILLIN,POINTP,WP_000843414.1,transcriptional regulator MarR,100.00,97.92,,,Annotation|https://ftp.ebi.ac.uk/pub/databases/amr_portal/genomes/GCA/000/776/GCA_000776475.1,1.5.0,Fast,2011,21.0,female,,,,,25373147,,CABBAGE_PubMed_data,United States of America,Americas,Northern America
ampicillin,susceptible,,SAMN02802174,GCA_000776195.1,Escherichia,Escherichia coli,Escherichia coli,562,upec-8,Homo sapiens,SRS624890,,,,ARO_3000637|https://www.ebi.ac.uk/ols4/ontologies/aro/classes/http%253A%252F%252Fpurl.obolibrary.org%252Fobo%252FARO_3000637,JSGK01000051.1,359088,359522,-,GCA_000776195.1_01696,marR,marR_S3N,AMR,POINT,MULTIDRUG,AMPICILLIN/CHLORAMPHENICOL/QUINOLONE/RIFAMPIN/TETRACYCLINE,AMPICILLIN,POINTP,WP_000843414.1,transcriptional regulator MarR,100.00,97.92,,,Annotation|https://ftp.ebi.ac.uk/pub/databases/amr_portal/genomes/GCA/000/776/GCA_000776195.1,1.5.0,Fast,2011,34.0,female,,,,,25373147,,CABBAGE_PubMed_data,United States of America,Americas,Northern America
ampicillin,resistant,,SAMN02802190,GCA_000776735.1,Escherichia,Escherichia coli,Escherichia coli,562,upec-94,Homo sapiens,SRS624906,,,,ARO_3000637|https://www.ebi.ac.uk/ols4/ontologies/aro/classes/http%253A%252F%252Fpurl.obolibrary.org%252Fobo%252FARO_3000637,JSFU01000160.1,19189,19623,+,GCA_000776735.1_00632,marR,marR_S3N,AMR,POINT,MULTIDRUG,AMPICILLIN/CHLORAMPHENICOL/QUINOLONE/RIFAMPIN/TETRACYCLINE,AMPICILLIN,POINTP,WP_000843414.1,transcriptional regulator MarR,100.00,97.92,,,Annotation|https://ftp.ebi.ac.uk/pub/databases/amr_portal/genomes/GCA/000/776/GCA_000776735.1,1.5.0,Fast,2011,73.0,female,,,,,25373147,,CABBAGE_PubMed_data,United States of America,Americas,Northern America
ampicillin,susceptible,,SAMN02802143,GCA_000776965.1,Escherichia,Escherichia coli,Escherichia coli,562,upec-51,Homo sapiens,SRS624859,,,,ARO_3000637|https://www.ebi.ac.uk/ols4/ontologies/aro/classes/http%253A%252F%252Fpurl.obolibrary.org%252Fobo%252FARO_3000637,JSHL01000080.1,36639,37073,+,GCA_000776965.1_04176,marR,marR_S3N,AMR,POINT,MULTIDRUG,AMPICILLIN/CHLORAMPHENICOL/QUINOLONE/RIFAMPIN/TETRACYCLINE,AMPICILLIN,POINTP,WP_000843414.1,transcriptional regulator MarR,100.00,97.92,,,Annotation|https://ftp.ebi.ac.uk/pub/databases/amr_portal/genomes/GCA/000/776/GCA_000776965.1,1.5.0,Fast,2011,26.0,female,,,,,25373147,,CABBAGE_PubMed_data,United States of America,Americas,Northern America
ampicillin,resistant,,SAMN02802194,GCA_000776315.1,Escherichia,Escherichia coli,Escherichia coli,562,upec-98,Homo sapiens,SRS624909,,,,ARO_3000637|https://www.ebi.ac.uk/ols4/ontologies/aro/classes/http%253A%252F%252Fpurl.obolibrary.org%252Fobo%252FARO_3000637,JSFR01000021.1,358888,359322,-,GCA_000776315.1_00751,marR,marR_S3N,AMR,POINT,MULTIDRUG,AMPICILLIN/CHLORAMPHENICOL/QUINOLONE/RIFAMPIN/TETRACYCLINE,AMPICILLIN,POINTP,WP_000843414.1,transcriptional regulator MarR,100.00,97.92,,,Annotation|https://ftp.ebi.ac.uk/pub/databases/amr_portal/genomes/GCA/000/776/GCA_000776315.1,1.5.0,Fast,2011,69.0,female,,,,,25373147,,CABBAGE_PubMed_data,United States of America,Americas,Northern America
ampicillin,susceptible,,SAMN02802155,GCA_000776055.1,Escherichia,Escherichia coli,Escherichia coli,562,upec-62,Homo sapiens,SRS624870,,,,ARO_3000637|https://www.ebi.ac.uk/ols4/ontologies/aro/classes/http%253A%252F%252Fpurl.obolibrary.org%252Fobo%252FARO_3000637,JSHB01000051.1,37884,38318,+,GCA_000776055.1_00959,marR,marR_S3N,AMR,POINT,MULTIDRUG,AMPICILLIN/CHLORAMPHENICOL/QUINOLONE/RIFAMPIN/TETRACYCLINE,AMPICILLIN,POINTP,WP_000843414.1,transcriptional regulator MarR,100.00,97.92,,,Annotation|https://ftp.ebi.ac.uk/pub/databases/amr_portal/genomes/GCA/000/776/GCA_000776055.1,1.5.0,Fast,2011,20.0,female,,,,,25373147,,CABBAGE_PubMed_data,United States of America,Americas,Northern America
ampicillin,susceptible,,SAMN02802175,GCA_000776035.1,Escherichia,Escherichia coli,Escherichia coli,562,upec-80,Homo sapiens,SRS624891,,,,ARO_3000637|https://www.ebi.ac.uk/ols4/ontologies/aro/classes/http%253A%252F%252Fpurl.obolibrary.org%252Fobo%252FARO_3000637,JSGJ01000078.1,63412,63846,-,GCA_000776035.1_02383,marR,marR_S3N,AMR,POINT,MULTIDRUG,AMPICILLIN/CHLORAMPHENICOL/QUINOLONE/RIFAMPIN/TETRACYCLINE,AMPICILLIN,POINTP,WP_000843414.1,transcriptional regulator MarR,100.00,97.92,,,Annotation|https://ftp.ebi.ac.uk/pub/databases/amr_portal/genomes/GCA/000/776/GCA_000776035.1,1.5.0,Fast,2011,68.0,female,,,,,25373147,,CABBAGE_PubMed_data,United States of America,Americas,Northern America
ampicillin,susceptible,,SAMN02802154,GCA_000776565.1,Escherichia,Escherichia coli,Escherichia coli,562,upec-61,Homo sapiens,SRS624871,,,,ARO_3000637|https://www.ebi.ac.uk/ols4/ontologies/aro/classes/http%253A%252F%252Fpurl.obolibrary.org%252Fobo%252FARO_3000637,JSHC01000088.1,394125,394559,-,GCA_000776565.1_03718,marR,marR_S3N,AMR,POINT,MULTIDRUG,AMPICILLIN/CHLORAMPHENICOL/QUINOLONE/RIFAMPIN/TETRACYCLINE,AMPICILLIN,POINTP,WP_000843414.1,transcriptional regulator MarR,100.00,97.92,,,Annotation|https://ftp.ebi.ac.uk/pub/databases/amr_portal/genomes/GCA/000/776/GCA_000776565.1,1.5.0,Fast,2011,66.0,female,,,,,25373147,,CABBAGE_PubMed_data,United States of America,Americas,Northern America
ampicillin,susceptible,,SAMN02802169,GCA_000776655.1,Escherichia,Escherichia coli,Escherichia coli,562,upec-75,Homo sapiens,SRS624885,,,,ARO_3000637|https://www.ebi.ac.uk/ols4/ontologies/aro/classes/http%253A%252F%252Fpurl.obolibrary.org%252Fobo%252FARO_3000637,JSGP01000063.1,36964,37398,+,GCA_000776655.1_04303,marR,marR_S3N,AMR,POINT,MULTIDRUG,AMPICILLIN/CHLORAMPHENICOL/QUINOLONE/RIFAMPIN/TETRACYCLINE,AMPICILLIN,POINTP,WP_000843414.1,transcriptional regulator MarR,100.00,97.92,,,Annotation|https://ftp.ebi.ac.uk/pub/databases/amr_portal/genomes/GCA/000/776/GCA_000776655.1,1.5.0,Fast,2011,51.0,male,,,,,25373147,,CABBAGE_PubMed_data,United States of America,Americas,Northern America
ampicillin,resistant,> 32 mg/L,SAMN03177656,GCA_000798455.1,Escherichia,Escherichia coli,Escherichia coli,562,CVM N36158PS,other (non-clinical isolate),SRS1023041,broth dilution,Sensititre,CLSI,ARO_3000637|https://www.ebi.ac.uk/ols4/ontologies/aro/classes/http%253A%252F%252Fpurl.obolibrary.org%252Fobo%252FARO_3000637,JUCR01000009.1,65952,66275,-,GCA_000798455.1_04533,soxS,soxS_A12S,AMR,POINT,MULTIDRUG,AMPICILLIN/CHLORAMPHENICOL/QUINOLONE/RIFAMPIN/TETRACYCLINE,AMPICILLIN,POINTP,WP_000019358.1,regulatory protein SoxS,100.00,99.07,,,Annotation|https://ftp.ebi.ac.uk/pub/databases/amr_portal/genomes/GCA/000/798/GCA_000798455.1,1.5.0,Fast,2012,,,farm,,,,26142410;33659219,no,COMPARE_ML;NCBI_antibiogram;PATRIC;CABBAGE_PubMed_data,United States of America,Americas,Northern America
ampicillin,resistant,,SAMN02801850,GCA_000782055.1,Escherichia,Escherichia coli,Escherichia coli,562,blood-09-0751,Homo sapiens,SRS624566,,,,ARO_3000637|https://www.ebi.ac.uk/ols4/ontologies/aro/classes/http%253A%252F%252Fpurl.obolibrary.org%252Fobo%252FARO_3000637,JSRH01000023.1,72664,73098,-,GCA_000782055.1_00287,marR,marR_S3N,AMR,POINT,MULTIDRUG,AMPICILLIN/CHLORAMPHENICOL/QUINOLONE/RIFAMPIN/TETRACYCLINE,AMPICILLIN,POINTP,WP_000843414.1,transcriptional regulator MarR,100.00,97.92,,,Annotation|https://ftp.ebi.ac.uk/pub/databases/amr_portal/genomes/GCA/000/782/GCA_000782055.1,1.5.0,Fast,2009,80.0,female,blood from patient with bacteremia,blood,,,25373147,,CABBAGE_PubMed_data,United States of America,Americas,Northern America
ampicillin,susceptible,,SAMN02801816,GCA_000782735.1,Escherichia,Escherichia coli,Escherichia coli,562,blood-08-0493,Homo sapiens,SRS624532,,,,ARO_3000637|https://www.ebi.ac.uk/ols4/ontologies/aro/classes/http%253A%252F%252Fpurl.obolibrary.org%252Fobo%252FARO_3000637,JSSP01000069.1,47029,47463,+,GCA_000782735.1_01824,marR,marR_S3N,AMR,POINT,MULTIDRUG,AMPICILLIN/CHLORAMPHENICOL/QUINOLONE/RIFAMPIN/TETRACYCLINE,AMPICILLIN,POINTP,WP_000843414.1,transcriptional regulator MarR,100.00,97.92,,,Annotation|https://ftp.ebi.ac.uk/pub/databases/amr_portal/genomes/GCA/000/782/GCA_000782735.1,1.5.0,Fast,2008,61.0,male,blood from patient with bacteremia,blood,,,25373147,,CABBAGE_PubMed_data,United States of America,Americas,Northern America
ampicillin,susceptible,,SAMN02801851,GCA_000782035.1,Escherichia,Escherichia coli,Escherichia coli,562,blood-09-0767,Homo sapiens,SRS624567,,,,ARO_3000637|https://www.ebi.ac.uk/ols4/ontologies/aro/classes/http%253A%252F%252Fpurl.obolibrary.org%252Fobo%252FARO_3000637,JSRG01000031.1,358899,359333,-,GCA_000782035.1_01238,marR,marR_S3N,AMR,POINT,MULTIDRUG,AMPICILLIN/CHLORAMPHENICOL/QUINOLONE/RIFAMPIN/TETRACYCLINE,AMPICILLIN,POINTP,WP_000843414.1,transcriptional regulator MarR,100.00,97.92,,,Annotation|https://ftp.ebi.ac.uk/pub/databases/amr_portal/genomes/GCA/000/782/GCA_000782035.1,1.5.0,Fast,2009,62.0,female,blood from patient with bacteremia,blood,,,25373147,,CABBAGE_PubMed_data,United States of America,Americas,Northern America
ampicillin,susceptible,,SAMN02801820,GCA_000782655.1,Escherichia,Escherichia coli,Escherichia coli,562,blood-08-0997,Homo sapiens,SRS624536,,,,ARO_3000637|https://www.ebi.ac.uk/ols4/ontologies/aro/classes/http%253A%252F%252Fpurl.obolibrary.org%252Fobo%252FARO_3000637,JSSL01000072.1,28522,28956,+,GCA_000782655.1_02438,marR,marR_S3N,AMR,POINT,MULTIDRUG,AMPICILLIN/CHLORAMPHENICOL/QUINOLONE/RIFAMPIN/TETRACYCLINE,AMPICILLIN,POINTP,WP_000843414.1,transcriptional regulator MarR,100.00,97.92,,,Annotation|https://ftp.ebi.ac.uk/pub/databases/amr_portal/genomes/GCA/000/782/GCA_000782655.1,1.5.0,Fast,2008,63.0,male,blood from patient with bacteremia,blood,,,25373147,,CABBAGE_PubMed_data,United States of America,Americas,Northern America
ampicillin,intermediate,,SAMN02801821,GCA_000782635.1,Escherichia,Escherichia coli,Escherichia coli,562,blood-08-1203,Homo sapiens,SRS624537,,,,ARO_3000637|https://www.ebi.ac.uk/ols4/ontologies/aro/classes/http%253A%252F%252Fpurl.obolibrary.org%252Fobo%252FARO_3000637,JSSK01000074.1,35978,36412,-,GCA_000782635.1_02038,marR,marR_S3N,AMR,POINT,MULTIDRUG,AMPICILLIN/CHLORAMPHENICOL/QUINOLONE/RIFAMPIN/TETRACYCLINE,AMPICILLIN,POINTP,WP_000843414.1,transcriptional regulator MarR,100.00,97.92,,,Annotation|https://ftp.ebi.ac.uk/pub/databases/amr_portal/genomes/GCA/000/782/GCA_000782635.1,1.5.0,Fast,2008,63.0,male,blood from patient with bacteremia,blood,,,25373147,,CABBAGE_PubMed_data,United States of America,Americas,Northern America
ampicillin,susceptible,,SAMN02801818,GCA_000782695.1,Escherichia,Escherichia coli,Escherichia coli,562,blood-08-0654,Homo sapiens,SRS624534,,,,ARO_3000637|https://www.ebi.ac.uk/ols4/ontologies/aro/classes/http%253A%252F%252Fpurl.obolibrary.org%252Fobo%252FARO_3000637,JSSN01000065.1,47029,47463,+,GCA_000782695.1_03428,marR,marR_S3N,AMR,POINT,MULTIDRUG,AMPICILLIN/CHLORAMPHENICOL/QUINOLONE/RIFAMPIN/TETRACYCLINE,AMPICILLIN,POINTP,WP_000843414.1,transcriptional regulator MarR,100.00,97.92,,,Annotation|https://ftp.ebi.ac.uk/pub/databases/amr_portal/genomes/GCA/000/782/GCA_000782695.1,1.5.0,Fast,2008,61.0,male,blood from patient with bacteremia,blood,,,25373147,,CABBAGE_PubMed_data,United States of America,Americas,Northern America
ampicillin,resistant,> 32 mg/L,SAMN03177681,GCA_000797695.1,Escherichia,Escherichia coli,Escherichia coli,562,CVM N38733PS,other (non-clinical isolate),SRS1023764,broth dilution,Sensititre,CLSI,ARO_3000637|https://www.ebi.ac.uk/ols4/ontologies/aro/classes/http%253A%252F%252Fpurl.obolibrary.org%252Fobo%252FARO_3000637,JUBX01000040.1,47920,48243,+,GCA_000797695.1_03021,soxS,soxS_A12S,AMR,POINT,MULTIDRUG,AMPICILLIN/CHLORAMPHENICOL/QUINOLONE/RIFAMPIN/TETRACYCLINE,AMPICILLIN,POINTP,WP_000019358.1,regulatory protein SoxS,100.00,99.07,,,Annotation|https://ftp.ebi.ac.uk/pub/databases/amr_portal/genomes/GCA/000/797/GCA_000797695.1,1.5.0,Fast,2012,,,farm,,,,26142410;33659219,no,COMPARE_ML;NCBI_antibiogram;PATRIC;CABBAGE_PubMed_data,United States of America,Americas,Northern America
ampicillin,susceptible,<= 4 mg/L,SAMN26304842,GCA_025789815.2,Escherichia,Escherichia coli,Escherichia coli,562,709243,Homo sapiens,SRS15339820,broth dilution,BD Phoenix,CLSI,ARO_3000637|https://www.ebi.ac.uk/ols4/ontologies/aro/classes/http%253A%252F%252Fpurl.obolibrary.org%252Fobo%252FARO_3000637,JAMEJR020000045.1,35495,35929,+,GCA_025789815.2_04175,marR,marR_S3N,AMR,POINT,MULTIDRUG,AMPICILLIN/CHLORAMPHENICOL/QUINOLONE/RIFAMPIN/TETRACYCLINE,AMPICILLIN,POINTP,WP_000843414.1,transcriptional regulator MarR,100.00,97.92,,,Annotation|https://ftp.ebi.ac.uk/pub/databases/amr_portal/genomes/GCA/025/789/GCA_025789815.2,1.5.0,Fast,2019,,,urine,urinary tract,38.97,-77.03,,no,NCBI_antibiogram,United States of America,Americas,Northern America
ampicillin,resistant,> 16 mg/L,SAMN26305045,GCA_025789775.2,Escherichia,Escherichia coli,Escherichia coli,562,807550,Homo sapiens,SRS15358741,broth dilution,BD Phoenix,CLSI,ARO_3000637|https://www.ebi.ac.uk/ols4/ontologies/aro/classes/http%253A%252F%252Fpurl.obolibrary.org%252Fobo%252FARO_3000637,JAMEJP020000008.1,9403,9837,-,GCA_025789775.2_01061,marR,marR_S3N,AMR,POINT,MULTIDRUG,AMPICILLIN/CHLORAMPHENICOL/QUINOLONE/RIFAMPIN/TETRACYCLINE,AMPICILLIN,POINTP,WP_000843414.1,transcriptional regulator MarR,100.00,97.92,,,Annotation|https://ftp.ebi.ac.uk/pub/databases/amr_portal/genomes/GCA/025/789/GCA_025789775.2,1.5.0,Fast,2020,,,urine,urinary tract,38.97,-77.03,,no,NCBI_antibiogram,United States of America,Americas,Northern America
ampicillin,resistant,> 16 mg/L,SAMN26305122,GCA_025789315.2,Escherichia,Escherichia coli,Escherichia coli,562,757825,Homo sapiens,SRS15351931,broth dilution,BD Phoenix,CLSI,ARO_3000637|https://www.ebi.ac.uk/ols4/ontologies/aro/classes/http%253A%252F%252Fpurl.obolibrary.org%252Fobo%252FARO_3000637,JAMEIS020000004.1,63377,63811,-,GCA_025789315.2_00452,marR,marR_S3N,AMR,POINT,MULTIDRUG,AMPICILLIN/CHLORAMPHENICOL/QUINOLONE/RIFAMPIN/TETRACYCLINE,AMPICILLIN,POINTP,WP_000843414.1,transcriptional regulator MarR,100.00,97.92,,,Annotation|https://ftp.ebi.ac.uk/pub/databases/amr_portal/genomes/GCA/025/789/GCA_025789315.2,1.5.0,Fast,2020,,,urine,urinary tract,38.97,-77.03,,no,NCBI_antibiogram,United States of America,Americas,Northern America
ampicillin,susceptible,<= 4 mg/L,SAMN26309093,GCA_025789115.2,Escherichia,Escherichia coli,Escherichia coli,562,781415,Homo sapiens,SRS15357567,broth dilution,BD Phoenix,CLSI,ARO_3000637|https://www.ebi.ac.uk/ols4/ontologies/aro/classes/http%253A%252F%252Fpurl.obolibrary.org%252Fobo%252FARO_3000637,JAMEII020000012.1,13231,13665,+,GCA_025789115.2_00603,marR,marR_S3N,AMR,POINT,MULTIDRUG,AMPICILLIN/CHLORAMPHENICOL/QUINOLONE/RIFAMPIN/TETRACYCLINE,AMPICILLIN,POINTP,WP_000843414.1,transcriptional regulator MarR,100.00,97.92,,,Annotation|https://ftp.ebi.ac.uk/pub/databases/amr_portal/genomes/GCA/025/789/GCA_025789115.2,1.5.0,Fast,2020,,,wound,skin or soft tissue,38.97,-77.03,,no,NCBI_antibiogram,United States of America,Americas,Northern America
ampicillin,resistant,> 16 mg/L,SAMN26304730,GCA_025789555.2,Escherichia,Escherichia coli,Escherichia coli,562,709315,Homo sapiens,SRS15339827,broth dilution,BD Phoenix,CLSI,ARO_3000637|https://www.ebi.ac.uk/ols4/ontologies/aro/classes/http%253A%252F%252Fpurl.obolibrary.org%252Fobo%252FARO_3000637,JAMEJE020000018.1,36504,36938,+,GCA_025789555.2_02181,marR,marR_S3N,AMR,POINT,MULTIDRUG,AMPICILLIN/CHLORAMPHENICOL/QUINOLONE/RIFAMPIN/TETRACYCLINE,AMPICILLIN,POINTP,WP_000843414.1,transcriptional regulator MarR,100.00,97.92,,,Annotation|https://ftp.ebi.ac.uk/pub/databases/amr_portal/genomes/GCA/025/789/GCA_025789555.2,1.5.0,Fast,2019,,,urine,urinary tract,38.97,-77.03,,no,NCBI_antibiogram,United States of America,Americas,Northern America
ampicillin,susceptible,<= 4 mg/L,SAMN26305198,GCA_025789335.2,Escherichia,Escherichia coli,Escherichia coli,562,782031,Homo sapiens,SRS15357601,broth dilution,BD Phoenix,CLSI,ARO_3000637|https://www.ebi.ac.uk/ols4/ontologies/aro/classes/http%253A%252F%252Fpurl.obolibrary.org%252Fobo%252FARO_3000637,JAMEIT020000016.1,315736,316170,-,GCA_025789335.2_01887,marR,marR_S3N,AMR,POINT,MULTIDRUG,AMPICILLIN/CHLORAMPHENICOL/QUINOLONE/RIFAMPIN/TETRACYCLINE,AMPICILLIN,POINTP,WP_000843414.1,transcriptional regulator MarR,100.00,97.92,,,Annotation|https://ftp.ebi.ac.uk/pub/databases/amr_portal/genomes/GCA/025/789/GCA_025789335.2,1.5.0,Fast,2020,,,urine,urinary tract,38.97,-77.03,,no,NCBI_antibiogram,United States of America,Americas,Northern America
ampicillin,susceptible,<= 4 mg/L,SAMN26304613,GCA_025789895.2,Escherichia,Escherichia coli,Escherichia coli,562,781755,Homo sapiens,SRS15357499,broth dilution,BD Phoenix,CLSI,ARO_3000637|https://www.ebi.ac.uk/ols4/ontologies/aro/classes/http%253A%252F%252Fpurl.obolibrary.org%252Fobo%252FARO_3000637,JAMEJV020000006.1,17858,18292,+,GCA_025789895.2_00606,marR,marR_S3N,AMR,POINT,MULTIDRUG,AMPICILLIN/CHLORAMPHENICOL/QUINOLONE/RIFAMPIN/TETRACYCLINE,AMPICILLIN,POINTP,WP_000843414.1,transcriptional regulator MarR,100.00,97.92,,,Annotation|https://ftp.ebi.ac.uk/pub/databases/amr_portal/genomes/GCA/025/789/GCA_025789895.2,1.5.0,Fast,2020,,,urine,urinary tract,38.97,-77.03,,no,NCBI_antibiogram,United States of America,Americas,Northern America
ampicillin,susceptible,<= 4 mg/L,SAMN26308973,GCA_025789855.2,Escherichia,Escherichia coli,Escherichia coli,562,750641,Homo sapiens,SRS15352149,broth dilution,BD Phoenix,CLSI,ARO_3000637|https://www.ebi.ac.uk/ols4/ontologies/aro/classes/http%253A%252F%252Fpurl.obolibrary.org%252Fobo%252FARO_3000637,JAMEJT020000015.1,45727,46161,+,GCA_025789855.2_01935,marR,marR_S3N,AMR,POINT,MULTIDRUG,AMPICILLIN/CHLORAMPHENICOL/QUINOLONE/RIFAMPIN/TETRACYCLINE,AMPICILLIN,POINTP,WP_000843414.1,transcriptional regulator MarR,100.00,97.92,,,Annotation|https://ftp.ebi.ac.uk/pub/databases/amr_portal/genomes/GCA/025/789/GCA_025789855.2,1.5.0,Fast,2020,,,urine,urinary tract,38.97,-77.03,,no,NCBI_antibiogram,United States of America,Americas,Northern America
ampicillin,susceptible,<= 4 mg/L,SAMN26304944,GCA_025789175.2,Escherichia,Escherichia coli,Escherichia coli,562,781667,Homo sapiens,SRS15357489,broth dilution,BD Phoenix,CLSI,ARO_3000637|https://www.ebi.ac.uk/ols4/ontologies/aro/classes/http%253A%252F%252Fpurl.obolibrary.org%252Fobo%252FARO_3000637,JAMEIL020000010.1,476920,477354,-,GCA_025789175.2_02600,marR,marR_S3N,AMR,POINT,MULTIDRUG,AMPICILLIN/CHLORAMPHENICOL/QUINOLONE/RIFAMPIN/TETRACYCLINE,AMPICILLIN,POINTP,WP_000843414.1,transcriptional regulator MarR,100.00,97.92,,,Annotation|https://ftp.ebi.ac.uk/pub/databases/amr_portal/genomes/GCA/025/789/GCA_025789175.2,1.5.0,Fast,2020,,,urine,urinary tract,38.97,-77.03,,no,NCBI_antibiogram,United States of America,Americas,Northern America
ampicillin,susceptible,<= 4 mg/L,SAMN26308662,GCA_025785745.2,Escherichia,Escherichia coli,Escherichia coli,562,822230,Homo sapiens,SRS15358594,broth dilution,BD Phoenix,CLSI,ARO_3000637|https://www.ebi.ac.uk/ols4/ontologies/aro/classes/http%253A%252F%252Fpurl.obolibrary.org%252Fobo%252FARO_3000637,JAMECX020000030.1,72616,73050,-,GCA_025785745.2_03294,marR,marR_S3N,AMR,POINT,MULTIDRUG,AMPICILLIN/CHLORAMPHENICOL/QUINOLONE/RIFAMPIN/TETRACYCLINE,AMPICILLIN,POINTP,WP_000843414.1,transcriptional regulator MarR,100.00,97.92,,,Annotation|https://ftp.ebi.ac.uk/pub/databases/amr_portal/genomes/GCA/025/785/GCA_025785745.2,1.5.0,Fast,2020,,,urine,urinary tract,38.97,-77.03,,no,NCBI_antibiogram,United States of America,Americas,Northern America
ampicillin,susceptible,<= 4 mg/L,SAMN26305127,GCA_025785445.2,Escherichia,Escherichia coli,Escherichia coli,562,837564,Homo sapiens,SRS15359890,broth dilution,BD Phoenix,CLSI,ARO_3000637|https://www.ebi.ac.uk/ols4/ontologies/aro/classes/http%253A%252F%252Fpurl.obolibrary.org%252Fobo%252FARO_3000637,JAMECI020000014.1,13231,13665,+,GCA_025785445.2_01619,marR,marR_S3N,AMR,POINT,MULTIDRUG,AMPICILLIN/CHLORAMPHENICOL/QUINOLONE/RIFAMPIN/TETRACYCLINE,AMPICILLIN,POINTP,WP_000843414.1,transcriptional regulator MarR,100.00,97.92,,,Annotation|https://ftp.ebi.ac.uk/pub/databases/amr_portal/genomes/GCA/025/785/GCA_025785445.2,1.5.0,Fast,2020,,,urine,urinary tract,38.97,-77.03,,no,NCBI_antibiogram,United States of America,Americas,Northern America
ampicillin,susceptible,<= 4 mg/L,SAMN26304881,GCA_025785585.2,Escherichia,Escherichia coli,Escherichia coli,562,767771,Homo sapiens,SRS15355692,broth dilution,BD Phoenix,CLSI,ARO_3000637|https://www.ebi.ac.uk/ols4/ontologies/aro/classes/http%253A%252F%252Fpurl.obolibrary.org%252Fobo%252FARO_3000637,JAMECP020000002.1,621293,621727,-,GCA_025785585.2_00844,marR,marR_S3N,AMR,POINT,MULTIDRUG,AMPICILLIN/CHLORAMPHENICOL/QUINOLONE/RIFAMPIN/TETRACYCLINE,AMPICILLIN,POINTP,WP_000843414.1,transcriptional regulator MarR,100.00,97.92,,,Annotation|https://ftp.ebi.ac.uk/pub/databases/amr_portal/genomes/GCA/025/785/GCA_025785585.2,1.5.0,Fast,2020,,,urine,urinary tract,38.97,-77.03,,no,NCBI_antibiogram,United States of America,Americas,Northern America
ampicillin,resistant,> 16 mg/L,SAMN26308809,GCA_025785025.2,Escherichia,Escherichia coli,Escherichia coli,562,735197,Homo sapiens,SRS15348350,broth dilution,BD Phoenix,CLSI,ARO_3000637|https://www.ebi.ac.uk/ols4/ontologies/aro/classes/http%253A%252F%252Fpurl.obolibrary.org%252Fobo%252FARO_3000637,JAMEBR020000007.1,84681,85145,+,GCA_025785025.2_00619,soxR,soxR_G121D,AMR,POINT,MULTIDRUG,AMPICILLIN/CHLORAMPHENICOL/QUINOLONE/RIFAMPIN/TETRACYCLINE,AMPICILLIN,POINTP,WP_000412428.1,redox-sensitive transcriptional activator SoxR,100.00,98.70,,,Annotation|https://ftp.ebi.ac.uk/pub/databases/amr_portal/genomes/GCA/025/785/GCA_025785025.2,1.5.0,Fast,2019,,,urine,urinary tract,38.97,-77.03,,no,NCBI_antibiogram,United States of America,Americas,Northern America
ampicillin,resistant,> 16 mg/L,SAMN26304814,GCA_025785765.2,Escherichia,Escherichia coli,Escherichia coli,562,839046,Homo sapiens,SRS15359956,broth dilution,BD Phoenix,CLSI,ARO_3000637|https://www.ebi.ac.uk/ols4/ontologies/aro/classes/http%253A%252F%252Fpurl.obolibrary.org%252Fobo%252FARO_3000637,JAMECY020000013.1,231223,231657,-,GCA_025785765.2_01054,marR,marR_S3N,AMR,POINT,MULTIDRUG,AMPICILLIN/CHLORAMPHENICOL/QUINOLONE/RIFAMPIN/TETRACYCLINE,AMPICILLIN,POINTP,WP_000843414.1,transcriptional regulator MarR,100.00,97.92,,,Annotation|https://ftp.ebi.ac.uk/pub/databases/amr_portal/genomes/GCA/025/785/GCA_025785765.2,1.5.0,Fast,2020,,,urine,urinary tract,38.97,-77.03,,no,NCBI_antibiogram,United States of America,Americas,Northern America
ampicillin,resistant,> 16 mg/L,SAMN26304361,GCA_025785145.2,Escherichia,Escherichia coli,Escherichia coli,562,758089,Homo sapiens,SRS15352183,broth dilution,BD Phoenix,CLSI,ARO_3000637|https://www.ebi.ac.uk/ols4/ontologies/aro/classes/http%253A%252F%252Fpurl.obolibrary.org%252Fobo%252FARO_3000637,JAMEBT020000020.1,72617,73051,-,GCA_025785145.2_01991,marR,marR_S3N,AMR,POINT,MULTIDRUG,AMPICILLIN/CHLORAMPHENICOL/QUINOLONE/RIFAMPIN/TETRACYCLINE,AMPICILLIN,POINTP,WP_000843414.1,transcriptional regulator MarR,100.00,97.92,,,Annotation|https://ftp.ebi.ac.uk/pub/databases/amr_portal/genomes/GCA/025/785/GCA_025785145.2,1.5.0,Fast,2020,,,urine,urinary tract,38.97,-77.03,,no,NCBI_antibiogram,United States of America,Americas,Northern America
ampicillin,susceptible,<= 4 mg/L,SAMN26308641,GCA_025785385.2,Escherichia,Escherichia coli,Escherichia coli,562,734909,Homo sapiens,SRS15348274,broth dilution,BD Phoenix,CLSI,ARO_3000637|https://www.ebi.ac.uk/ols4/ontologies/aro/classes/http%253A%252F%252Fpurl.obolibrary.org%252Fobo%252FARO_3000637,JAMECF020000019.1,34343,34777,+,GCA_025785385.2_02127,marR,marR_S3N,AMR,POINT,MULTIDRUG,AMPICILLIN/CHLORAMPHENICOL/QUINOLONE/RIFAMPIN/TETRACYCLINE,AMPICILLIN,POINTP,WP_000843414.1,transcriptional regulator MarR,100.00,97.92,,,Annotation|https://ftp.ebi.ac.uk/pub/databases/amr_portal/genomes/GCA/025/785/GCA_025785385.2,1.5.0,Fast,2019,,,urine,urinary tract,38.97,-77.03,,no,NCBI_antibiogram,United States of America,Americas,Northern America
ampicillin,resistant,> 16 mg/L,SAMN26309248,GCA_025785605.2,Escherichia,Escherichia coli,Escherichia coli,562,792903,Homo sapiens,SRS15357651,broth dilution,BD Phoenix,CLSI,ARO_3000637|https://www.ebi.ac.uk/ols4/ontologies/aro/classes/http%253A%252F%252Fpurl.obolibrary.org%252Fobo%252FARO_3000637,JAMECQ020000011.1,9404,9838,-,GCA_025785605.2_01123,marR,marR_S3N,AMR,POINT,MULTIDRUG,AMPICILLIN/CHLORAMPHENICOL/QUINOLONE/RIFAMPIN/TETRACYCLINE,AMPICILLIN,POINTP,WP_000843414.1,transcriptional regulator MarR,100.00,97.92,,,Annotation|https://ftp.ebi.ac.uk/pub/databases/amr_portal/genomes/GCA/025/785/GCA_025785605.2,1.5.0,Fast,2020,,,urine,urinary tract,38.97,-77.03,,no,NCBI_antibiogram,United States of America,Americas,Northern America
ampicillin,resistant,> 16 mg/L,SAMN26308581,GCA_025785465.2,Escherichia,Escherichia coli,Escherichia coli,562,709105,Homo sapiens,SRS15339804,broth dilution,BD Phoenix,CLSI,ARO_3000637|https://www.ebi.ac.uk/ols4/ontologies/aro/classes/http%253A%252F%252Fpurl.obolibrary.org%252Fobo%252FARO_3000637,JAMECJ020000012.1,44463,44897,+,GCA_025785465.2_01445,marR,marR_S3N,AMR,POINT,MULTIDRUG,AMPICILLIN/CHLORAMPHENICOL/QUINOLONE/RIFAMPIN/TETRACYCLINE,AMPICILLIN,POINTP,WP_000843414.1,transcriptional regulator MarR,100.00,97.92,,,Annotation|https://ftp.ebi.ac.uk/pub/databases/amr_portal/genomes/GCA/025/785/GCA_025785465.2,1.5.0,Fast,2019,,,urine,urinary tract,38.97,-77.03,,no,NCBI_antibiogram,United States of America,Americas,Northern America
ampicillin,susceptible,<= 4 mg/L,SAMN26304521,GCA_025785985.2,Escherichia,Escherichia coli,Escherichia coli,562,793587,Homo sapiens,SRS15357680,broth dilution,BD Phoenix,CLSI,ARO_3000637|https://www.ebi.ac.uk/ols4/ontologies/aro/classes/http%253A%252F%252Fpurl.obolibrary.org%252Fobo%252FARO_3000637,JAMEDJ020000015.1,21755,22189,+,GCA_025785985.2_02279,marR,marR_S3N,AMR,POINT,MULTIDRUG,AMPICILLIN/CHLORAMPHENICOL/QUINOLONE/RIFAMPIN/TETRACYCLINE,AMPICILLIN,POINTP,WP_000843414.1,transcriptional regulator MarR,100.00,97.92,,,Annotation|https://ftp.ebi.ac.uk/pub/databases/amr_portal/genomes/GCA/025/785/GCA_025785985.2,1.5.0,Fast,2020,,,urine,urinary tract,38.97,-77.03,,no,NCBI_antibiogram,United States of America,Americas,Northern America
ampicillin,susceptible,<= 4 mg/L,SAMN26308504,GCA_025785505.2,Escherichia,Escherichia coli,Escherichia coli,562,782015,Homo sapiens,SRS15357598,broth dilution,BD Phoenix,CLSI,ARO_3000637|https://www.ebi.ac.uk/ols4/ontologies/aro/classes/http%253A%252F%252Fpurl.obolibrary.org%252Fobo%252FARO_3000637,JAMECL020000033.1,31226,31660,+,GCA_025785505.2_04269,marR,marR_S3N,AMR,POINT,MULTIDRUG,AMPICILLIN/CHLORAMPHENICOL/QUINOLONE/RIFAMPIN/TETRACYCLINE,AMPICILLIN,POINTP,WP_000843414.1,transcriptional regulator MarR,100.00,97.92,,,Annotation|https://ftp.ebi.ac.uk/pub/databases/amr_portal/genomes/GCA/025/785/GCA_025785505.2,1.5.0,Fast,2020,,,urine,urinary tract,38.97,-77.03,,no,NCBI_antibiogram,United States of America,Americas,Northern America
ampicillin,resistant,> 16 mg/L,SAMN26309247,GCA_025785625.2,Escherichia,Escherichia coli,Escherichia coli,562,792881,Homo sapiens,SRS15357649,broth dilution,BD Phoenix,CLSI,ARO_3000637|https://www.ebi.ac.uk/ols4/ontologies/aro/classes/http%253A%252F%252Fpurl.obolibrary.org%252Fobo%252FARO_3000637,JAMECR020000001.1,10253,10687,+,GCA_025785625.2_00010,marR,marR_S3N,AMR,POINT,MULTIDRUG,AMPICILLIN/CHLORAMPHENICOL/QUINOLONE/RIFAMPIN/TETRACYCLINE,AMPICILLIN,POINTP,WP_000843414.1,transcriptional regulator MarR,100.00,97.92,,,Annotation|https://ftp.ebi.ac.uk/pub/databases/amr_portal/genomes/GCA/025/785/GCA_025785625.2,1.5.0,Fast,2020,,,urine,urinary tract,38.97,-77.03,,no,NCBI_antibiogram,United States of America,Americas,Northern America
ampicillin,susceptible,<= 4 mg/L,SAMN26309130,GCA_025785565.2,Escherichia,Escherichia coli,Escherichia coli,562,782225,Homo sapiens,SRS15357517,broth dilution,BD Phoenix,CLSI,ARO_3000637|https://www.ebi.ac.uk/ols4/ontologies/aro/classes/http%253A%252F%252Fpurl.obolibrary.org%252Fobo%252FARO_3000637,JAMECO020000012.1,273294,273728,-,GCA_025785565.2_01874,marR,marR_S3N,AMR,POINT,MULTIDRUG,AMPICILLIN/CHLORAMPHENICOL/QUINOLONE/RIFAMPIN/TETRACYCLINE,AMPICILLIN,POINTP,WP_000843414.1,transcriptional regulator MarR,100.00,97.92,,,Annotation|https://ftp.ebi.ac.uk/pub/databases/amr_portal/genomes/GCA/025/785/GCA_025785565.2,1.5.0,Fast,2020,,,urine,urinary tract,38.97,-77.03,,no,NCBI_antibiogram,United States of America,Americas,Northern America
ampicillin,susceptible,<= 4 mg/L,SAMN26304975,GCA_025785425.2,Escherichia,Escherichia coli,Escherichia coli,562,805754,Homo sapiens,SRS15358611,broth dilution,BD Phoenix,CLSI,ARO_3000637|https://www.ebi.ac.uk/ols4/ontologies/aro/classes/http%253A%252F%252Fpurl.obolibrary.org%252Fobo%252FARO_3000637,JAMECH020000023.1,72616,73050,-,GCA_025785425.2_02425,marR,marR_S3N,AMR,POINT,MULTIDRUG,AMPICILLIN/CHLORAMPHENICOL/QUINOLONE/RIFAMPIN/TETRACYCLINE,AMPICILLIN,POINTP,WP_000843414.1,transcriptional regulator MarR,100.00,97.92,,,Annotation|https://ftp.ebi.ac.uk/pub/databases/amr_portal/genomes/GCA/025/785/GCA_025785425.2,1.5.0,Fast,2020,,,urine,urinary tract,38.97,-77.03,,no,NCBI_antibiogram,United States of America,Americas,Northern America
ampicillin,resistant,> 16 mg/L,SAMN26304654,GCA_025785345.2,Escherichia,Escherichia coli,Escherichia coli,562,767301,Homo sapiens,SRS15355576,broth dilution,BD Phoenix,CLSI,ARO_3000637|https://www.ebi.ac.uk/ols4/ontologies/aro/classes/http%253A%252F%252Fpurl.obolibrary.org%252Fobo%252FARO_3000637,JAMECD020000007.1,231225,231659,-,GCA_025785345.2_01000,marR,marR_S3N,AMR,POINT,MULTIDRUG,AMPICILLIN/CHLORAMPHENICOL/QUINOLONE/RIFAMPIN/TETRACYCLINE,AMPICILLIN,POINTP,WP_000843414.1,transcriptional regulator MarR,100.00,97.92,,,Annotation|https://ftp.ebi.ac.uk/pub/databases/amr_portal/genomes/GCA/025/785/GCA_025785345.2,1.5.0,Fast,2020,,,urine,urinary tract,38.97,-77.03,,no,NCBI_antibiogram,United States of America,Americas,Northern America
ampicillin,resistant,> 32 mg/L,SAMN31087147,GCA_025832605.1,Escherichia,Escherichia coli,Escherichia coli,562,34.31,,,broth dilution,Sensititre,EUCAST,ARO_3000637|https://www.ebi.ac.uk/ols4/ontologies/aro/classes/http%253A%252F%252Fpurl.obolibrary.org%252Fobo%252FARO_3000637,JAOSWM010000009.1,36644,36967,-,GCA_025832605.1_01633,soxS,soxS_A12S,AMR,POINT,MULTIDRUG,AMPICILLIN/CHLORAMPHENICOL/QUINOLONE/RIFAMPIN/TETRACYCLINE,AMPICILLIN,POINTP,WP_000019358.1,regulatory protein SoxS,100.00,99.07,,,Annotation|https://ftp.ebi.ac.uk/pub/databases/amr_portal/genomes/GCA/025/832/GCA_025832605.1,1.5.0,Fast,,,,,,,,,no,NCBI_antibiogram,,,
ampicillin,resistant,> 32 mg/L,SAMN31087153,GCA_025832455.1,Escherichia,Escherichia coli,Escherichia coli,562,34.37,,,broth dilution,Sensititre,EUCAST,ARO_3000637|https://www.ebi.ac.uk/ols4/ontologies/aro/classes/http%253A%252F%252Fpurl.obolibrary.org%252Fobo%252FARO_3000637,JAOSWG010000011.1,94852,95175,+,GCA_025832455.1_02103,soxS,soxS_A12S,AMR,POINT,MULTIDRUG,AMPICILLIN/CHLORAMPHENICOL/QUINOLONE/RIFAMPIN/TETRACYCLINE,AMPICILLIN,POINTP,WP_000019358.1,regulatory protein SoxS,100.00,99.07,,,Annotation|https://ftp.ebi.ac.uk/pub/databases/amr_portal/genomes/GCA/025/832/GCA_025832455.1,1.5.0,Fast,,,,,,,,,no,NCBI_antibiogram,,,
ampicillin,resistant,> 32 mg/L,SAMN31087160,GCA_025832255.1,Escherichia,Escherichia coli,Escherichia coli,562,34.44,,,broth dilution,Sensititre,EUCAST,ARO_3000637|https://www.ebi.ac.uk/ols4/ontologies/aro/classes/http%253A%252F%252Fpurl.obolibrary.org%252Fobo%252FARO_3000637,JAOSVZ010000008.1,36620,36943,-,GCA_025832255.1_01501,soxS,soxS_A12S,AMR,POINT,MULTIDRUG,AMPICILLIN/CHLORAMPHENICOL/QUINOLONE/RIFAMPIN/TETRACYCLINE,AMPICILLIN,POINTP,WP_000019358.1,regulatory protein SoxS,100.00,99.07,,,Annotation|https://ftp.ebi.ac.uk/pub/databases/amr_portal/genomes/GCA/025/832/GCA_025832255.1,1.5.0,Fast,,,,,,,,,no,NCBI_antibiogram,,,
ampicillin,resistant,> 16 mg/L,SAMN26304731,GCA_025580445.2,Escherichia,Escherichia coli,Escherichia coli,562,749179,Homo sapiens,SRS15352063,broth dilution,BD Phoenix,CLSI,ARO_3000637|https://www.ebi.ac.uk/ols4/ontologies/aro/classes/http%253A%252F%252Fpurl.obolibrary.org%252Fobo%252FARO_3000637,JAKXLD020000021.1,72645,73079,-,GCA_025580445.2_02297,marR,marR_S3N,AMR,POINT,MULTIDRUG,AMPICILLIN/CHLORAMPHENICOL/QUINOLONE/RIFAMPIN/TETRACYCLINE,AMPICILLIN,POINTP,WP_000843414.1,transcriptional regulator MarR,100.00,97.92,,,Annotation|https://ftp.ebi.ac.uk/pub/databases/amr_portal/genomes/GCA/025/580/GCA_025580445.2,1.5.0,Fast,2020,,,urine,urinary tract,38.97,-77.03,,no,NCBI_antibiogram,United States of America,Americas,Northern America
ampicillin,resistant,> 16 mg/L,SAMN26309147,GCA_025580365.2,Escherichia,Escherichia coli,Escherichia coli,562,837984,Homo sapiens,SRS15360051,broth dilution,BD Phoenix,CLSI,ARO_3000637|https://www.ebi.ac.uk/ols4/ontologies/aro/classes/http%253A%252F%252Fpurl.obolibrary.org%252Fobo%252FARO_3000637,JAKXLA020000021.1,14520,14954,+,GCA_025580365.2_02091,marR,marR_S3N,AMR,POINT,MULTIDRUG,AMPICILLIN/CHLORAMPHENICOL/QUINOLONE/RIFAMPIN/TETRACYCLINE,AMPICILLIN,POINTP,WP_000843414.1,transcriptional regulator MarR,100.00,97.92,,,Annotation|https://ftp.ebi.ac.uk/pub/databases/amr_portal/genomes/GCA/025/580/GCA_025580365.2,1.5.0,Fast,2020,,,urine,urinary tract,38.97,-77.03,,no,NCBI_antibiogram,United States of America,Americas,Northern America
ampicillin,susceptible,<= 4 mg/L,SAMN26309179,GCA_025580805.2,Escherichia,Escherichia coli,Escherichia coli,562,735647,Homo sapiens,SRS15348197,broth dilution,BD Phoenix,CLSI,ARO_3000637|https://www.ebi.ac.uk/ols4/ontologies/aro/classes/http%253A%252F%252Fpurl.obolibrary.org%252Fobo%252FARO_3000637,JAKXLU020000027.1,11056,11490,+,GCA_025580805.2_01219,marR,marR_S3N,AMR,POINT,MULTIDRUG,AMPICILLIN/CHLORAMPHENICOL/QUINOLONE/RIFAMPIN/TETRACYCLINE,AMPICILLIN,POINTP,WP_000843414.1,transcriptional regulator MarR,100.00,97.92,,,Annotation|https://ftp.ebi.ac.uk/pub/databases/amr_portal/genomes/GCA/025/580/GCA_025580805.2,1.5.0,Fast,2019,,,urine,urinary tract,38.97,-77.03,,no,NCBI_antibiogram,United States of America,Americas,Northern America
ampicillin,resistant,> 16 mg/L,SAMN26309089,GCA_025580405.2,Escherichia,Escherichia coli,Escherichia coli,562,837602,Homo sapiens,SRS15359895,broth dilution,BD Phoenix,CLSI,ARO_3000637|https://www.ebi.ac.uk/ols4/ontologies/aro/classes/http%253A%252F%252Fpurl.obolibrary.org%252Fobo%252FARO_3000637,JAKXLC020000016.1,63436,63870,-,GCA_025580405.2_01748,marR,marR_S3N,AMR,POINT,MULTIDRUG,AMPICILLIN/CHLORAMPHENICOL/QUINOLONE/RIFAMPIN/TETRACYCLINE,AMPICILLIN,POINTP,WP_000843414.1,transcriptional regulator MarR,100.00,97.92,,,Annotation|https://ftp.ebi.ac.uk/pub/databases/amr_portal/genomes/GCA/025/580/GCA_025580405.2,1.5.0,Fast,2020,,,urine,urinary tract,38.97,-77.03,,no,NCBI_antibiogram,United States of America,Americas,Northern America
ampicillin,resistant,> 16 mg/L,SAMN26308570,GCA_025580385.2,Escherichia,Escherichia coli,Escherichia coli,562,750595,Homo sapiens,SRS15352144,broth dilution,BD Phoenix,CLSI,ARO_3000637|https://www.ebi.ac.uk/ols4/ontologies/aro/classes/http%253A%252F%252Fpurl.obolibrary.org%252Fobo%252FARO_3000637,JAKXLB020000008.1,9400,9834,-,GCA_025580385.2_01210,marR,marR_S3N,AMR,POINT,MULTIDRUG,AMPICILLIN/CHLORAMPHENICOL/QUINOLONE/RIFAMPIN/TETRACYCLINE,AMPICILLIN,POINTP,WP_000843414.1,transcriptional regulator MarR,100.00,97.92,,,Annotation|https://ftp.ebi.ac.uk/pub/databases/amr_portal/genomes/GCA/025/580/GCA_025580385.2,1.5.0,Fast,2020,,,wound,skin or soft tissue,38.97,-77.03,,no,NCBI_antibiogram,United States of America,Americas,Northern America
ampicillin,resistant,> 16 mg/L,SAMN26308621,GCA_025580165.2,Escherichia,Escherichia coli,Escherichia coli,562,750297,Homo sapiens,SRS15352079,broth dilution,BD Phoenix,CLSI,ARO_3000637|https://www.ebi.ac.uk/ols4/ontologies/aro/classes/http%253A%252F%252Fpurl.obolibrary.org%252Fobo%252FARO_3000637,JAKXKX020000007.1,178759,179193,-,GCA_025580165.2_01205,marR,marR_S3N,AMR,POINT,MULTIDRUG,AMPICILLIN/CHLORAMPHENICOL/QUINOLONE/RIFAMPIN/TETRACYCLINE,AMPICILLIN,POINTP,WP_000843414.1,transcriptional regulator MarR,100.00,97.92,,,Annotation|https://ftp.ebi.ac.uk/pub/databases/amr_portal/genomes/GCA/025/580/GCA_025580165.2,1.5.0,Fast,2020,,,urine,urinary tract,38.97,-77.03,,no,NCBI_antibiogram,United States of America,Americas,Northern America
ampicillin,susceptible,<= 4 mg/L,SAMN26305259,GCA_025580585.2,Escherichia,Escherichia coli,Escherichia coli,562,838412,Homo sapiens,SRS15360066,broth dilution,BD Phoenix,CLSI,ARO_3000637|https://www.ebi.ac.uk/ols4/ontologies/aro/classes/http%253A%252F%252Fpurl.obolibrary.org%252Fobo%252FARO_3000637,JAKXLM020000011.1,29876,30310,-,GCA_025580585.2_01942,marR,marR_S3N,AMR,POINT,MULTIDRUG,AMPICILLIN/CHLORAMPHENICOL/QUINOLONE/RIFAMPIN/TETRACYCLINE,AMPICILLIN,POINTP,WP_000843414.1,transcriptional regulator MarR,100.00,97.92,,,Annotation|https://ftp.ebi.ac.uk/pub/databases/amr_portal/genomes/GCA/025/580/GCA_025580585.2,1.5.0,Fast,2020,,,urine,urinary tract,38.97,-77.03,,no,NCBI_antibiogram,United States of America,Americas,Northern America
ampicillin,resistant,> 16 mg/L,SAMN26304457,GCA_025580605.2,Escherichia,Escherichia coli,Escherichia coli,562,793923,Homo sapiens,SRS15357623,broth dilution,BD Phoenix,CLSI,ARO_3000637|https://www.ebi.ac.uk/ols4/ontologies/aro/classes/http%253A%252F%252Fpurl.obolibrary.org%252Fobo%252FARO_3000637,JAKXLK020000007.1,72616,73050,-,GCA_025580605.2_01037,marR,marR_S3N,AMR,POINT,MULTIDRUG,AMPICILLIN/CHLORAMPHENICOL/QUINOLONE/RIFAMPIN/TETRACYCLINE,AMPICILLIN,POINTP,WP_000843414.1,transcriptional regulator MarR,100.00,97.92,,,Annotation|https://ftp.ebi.ac.uk/pub/databases/amr_portal/genomes/GCA/025/580/GCA_025580605.2,1.5.0,Fast,2020,,,urine,urinary tract,38.97,-77.03,,no,NCBI_antibiogram,United States of America,Americas,Northern America
ampicillin,susceptible,<= 4 mg/L,SAMN26309207,GCA_025580945.2,Escherichia,Escherichia coli,Escherichia coli,562,837992,Homo sapiens,SRS15360053,broth dilution,BD Phoenix,CLSI,ARO_3000637|https://www.ebi.ac.uk/ols4/ontologies/aro/classes/http%253A%252F%252Fpurl.obolibrary.org%252Fobo%252FARO_3000637,JAKXMA020000009.1,9401,9835,-,GCA_025580945.2_00972,marR,marR_S3N,AMR,POINT,MULTIDRUG,AMPICILLIN/CHLORAMPHENICOL/QUINOLONE/RIFAMPIN/TETRACYCLINE,AMPICILLIN,POINTP,WP_000843414.1,transcriptional regulator MarR,100.00,97.92,,,Annotation|https://ftp.ebi.ac.uk/pub/databases/amr_portal/genomes/GCA/025/580/GCA_025580945.2,1.5.0,Fast,2020,,,urine,urinary tract,38.97,-77.03,,no,NCBI_antibiogram,United States of America,Americas,Northern America
ampicillin,susceptible,<= 4 mg/L,SAMN26309115,GCA_025580065.2,Escherichia,Escherichia coli,Escherichia coli,562,750561,Homo sapiens,SRS15352141,broth dilution,BD Phoenix,CLSI,ARO_3000637|https://www.ebi.ac.uk/ols4/ontologies/aro/classes/http%253A%252F%252Fpurl.obolibrary.org%252Fobo%252FARO_3000637,JAKXKT020000012.1,36552,36986,+,GCA_025580065.2_01247,marR,marR_S3N,AMR,POINT,MULTIDRUG,AMPICILLIN/CHLORAMPHENICOL/QUINOLONE/RIFAMPIN/TETRACYCLINE,AMPICILLIN,POINTP,WP_000843414.1,transcriptional regulator MarR,100.00,97.92,,,Annotation|https://ftp.ebi.ac.uk/pub/databases/amr_portal/genomes/GCA/025/580/GCA_025580065.2,1.5.0,Fast,2020,,,urine,urinary tract,38.97,-77.03,,no,NCBI_antibiogram,United States of America,Americas,Northern America
ampicillin,susceptible,<= 4 mg/L,SAMN26309195,GCA_025580205.2,Escherichia,Escherichia coli,Escherichia coli,562,748931,Homo sapiens,SRS15352125,broth dilution,BD Phoenix,CLSI,ARO_3000637|https://www.ebi.ac.uk/ols4/ontologies/aro/classes/http%253A%252F%252Fpurl.obolibrary.org%252Fobo%252FARO_3000637,JAKXKU020000058.1,27410,27844,+,GCA_025580205.2_04131,marR,marR_S3N,AMR,POINT,MULTIDRUG,AMPICILLIN/CHLORAMPHENICOL/QUINOLONE/RIFAMPIN/TETRACYCLINE,AMPICILLIN,POINTP,WP_000843414.1,transcriptional regulator MarR,100.00,97.92,,,Annotation|https://ftp.ebi.ac.uk/pub/databases/amr_portal/genomes/GCA/025/580/GCA_025580205.2,1.5.0,Fast,2020,,,urine,urinary tract,38.97,-77.03,,no,NCBI_antibiogram,United States of America,Americas,Northern America
ampicillin,susceptible,<= 4 mg/L,SAMN26305086,GCA_025580705.2,Escherichia,Escherichia coli,Escherichia coli,562,805430,Homo sapiens,SRS15358824,broth dilution,BD Phoenix,CLSI,ARO_3000637|https://www.ebi.ac.uk/ols4/ontologies/aro/classes/http%253A%252F%252Fpurl.obolibrary.org%252Fobo%252FARO_3000637,JAKXLQ020000003.1,72628,73062,-,GCA_025580705.2_00960,marR,marR_S3N,AMR,POINT,MULTIDRUG,AMPICILLIN/CHLORAMPHENICOL/QUINOLONE/RIFAMPIN/TETRACYCLINE,AMPICILLIN,POINTP,WP_000843414.1,transcriptional regulator MarR,100.00,97.92,,,Annotation|https://ftp.ebi.ac.uk/pub/databases/amr_portal/genomes/GCA/025/580/GCA_025580705.2,1.5.0,Fast,2020,,,urine,urinary tract,38.97,-77.03,,no,NCBI_antibiogram,United States of America,Americas,Northern America
ampicillin,susceptible,<= 4 mg/L,SAMN26304945,GCA_025580665.2,Escherichia,Escherichia coli,Escherichia coli,562,750545,Homo sapiens,SRS15352138,broth dilution,BD Phoenix,CLSI,ARO_3000637|https://www.ebi.ac.uk/ols4/ontologies/aro/classes/http%253A%252F%252Fpurl.obolibrary.org%252Fobo%252FARO_3000637,JAKXLO020000021.1,36770,37204,+,GCA_025580665.2_02282,marR,marR_S3N,AMR,POINT,MULTIDRUG,AMPICILLIN/CHLORAMPHENICOL/QUINOLONE/RIFAMPIN/TETRACYCLINE,AMPICILLIN,POINTP,WP_000843414.1,transcriptional regulator MarR,100.00,97.92,,,Annotation|https://ftp.ebi.ac.uk/pub/databases/amr_portal/genomes/GCA/025/580/GCA_025580665.2,1.5.0,Fast,2020,,,urine,urinary tract,38.97,-77.03,,no,NCBI_antibiogram,United States of America,Americas,Northern America
ampicillin,resistant,> 16 mg/L,SAMN26304736,GCA_025786205.2,Escherichia,Escherichia coli,Escherichia coli,562,805624,Homo sapiens,SRS15358603,broth dilution,BD Phoenix,CLSI,ARO_3000637|https://www.ebi.ac.uk/ols4/ontologies/aro/classes/http%253A%252F%252Fpurl.obolibrary.org%252Fobo%252FARO_3000637,JAMEDU020000014.1,36500,36934,+,GCA_025786205.2_01843,marR,marR_S3N,AMR,POINT,MULTIDRUG,AMPICILLIN/CHLORAMPHENICOL/QUINOLONE/RIFAMPIN/TETRACYCLINE,AMPICILLIN,POINTP,WP_000843414.1,transcriptional regulator MarR,100.00,97.92,,,Annotation|https://ftp.ebi.ac.uk/pub/databases/amr_portal/genomes/GCA/025/786/GCA_025786205.2,1.5.0,Fast,2020,,,urine,urinary tract,38.97,-77.03,,no,NCBI_antibiogram,United States of America,Americas,Northern America
ampicillin,resistant,> 16 mg/L,SAMN26304583,GCA_025786995.2,Escherichia,Escherichia coli,Escherichia coli,562,792865,Homo sapiens,SRS15357646,broth dilution,BD Phoenix,CLSI,ARO_3000637|https://www.ebi.ac.uk/ols4/ontologies/aro/classes/http%253A%252F%252Fpurl.obolibrary.org%252Fobo%252FARO_3000637,JAMEFH020000067.1,27410,27844,+,GCA_025786995.2_04475,marR,marR_S3N,AMR,POINT,MULTIDRUG,AMPICILLIN/CHLORAMPHENICOL/QUINOLONE/RIFAMPIN/TETRACYCLINE,AMPICILLIN,POINTP,WP_000843414.1,transcriptional regulator MarR,100.00,97.92,,,Annotation|https://ftp.ebi.ac.uk/pub/databases/amr_portal/genomes/GCA/025/786/GCA_025786995.2,1.5.0,Fast,2020,,,urine,urinary tract,38.97,-77.03,,no,NCBI_antibiogram,United States of America,Americas,Northern America
ampicillin,resistant,> 16 mg/L,SAMN26304570,GCA_025786185.2,Escherichia,Escherichia coli,Escherichia coli,562,757657,Homo sapiens,SRS15351912,broth dilution,BD Phoenix,CLSI,ARO_3000637|https://www.ebi.ac.uk/ols4/ontologies/aro/classes/http%253A%252F%252Fpurl.obolibrary.org%252Fobo%252FARO_3000637,JAMEDT020000036.1,72616,73050,-,GCA_025786185.2_03184,marR,marR_S3N,AMR,POINT,MULTIDRUG,AMPICILLIN/CHLORAMPHENICOL/QUINOLONE/RIFAMPIN/TETRACYCLINE,AMPICILLIN,POINTP,WP_000843414.1,transcriptional regulator MarR,100.00,97.92,,,Annotation|https://ftp.ebi.ac.uk/pub/databases/amr_portal/genomes/GCA/025/786/GCA_025786185.2,1.5.0,Fast,2020,,,urine,urinary tract,38.97,-77.03,,no,NCBI_antibiogram,United States of America,Americas,Northern America
ampicillin,susceptible,<= 4 mg/L,SAMN26305035,GCA_025786665.2,Escherichia,Escherichia coli,Escherichia coli,562,794283,Homo sapiens,SRS15357724,broth dilution,BD Phoenix,CLSI,ARO_3000637|https://www.ebi.ac.uk/ols4/ontologies/aro/classes/http%253A%252F%252Fpurl.obolibrary.org%252Fobo%252FARO_3000637,JAMEER020000008.1,475695,476129,-,GCA_025786665.2_01130,marR,marR_S3N,AMR,POINT,MULTIDRUG,AMPICILLIN/CHLORAMPHENICOL/QUINOLONE/RIFAMPIN/TETRACYCLINE,AMPICILLIN,POINTP,WP_000843414.1,transcriptional regulator MarR,100.00,97.92,,,Annotation|https://ftp.ebi.ac.uk/pub/databases/amr_portal/genomes/GCA/025/786/GCA_025786665.2,1.5.0,Fast,2020,,,urine,urinary tract,38.97,-77.03,,no,NCBI_antibiogram,United States of America,Americas,Northern America
ampicillin,resistant,> 16 mg/L,SAMN26304937,GCA_025786105.2,Escherichia,Escherichia coli,Escherichia coli,562,793763,Homo sapiens,SRS15357700,broth dilution,BD Phoenix,CLSI,ARO_3000637|https://www.ebi.ac.uk/ols4/ontologies/aro/classes/http%253A%252F%252Fpurl.obolibrary.org%252Fobo%252FARO_3000637,JAMEDP020000014.1,44870,45304,+,GCA_025786105.2_01183,marR,marR_S3N,AMR,POINT,MULTIDRUG,AMPICILLIN/CHLORAMPHENICOL/QUINOLONE/RIFAMPIN/TETRACYCLINE,AMPICILLIN,POINTP,WP_000843414.1,transcriptional regulator MarR,100.00,97.92,,,Annotation|https://ftp.ebi.ac.uk/pub/databases/amr_portal/genomes/GCA/025/786/GCA_025786105.2,1.5.0,Fast,2020,,,urine,urinary tract,38.97,-77.03,,no,NCBI_antibiogram,United States of America,Americas,Northern America
ampicillin,resistant,> 16 mg/L,SAMN26304902,GCA_025786585.2,Escherichia,Escherichia coli,Escherichia coli,562,821866,Homo sapiens,SRS15358682,broth dilution,BD Phoenix,CLSI,ARO_3000637|https://www.ebi.ac.uk/ols4/ontologies/aro/classes/http%253A%252F%252Fpurl.obolibrary.org%252Fobo%252FARO_3000637,JAMEEN020000014.1,72616,73050,-,GCA_025786585.2_01958,marR,marR_S3N,AMR,POINT,MULTIDRUG,AMPICILLIN/CHLORAMPHENICOL/QUINOLONE/RIFAMPIN/TETRACYCLINE,AMPICILLIN,POINTP,WP_000843414.1,transcriptional regulator MarR,100.00,97.92,,,Annotation|https://ftp.ebi.ac.uk/pub/databases/amr_portal/genomes/GCA/025/786/GCA_025786585.2,1.5.0,Fast,2020,,,urine,urinary tract,38.97,-77.03,,no,NCBI_antibiogram,United States of America,Americas,Northern America
ampicillin,susceptible,<= 4 mg/L,SAMN26304571,GCA_025786545.2,Escherichia,Escherichia coli,Escherichia coli,562,806152,Homo sapiens,SRS15358729,broth dilution,BD Phoenix,CLSI,ARO_3000637|https://www.ebi.ac.uk/ols4/ontologies/aro/classes/http%253A%252F%252Fpurl.obolibrary.org%252Fobo%252FARO_3000637,JAMEEL020000008.1,35579,36013,+,GCA_025786545.2_02236,marR,marR_S3N,AMR,POINT,MULTIDRUG,AMPICILLIN/CHLORAMPHENICOL/QUINOLONE/RIFAMPIN/TETRACYCLINE,AMPICILLIN,POINTP,WP_000843414.1,transcriptional regulator MarR,100.00,97.92,,,Annotation|https://ftp.ebi.ac.uk/pub/databases/amr_portal/genomes/GCA/025/786/GCA_025786545.2,1.5.0,Fast,2020,,,urine,urinary tract,38.97,-77.03,,no,NCBI_antibiogram,United States of America,Americas,Northern America
ampicillin,susceptible,<= 4 mg/L,SAMN26304402,GCA_025786425.2,Escherichia,Escherichia coli,Escherichia coli,562,750499,Homo sapiens,SRS15352133,broth dilution,BD Phoenix,CLSI,ARO_3000637|https://www.ebi.ac.uk/ols4/ontologies/aro/classes/http%253A%252F%252Fpurl.obolibrary.org%252Fobo%252FARO_3000637,JAMEEF020000015.1,72616,73050,-,GCA_025786425.2_01972,marR,marR_S3N,AMR,POINT,MULTIDRUG,AMPICILLIN/CHLORAMPHENICOL/QUINOLONE/RIFAMPIN/TETRACYCLINE,AMPICILLIN,POINTP,WP_000843414.1,transcriptional regulator MarR,100.00,97.92,,,Annotation|https://ftp.ebi.ac.uk/pub/databases/amr_portal/genomes/GCA/025/786/GCA_025786425.2,1.5.0,Fast,2020,,,urine,urinary tract,38.97,-77.03,,no,NCBI_antibiogram,United States of America,Americas,Northern America
ampicillin,susceptible,<= 4 mg/L,SAMN26304997,GCA_025786285.2,Escherichia,Escherichia coli,Escherichia coli,562,709541,Homo sapiens,SRS15339893,broth dilution,BD Phoenix,CLSI,ARO_3000637|https://www.ebi.ac.uk/ols4/ontologies/aro/classes/http%253A%252F%252Fpurl.obolibrary.org%252Fobo%252FARO_3000637,JAMEDY020000028.1,58007,58441,-,GCA_025786285.2_01739,marR,marR_S3N,AMR,POINT,MULTIDRUG,AMPICILLIN/CHLORAMPHENICOL/QUINOLONE/RIFAMPIN/TETRACYCLINE,AMPICILLIN,POINTP,WP_000843414.1,transcriptional regulator MarR,100.00,97.92,,,Annotation|https://ftp.ebi.ac.uk/pub/databases/amr_portal/genomes/GCA/025/786/GCA_025786285.2,1.5.0,Fast,2019,,,urine,urinary tract,38.97,-77.03,,no,NCBI_antibiogram,United States of America,Americas,Northern America
ampicillin,susceptible,<= 4 mg/L,SAMN26308598,GCA_025786975.2,Escherichia,Escherichia coli,Escherichia coli,562,697702,Homo sapiens,SRS15339905,broth dilution,BD Phoenix,CLSI,ARO_3000637|https://www.ebi.ac.uk/ols4/ontologies/aro/classes/http%253A%252F%252Fpurl.obolibrary.org%252Fobo%252FARO_3000637,JAMEFG020000015.1,72616,73050,-,GCA_025786975.2_01618,marR,marR_S3N,AMR,POINT,MULTIDRUG,AMPICILLIN/CHLORAMPHENICOL/QUINOLONE/RIFAMPIN/TETRACYCLINE,AMPICILLIN,POINTP,WP_000843414.1,transcriptional regulator MarR,100.00,97.92,,,Annotation|https://ftp.ebi.ac.uk/pub/databases/amr_portal/genomes/GCA/025/786/GCA_025786975.2,1.5.0,Fast,2019,,,urine,urinary tract,38.97,-77.03,,no,NCBI_antibiogram,United States of America,Americas,Northern America
ampicillin,susceptible,<= 4 mg/L,SAMN26308620,GCA_025786895.2,Escherichia,Escherichia coli,Escherichia coli,562,749889,Homo sapiens,SRS15351970,broth dilution,BD Phoenix,CLSI,ARO_3000637|https://www.ebi.ac.uk/ols4/ontologies/aro/classes/http%253A%252F%252Fpurl.obolibrary.org%252Fobo%252FARO_3000637,JAMEFC020000008.1,36771,37205,+,GCA_025786895.2_00754,marR,marR_S3N,AMR,POINT,MULTIDRUG,AMPICILLIN/CHLORAMPHENICOL/QUINOLONE/RIFAMPIN/TETRACYCLINE,AMPICILLIN,POINTP,WP_000843414.1,transcriptional regulator MarR,100.00,97.22,,,Annotation|https://ftp.ebi.ac.uk/pub/databases/amr_portal/genomes/GCA/025/786/GCA_025786895.2,1.5.0,Fast,2020,,,urine,urinary tract,38.97,-77.03,,no,NCBI_antibiogram,United States of America,Americas,Northern America
ampicillin,susceptible,<= 4 mg/L,SAMN26308656,GCA_025786125.2,Escherichia,Escherichia coli,Escherichia coli,562,759105,Homo sapiens,SRS15355700,broth dilution,BD Phoenix,CLSI,ARO_3000637|https://www.ebi.ac.uk/ols4/ontologies/aro/classes/http%253A%252F%252Fpurl.obolibrary.org%252Fobo%252FARO_3000637,JAMEDQ020000017.1,36503,36937,+,GCA_025786125.2_01102,marR,marR_S3N,AMR,POINT,MULTIDRUG,AMPICILLIN/CHLORAMPHENICOL/QUINOLONE/RIFAMPIN/TETRACYCLINE,AMPICILLIN,POINTP,WP_000843414.1,transcriptional regulator MarR,100.00,97.92,,,Annotation|https://ftp.ebi.ac.uk/pub/databases/amr_portal/genomes/GCA/025/786/GCA_025786125.2,1.5.0,Fast,2020,,,urine,urinary tract,38.97,-77.03,,no,NCBI_antibiogram,United States of America,Americas,Northern America
ampicillin,susceptible,<= 4 mg/L,SAMN26304924,GCA_025786145.2,Escherichia,Escherichia coli,Escherichia coli,562,758303,Homo sapiens,SRS15352047,broth dilution,BD Phoenix,CLSI,ARO_3000637|https://www.ebi.ac.uk/ols4/ontologies/aro/classes/http%253A%252F%252Fpurl.obolibrary.org%252Fobo%252FARO_3000637,JAMEDR020000029.1,72616,73050,-,GCA_025786145.2_02716,marR,marR_S3N,AMR,POINT,MULTIDRUG,AMPICILLIN/CHLORAMPHENICOL/QUINOLONE/RIFAMPIN/TETRACYCLINE,AMPICILLIN,POINTP,WP_000843414.1,transcriptional regulator MarR,100.00,97.92,,,Annotation|https://ftp.ebi.ac.uk/pub/databases/amr_portal/genomes/GCA/025/786/GCA_025786145.2,1.5.0,Fast,2020,,,urine,urinary tract,38.97,-77.03,,no,NCBI_antibiogram,United States of America,Americas,Northern America
ampicillin,resistant,> 16 mg/L,SAMN26304735,GCA_025786345.2,Escherichia,Escherichia coli,Escherichia coli,562,782145,Homo sapiens,SRS15357612,broth dilution,BD Phoenix,CLSI,ARO_3000637|https://www.ebi.ac.uk/ols4/ontologies/aro/classes/http%253A%252F%252Fpurl.obolibrary.org%252Fobo%252FARO_3000637,JAMEEB020000005.1,36504,36938,+,GCA_025786345.2_00659,marR,marR_S3N,AMR,POINT,MULTIDRUG,AMPICILLIN/CHLORAMPHENICOL/QUINOLONE/RIFAMPIN/TETRACYCLINE,AMPICILLIN,POINTP,WP_000843414.1,transcriptional regulator MarR,100.00,97.92,,,Annotation|https://ftp.ebi.ac.uk/pub/databases/amr_portal/genomes/GCA/025/786/GCA_025786345.2,1.5.0,Fast,2020,,,urine,urinary tract,38.97,-77.03,,no,NCBI_antibiogram,United States of America,Americas,Northern America
ampicillin,susceptible,<= 4 mg/L,SAMN26304927,GCA_025786605.2,Escherichia,Escherichia coli,Escherichia coli,562,793755,Homo sapiens,SRS15357699,broth dilution,BD Phoenix,CLSI,ARO_3000637|https://www.ebi.ac.uk/ols4/ontologies/aro/classes/http%253A%252F%252Fpurl.obolibrary.org%252Fobo%252FARO_3000637,JAMEEO020000006.1,35107,35541,+,GCA_025786605.2_00920,marR,marR_S3N,AMR,POINT,MULTIDRUG,AMPICILLIN/CHLORAMPHENICOL/QUINOLONE/RIFAMPIN/TETRACYCLINE,AMPICILLIN,POINTP,WP_000843414.1,transcriptional regulator MarR,100.00,97.92,,,Annotation|https://ftp.ebi.ac.uk/pub/databases/amr_portal/genomes/GCA/025/786/GCA_025786605.2,1.5.0,Fast,2020,,,urine,urinary tract,38.97,-77.03,,no,NCBI_antibiogram,United States of America,Americas,Northern America
ampicillin,resistant,> 16 mg/L,SAMN26308993,GCA_025786755.2,Escherichia,Escherichia coli,Escherichia coli,562,824262,Homo sapiens,SRS15360139,broth dilution,BD Phoenix,CLSI,ARO_3000637|https://www.ebi.ac.uk/ols4/ontologies/aro/classes/http%253A%252F%252Fpurl.obolibrary.org%252Fobo%252FARO_3000637,JAMEEV020000025.1,65940,66263,-,GCA_025786755.2_02663,soxS,soxS_A12S,AMR,POINT,MULTIDRUG,AMPICILLIN/CHLORAMPHENICOL/QUINOLONE/RIFAMPIN/TETRACYCLINE,AMPICILLIN,POINTP,WP_000019358.1,regulatory protein SoxS,100.00,99.07,,,Annotation|https://ftp.ebi.ac.uk/pub/databases/amr_portal/genomes/GCA/025/786/GCA_025786755.2,1.5.0,Fast,2020,,,perirectal,skin or soft tissue,38.97,-77.03,,no,NCBI_antibiogram,United States of America,Americas,Northern America
ampicillin,susceptible,<= 4 mg/L,SAMN26309103,GCA_025786875.2,Escherichia,Escherichia coli,Escherichia coli,562,709567,Homo sapiens,SRS15339895,broth dilution,BD Phoenix,CLSI,ARO_3000637|https://www.ebi.ac.uk/ols4/ontologies/aro/classes/http%253A%252F%252Fpurl.obolibrary.org%252Fobo%252FARO_3000637,JAMEFB020000059.1,13248,13682,+,GCA_025786875.2_04079,marR,marR_S3N,AMR,POINT,MULTIDRUG,AMPICILLIN/CHLORAMPHENICOL/QUINOLONE/RIFAMPIN/TETRACYCLINE,AMPICILLIN,POINTP,WP_000843414.1,transcriptional regulator MarR,100.00,97.92,,,Annotation|https://ftp.ebi.ac.uk/pub/databases/amr_portal/genomes/GCA/025/786/GCA_025786875.2,1.5.0,Fast,2019,,,urine,urinary tract,38.97,-77.03,,no,NCBI_antibiogram,United States of America,Americas,Northern America
ampicillin,susceptible,<= 4 mg/L,SAMN26309132,GCA_025786855.2,Escherichia,Escherichia coli,Escherichia coli,562,793999,Homo sapiens,SRS15357630,broth dilution,BD Phoenix,CLSI,ARO_3000637|https://www.ebi.ac.uk/ols4/ontologies/aro/classes/http%253A%252F%252Fpurl.obolibrary.org%252Fobo%252FARO_3000637,JAMEFA020000018.1,63386,63820,-,GCA_025786855.2_01748,marR,marR_S3N,AMR,POINT,MULTIDRUG,AMPICILLIN/CHLORAMPHENICOL/QUINOLONE/RIFAMPIN/TETRACYCLINE,AMPICILLIN,POINTP,WP_000843414.1,transcriptional regulator MarR,100.00,97.92,,,Annotation|https://ftp.ebi.ac.uk/pub/databases/amr_portal/genomes/GCA/025/786/GCA_025786855.2,1.5.0,Fast,2020,,,urine,urinary tract,38.97,-77.03,,no,NCBI_antibiogram,United States of America,Americas,Northern America
ampicillin,susceptible,<= 4 mg/L,SAMN26308969,GCA_025786165.2,Escherichia,Escherichia coli,Escherichia coli,562,749057,Homo sapiens,SRS15352024,broth dilution,BD Phoenix,CLSI,ARO_3000637|https://www.ebi.ac.uk/ols4/ontologies/aro/classes/http%253A%252F%252Fpurl.obolibrary.org%252Fobo%252FARO_3000637,JAMEDS020000024.1,36140,36574,+,GCA_025786165.2_02593,marR,marR_S3N,AMR,POINT,MULTIDRUG,AMPICILLIN/CHLORAMPHENICOL/QUINOLONE/RIFAMPIN/TETRACYCLINE,AMPICILLIN,POINTP,WP_000843414.1,transcriptional regulator MarR,100.00,97.92,,,Annotation|https://ftp.ebi.ac.uk/pub/databases/amr_portal/genomes/GCA/025/786/GCA_025786165.2,1.5.0,Fast,2020,,,urine,urinary tract,38.97,-77.03,,no,NCBI_antibiogram,United States of America,Americas,Northern America
ampicillin,susceptible,<= 4 mg/L,SAMN26304594,GCA_025786705.2,Escherichia,Escherichia coli,Escherichia coli,562,735075,Homo sapiens,SRS15348337,broth dilution,BD Phoenix,CLSI,ARO_3000637|https://www.ebi.ac.uk/ols4/ontologies/aro/classes/http%253A%252F%252Fpurl.obolibrary.org%252Fobo%252FARO_3000637,JAMEET020000010.1,17912,18346,+,GCA_025786705.2_00754,marR,marR_S3N,AMR,POINT,MULTIDRUG,AMPICILLIN/CHLORAMPHENICOL/QUINOLONE/RIFAMPIN/TETRACYCLINE,AMPICILLIN,POINTP,WP_000843414.1,transcriptional regulator MarR,100.00,97.92,,,Annotation|https://ftp.ebi.ac.uk/pub/databases/amr_portal/genomes/GCA/025/786/GCA_025786705.2,1.5.0,Fast,2019,,,urine,urinary tract,38.97,-77.03,,no,NCBI_antibiogram,United States of America,Americas,Northern America
ampicillin,susceptible,<= 4 mg/L,SAMN26305246,GCA_025786795.2,Escherichia,Escherichia coli,Escherichia coli,562,793617,Homo sapiens,SRS15357683,broth dilution,BD Phoenix,CLSI,ARO_3000637|https://www.ebi.ac.uk/ols4/ontologies/aro/classes/http%253A%252F%252Fpurl.obolibrary.org%252Fobo%252FARO_3000637,JAMEEX020000018.1,36771,37205,+,GCA_025786795.2_01833,marR,marR_S3N,AMR,POINT,MULTIDRUG,AMPICILLIN/CHLORAMPHENICOL/QUINOLONE/RIFAMPIN/TETRACYCLINE,AMPICILLIN,POINTP,WP_000843414.1,transcriptional regulator MarR,100.00,97.92,,,Annotation|https://ftp.ebi.ac.uk/pub/databases/amr_portal/genomes/GCA/025/786/GCA_025786795.2,1.5.0,Fast,2020,,,urine,urinary tract,38.97,-77.03,,no,NCBI_antibiogram,United States of America,Americas,Northern America
ampicillin,resistant,> 16 mg/L,SAMN26308683,GCA_025787185.2,Escherichia,Escherichia coli,Escherichia coli,562,710459,Homo sapiens,SRS15348243,broth dilution,BD Phoenix,CLSI,ARO_3000637|https://www.ebi.ac.uk/ols4/ontologies/aro/classes/http%253A%252F%252Fpurl.obolibrary.org%252Fobo%252FARO_3000637,JAMEFQ020000018.1,13247,13681,+,GCA_025787185.2_01479,marR,marR_S3N,AMR,POINT,MULTIDRUG,AMPICILLIN/CHLORAMPHENICOL/QUINOLONE/RIFAMPIN/TETRACYCLINE,AMPICILLIN,POINTP,WP_000843414.1,transcriptional regulator MarR,100.00,97.92,,,Annotation|https://ftp.ebi.ac.uk/pub/databases/amr_portal/genomes/GCA/025/787/GCA_025787185.2,1.5.0,Fast,2019,,,urine,urinary tract,38.97,-77.03,,no,NCBI_antibiogram,United States of America,Americas,Northern America
ampicillin,resistant,> 16 mg/L,SAMN26308633,GCA_025787305.2,Escherichia,Escherichia coli,Escherichia coli,562,782233,Homo sapiens,SRS15357518,broth dilution,BD Phoenix,CLSI,ARO_3000637|https://www.ebi.ac.uk/ols4/ontologies/aro/classes/http%253A%252F%252Fpurl.obolibrary.org%252Fobo%252FARO_3000637,JAMEFS020000018.1,72617,73051,-,GCA_025787305.2_01640,marR,marR_S3N,AMR,POINT,MULTIDRUG,AMPICILLIN/CHLORAMPHENICOL/QUINOLONE/RIFAMPIN/TETRACYCLINE,AMPICILLIN,POINTP,WP_000843414.1,transcriptional regulator MarR,100.00,97.92,,,Annotation|https://ftp.ebi.ac.uk/pub/databases/amr_portal/genomes/GCA/025/787/GCA_025787305.2,1.5.0,Fast,2020,,,urine,urinary tract,38.97,-77.03,,no,NCBI_antibiogram,United States of America,Americas,Northern America
ampicillin,susceptible,<= 4 mg/L,SAMN26308574,GCA_025787425.2,Escherichia,Escherichia coli,Escherichia coli,562,837644,Homo sapiens,SRS15359899,broth dilution,BD Phoenix,CLSI,ARO_3000637|https://www.ebi.ac.uk/ols4/ontologies/aro/classes/http%253A%252F%252Fpurl.obolibrary.org%252Fobo%252FARO_3000637,JAMEFU020000004.1,13342,13776,+,GCA_025787425.2_00593,marR,marR_S3N,AMR,POINT,MULTIDRUG,AMPICILLIN/CHLORAMPHENICOL/QUINOLONE/RIFAMPIN/TETRACYCLINE,AMPICILLIN,POINTP,WP_000843414.1,transcriptional regulator MarR,100.00,97.92,,,Annotation|https://ftp.ebi.ac.uk/pub/databases/amr_portal/genomes/GCA/025/787/GCA_025787425.2,1.5.0,Fast,2020,,,urine,urinary tract,38.97,-77.03,,no,NCBI_antibiogram,United States of America,Americas,Northern America
ampicillin,resistant,> 16 mg/L,SAMN26309413,GCA_025787925.2,Escherichia,Escherichia coli,Escherichia coli,562,793473,Homo sapiens,SRS15357668,broth dilution,BD Phoenix,CLSI,ARO_3000637|https://www.ebi.ac.uk/ols4/ontologies/aro/classes/http%253A%252F%252Fpurl.obolibrary.org%252Fobo%252FARO_3000637,JAMEGD020000003.1,46337,46771,+,GCA_025787925.2_00614,marR,marR_S3N,AMR,POINT,MULTIDRUG,AMPICILLIN/CHLORAMPHENICOL/QUINOLONE/RIFAMPIN/TETRACYCLINE,AMPICILLIN,POINTP,WP_000843414.1,transcriptional regulator MarR,100.00,97.92,,,Annotation|https://ftp.ebi.ac.uk/pub/databases/amr_portal/genomes/GCA/025/787/GCA_025787925.2,1.5.0,Fast,2020,,,urine,urinary tract,38.97,-77.03,,no,NCBI_antibiogram,United States of America,Americas,Northern America
ampicillin,susceptible,<= 4 mg/L,SAMN26308958,GCA_025787495.2,Escherichia,Escherichia coli,Escherichia coli,562,793659,Homo sapiens,SRS15357688,broth dilution,BD Phoenix,CLSI,ARO_3000637|https://www.ebi.ac.uk/ols4/ontologies/aro/classes/http%253A%252F%252Fpurl.obolibrary.org%252Fobo%252FARO_3000637,JAMEFV020000055.1,14828,15262,+,GCA_025787495.2_04006,marR,marR_S3N,AMR,POINT,MULTIDRUG,AMPICILLIN/CHLORAMPHENICOL/QUINOLONE/RIFAMPIN/TETRACYCLINE,AMPICILLIN,POINTP,WP_000843414.1,transcriptional regulator MarR,100.00,97.92,,,Annotation|https://ftp.ebi.ac.uk/pub/databases/amr_portal/genomes/GCA/025/787/GCA_025787495.2,1.5.0,Fast,2020,,,urine,urinary tract,38.97,-77.03,,no,NCBI_antibiogram,United States of America,Americas,Northern America
ampicillin,resistant,> 16 mg/L,SAMN26304989,GCA_025787145.2,Escherichia,Escherichia coli,Escherichia coli,562,697794,Homo sapiens,SRS15339947,broth dilution,BD Phoenix,CLSI,ARO_3000637|https://www.ebi.ac.uk/ols4/ontologies/aro/classes/http%253A%252F%252Fpurl.obolibrary.org%252Fobo%252FARO_3000637,JAMEFO020000026.1,67509,67943,-,GCA_025787145.2_03022,marR,marR_S3N,AMR,POINT,MULTIDRUG,AMPICILLIN/CHLORAMPHENICOL/QUINOLONE/RIFAMPIN/TETRACYCLINE,AMPICILLIN,POINTP,WP_000843414.1,transcriptional regulator MarR,100.00,97.92,,,Annotation|https://ftp.ebi.ac.uk/pub/databases/amr_portal/genomes/GCA/025/787/GCA_025787145.2,1.5.0,Fast,2019,,,urine,urinary tract,38.97,-77.03,,no,NCBI_antibiogram,United States of America,Americas,Northern America
ampicillin,resistant,> 16 mg/L,SAMN26309184,GCA_025787105.2,Escherichia,Escherichia coli,Escherichia coli,562,767343,Homo sapiens,SRS15355581,broth dilution,BD Phoenix,CLSI,ARO_3000637|https://www.ebi.ac.uk/ols4/ontologies/aro/classes/http%253A%252F%252Fpurl.obolibrary.org%252Fobo%252FARO_3000637,JAMEFM020000027.1,231224,231658,-,GCA_025787105.2_01636,marR,marR_S3N,AMR,POINT,MULTIDRUG,AMPICILLIN/CHLORAMPHENICOL/QUINOLONE/RIFAMPIN/TETRACYCLINE,AMPICILLIN,POINTP,WP_000843414.1,transcriptional regulator MarR,100.00,97.92,,,Annotation|https://ftp.ebi.ac.uk/pub/databases/amr_portal/genomes/GCA/025/787/GCA_025787105.2,1.5.0,Fast,2020,,,urine,urinary tract,38.97,-77.03,,no,NCBI_antibiogram,United States of America,Americas,Northern America
ampicillin,resistant,> 16 mg/L,SAMN26304876,GCA_025787555.2,Escherichia,Escherichia coli,Escherichia coli,562,766479,Homo sapiens,SRS15355733,broth dilution,BD Phoenix,CLSI,ARO_3000637|https://www.ebi.ac.uk/ols4/ontologies/aro/classes/http%253A%252F%252Fpurl.obolibrary.org%252Fobo%252FARO_3000637,JAMEFW020000016.1,27410,27844,+,GCA_025787555.2_01241,marR,marR_S3N,AMR,POINT,MULTIDRUG,AMPICILLIN/CHLORAMPHENICOL/QUINOLONE/RIFAMPIN/TETRACYCLINE,AMPICILLIN,POINTP,WP_000843414.1,transcriptional regulator MarR,100.00,97.92,,,Annotation|https://ftp.ebi.ac.uk/pub/databases/amr_portal/genomes/GCA/025/787/GCA_025787555.2,1.5.0,Fast,2020,,,urine,urinary tract,38.97,-77.03,,no,NCBI_antibiogram,United States of America,Americas,Northern America
ampicillin,resistant,> 16 mg/L,SAMN26309121,GCA_025787245.2,Escherichia,Escherichia coli,Escherichia coli,562,758249,Homo sapiens,SRS15352041,broth dilution,BD Phoenix,CLSI,ARO_3000637|https://www.ebi.ac.uk/ols4/ontologies/aro/classes/http%253A%252F%252Fpurl.obolibrary.org%252Fobo%252FARO_3000637,JAMEFR020000016.1,13231,13665,+,GCA_025787245.2_01313,marR,marR_S3N,AMR,POINT,MULTIDRUG,AMPICILLIN/CHLORAMPHENICOL/QUINOLONE/RIFAMPIN/TETRACYCLINE,AMPICILLIN,POINTP,WP_000843414.1,transcriptional regulator MarR,100.00,97.92,,,Annotation|https://ftp.ebi.ac.uk/pub/databases/amr_portal/genomes/GCA/025/787/GCA_025787245.2,1.5.0,Fast,2020,,,wound,skin or soft tissue,38.97,-77.03,,no,NCBI_antibiogram,United States of America,Americas,Northern America
ampicillin,susceptible,<= 4 mg/L,SAMN26309151,GCA_025782915.2,Escherichia,Escherichia coli,Escherichia coli,562,838630,Homo sapiens,SRS15360090,broth dilution,BD Phoenix,CLSI,ARO_3000637|https://www.ebi.ac.uk/ols4/ontologies/aro/classes/http%253A%252F%252Fpurl.obolibrary.org%252Fobo%252FARO_3000637,JAMDYK020000014.1,13248,13682,+,GCA_025782915.2_01311,marR,marR_S3N,AMR,POINT,MULTIDRUG,AMPICILLIN/CHLORAMPHENICOL/QUINOLONE/RIFAMPIN/TETRACYCLINE,AMPICILLIN,POINTP,WP_000843414.1,transcriptional regulator MarR,100.00,97.92,,,Annotation|https://ftp.ebi.ac.uk/pub/databases/amr_portal/genomes/GCA/025/782/GCA_025782915.2,1.5.0,Fast,2020,,,urine,urinary tract,38.97,-77.03,,no,NCBI_antibiogram,United States of America,Americas,Northern America
ampicillin,resistant,> 16 mg/L,SAMN26309244,GCA_025782975.2,Escherichia,Escherichia coli,Escherichia coli,562,780357,Homo sapiens,SRS15357773,broth dilution,BD Phoenix,CLSI,ARO_3000637|https://www.ebi.ac.uk/ols4/ontologies/aro/classes/http%253A%252F%252Fpurl.obolibrary.org%252Fobo%252FARO_3000637,JAMDYN020000001.1,27410,27844,+,GCA_025782975.2_00027,marR,marR_S3N,AMR,POINT,MULTIDRUG,AMPICILLIN/CHLORAMPHENICOL/QUINOLONE/RIFAMPIN/TETRACYCLINE,AMPICILLIN,POINTP,WP_000843414.1,transcriptional regulator MarR,100.00,97.92,,,Annotation|https://ftp.ebi.ac.uk/pub/databases/amr_portal/genomes/GCA/025/782/GCA_025782975.2,1.5.0,Fast,2020,,,urine,urinary tract,38.97,-77.03,,no,NCBI_antibiogram,United States of America,Americas,Northern America
ampicillin,resistant,> 32 mg/L,SAMN31087087,GCA_025833775.1,Escherichia,Escherichia coli,Escherichia coli,562,33.52,,,broth dilution,Sensititre,EUCAST,ARO_3000637|https://www.ebi.ac.uk/ols4/ontologies/aro/classes/http%253A%252F%252Fpurl.obolibrary.org%252Fobo%252FARO_3000637,JAOSYU010000008.1,94873,95196,+,GCA_025833775.1_01536,soxS,soxS_A12S,AMR,POINT,MULTIDRUG,AMPICILLIN/CHLORAMPHENICOL/QUINOLONE/RIFAMPIN/TETRACYCLINE,AMPICILLIN,POINTP,WP_000019358.1,regulatory protein SoxS,100.00,99.07,,,Annotation|https://ftp.ebi.ac.uk/pub/databases/amr_portal/genomes/GCA/025/833/GCA_025833775.1,1.5.0,Fast,,,,,,,,,no,NCBI_antibiogram,,,
ampicillin,resistant,> 32 mg/L,SAMN31087105,GCA_025833415.1,Escherichia,Escherichia coli,Escherichia coli,562,33.70,,,broth dilution,Sensititre,EUCAST,ARO_3000637|https://www.ebi.ac.uk/ols4/ontologies/aro/classes/http%253A%252F%252Fpurl.obolibrary.org%252Fobo%252FARO_3000637,JAOSYC010000009.1,94887,95210,+,GCA_025833415.1_01675,soxS,soxS_A12S,AMR,POINT,MULTIDRUG,AMPICILLIN/CHLORAMPHENICOL/QUINOLONE/RIFAMPIN/TETRACYCLINE,AMPICILLIN,POINTP,WP_000019358.1,regulatory protein SoxS,100.00,99.07,,,Annotation|https://ftp.ebi.ac.uk/pub/databases/amr_portal/genomes/GCA/025/833/GCA_025833415.1,1.5.0,Fast,,,,,,,,,no,NCBI_antibiogram,,,
ampicillin,resistant,> 32 mg/L,SAMN31087128,GCA_025833005.1,Escherichia,Escherichia coli,Escherichia coli,562,34.12,,,broth dilution,Sensititre,EUCAST,ARO_3000637|https://www.ebi.ac.uk/ols4/ontologies/aro/classes/http%253A%252F%252Fpurl.obolibrary.org%252Fobo%252FARO_3000637,JAOSXF010000009.1,94875,95198,+,GCA_025833005.1_01719,soxS,soxS_A12S,AMR,POINT,MULTIDRUG,AMPICILLIN/CHLORAMPHENICOL/QUINOLONE/RIFAMPIN/TETRACYCLINE,AMPICILLIN,POINTP,WP_000019358.1,regulatory protein SoxS,100.00,99.07,,,Annotation|https://ftp.ebi.ac.uk/pub/databases/amr_portal/genomes/GCA/025/833/GCA_025833005.1,1.5.0,Fast,,,,,,,,,no,NCBI_antibiogram,,,
ampicillin,resistant,> 32 mg/L,SAMN31087086,GCA_025833825.1,Escherichia,Escherichia coli,Escherichia coli,562,33.51,,,broth dilution,Sensititre,EUCAST,ARO_3000637|https://www.ebi.ac.uk/ols4/ontologies/aro/classes/http%253A%252F%252Fpurl.obolibrary.org%252Fobo%252FARO_3000637,JAOSYV010000009.1,36693,37016,-,GCA_025833825.1_01620,soxS,soxS_A12S,AMR,POINT,MULTIDRUG,AMPICILLIN/CHLORAMPHENICOL/QUINOLONE/RIFAMPIN/TETRACYCLINE,AMPICILLIN,POINTP,WP_000019358.1,regulatory protein SoxS,100.00,99.07,,,Annotation|https://ftp.ebi.ac.uk/pub/databases/amr_portal/genomes/GCA/025/833/GCA_025833825.1,1.5.0,Fast,,,,,,,,,no,NCBI_antibiogram,,,
ampicillin,susceptible,<= 4 mg/L,SAMN26304486,GCA_025579205.2,Escherichia,Escherichia coli,Escherichia coli,562,794355,Homo sapiens,SRS15357733,broth dilution,BD Phoenix,CLSI,ARO_3000637|https://www.ebi.ac.uk/ols4/ontologies/aro/classes/http%253A%252F%252Fpurl.obolibrary.org%252Fobo%252FARO_3000637,JAKXJR020000005.1,26774,27208,+,GCA_025579205.2_01059,marR,marR_S3N,AMR,POINT,MULTIDRUG,AMPICILLIN/CHLORAMPHENICOL/QUINOLONE/RIFAMPIN/TETRACYCLINE,AMPICILLIN,POINTP,WP_000843414.1,transcriptional regulator MarR,100.00,97.92,,,Annotation|https://ftp.ebi.ac.uk/pub/databases/amr_portal/genomes/GCA/025/579/GCA_025579205.2,1.5.0,Fast,2020,,,urine,urinary tract,38.97,-77.03,,no,NCBI_antibiogram,United States of America,Americas,Northern America
ampicillin,resistant,> 16 mg/L,SAMN26308591,GCA_025579225.2,Escherichia,Escherichia coli,Escherichia coli,562,772047,Homo sapiens,SRS15355537,broth dilution,BD Phoenix,CLSI,ARO_3000637|https://www.ebi.ac.uk/ols4/ontologies/aro/classes/http%253A%252F%252Fpurl.obolibrary.org%252Fobo%252FARO_3000637,JAKXJV020000016.1,13248,13682,+,GCA_025579225.2_01929,marR,marR_S3N,AMR,POINT,MULTIDRUG,AMPICILLIN/CHLORAMPHENICOL/QUINOLONE/RIFAMPIN/TETRACYCLINE,AMPICILLIN,POINTP,WP_000843414.1,transcriptional regulator MarR,100.00,97.92,,,Annotation|https://ftp.ebi.ac.uk/pub/databases/amr_portal/genomes/GCA/025/579/GCA_025579225.2,1.5.0,Fast,2020,,,urine,urinary tract,38.97,-77.03,,no,NCBI_antibiogram,United States of America,Americas,Northern America
ampicillin,resistant,> 16 mg/L,SAMN26309134,GCA_025579985.2,Escherichia,Escherichia coli,Escherichia coli,562,807420,Homo sapiens,SRS15358655,broth dilution,BD Phoenix,CLSI,ARO_3000637|https://www.ebi.ac.uk/ols4/ontologies/aro/classes/http%253A%252F%252Fpurl.obolibrary.org%252Fobo%252FARO_3000637,JAKXKS020000016.1,13248,13682,+,GCA_025579985.2_01338,marR,marR_S3N,AMR,POINT,MULTIDRUG,AMPICILLIN/CHLORAMPHENICOL/QUINOLONE/RIFAMPIN/TETRACYCLINE,AMPICILLIN,POINTP,WP_000843414.1,transcriptional regulator MarR,100.00,97.92,,,Annotation|https://ftp.ebi.ac.uk/pub/databases/amr_portal/genomes/GCA/025/579/GCA_025579985.2,1.5.0,Fast,2020,,,urine,urinary tract,38.97,-77.03,,no,NCBI_antibiogram,United States of America,Americas,Northern America
ampicillin,susceptible,<= 4 mg/L,SAMN26305242,GCA_025579675.2,Escherichia,Escherichia coli,Escherichia coli,562,772193,Homo sapiens,SRS15355554,broth dilution,BD Phoenix,CLSI,ARO_3000637|https://www.ebi.ac.uk/ols4/ontologies/aro/classes/http%253A%252F%252Fpurl.obolibrary.org%252Fobo%252FARO_3000637,JAKXKJ020000019.1,29876,30310,-,GCA_025579675.2_02623,marR,marR_S3N,AMR,POINT,MULTIDRUG,AMPICILLIN/CHLORAMPHENICOL/QUINOLONE/RIFAMPIN/TETRACYCLINE,AMPICILLIN,POINTP,WP_000843414.1,transcriptional regulator MarR,100.00,97.92,,,Annotation|https://ftp.ebi.ac.uk/pub/databases/amr_portal/genomes/GCA/025/579/GCA_025579675.2,1.5.0,Fast,2020,,,urine,urinary tract,38.97,-77.03,,no,NCBI_antibiogram,United States of America,Americas,Northern America
ampicillin,resistant,> 16 mg/L,SAMN26309238,GCA_025579925.2,Escherichia,Escherichia coli,Escherichia coli,562,766403,Homo sapiens,SRS15355726,broth dilution,BD Phoenix,CLSI,ARO_3000637|https://www.ebi.ac.uk/ols4/ontologies/aro/classes/http%253A%252F%252Fpurl.obolibrary.org%252Fobo%252FARO_3000637,JAKXKN020000009.1,9400,9834,-,GCA_025579925.2_01015,marR,marR_S3N,AMR,POINT,MULTIDRUG,AMPICILLIN/CHLORAMPHENICOL/QUINOLONE/RIFAMPIN/TETRACYCLINE,AMPICILLIN,POINTP,WP_000843414.1,transcriptional regulator MarR,100.00,97.92,,,Annotation|https://ftp.ebi.ac.uk/pub/databases/amr_portal/genomes/GCA/025/579/GCA_025579925.2,1.5.0,Fast,2020,,,urine,urinary tract,38.97,-77.03,,no,NCBI_antibiogram,United States of America,Americas,Northern America
ampicillin,resistant,> 16 mg/L,SAMN26309189,GCA_025579325.2,Escherichia,Escherichia coli,Escherichia coli,562,807228,Homo sapiens,SRS15358652,broth dilution,BD Phoenix,CLSI,ARO_3000637|https://www.ebi.ac.uk/ols4/ontologies/aro/classes/http%253A%252F%252Fpurl.obolibrary.org%252Fobo%252FARO_3000637,JAKXKA020000023.1,231225,231659,-,GCA_025579325.2_02085,marR,marR_S3N,AMR,POINT,MULTIDRUG,AMPICILLIN/CHLORAMPHENICOL/QUINOLONE/RIFAMPIN/TETRACYCLINE,AMPICILLIN,POINTP,WP_000843414.1,transcriptional regulator MarR,100.00,97.92,,,Annotation|https://ftp.ebi.ac.uk/pub/databases/amr_portal/genomes/GCA/025/579/GCA_025579325.2,1.5.0,Fast,2020,,,wound,skin or soft tissue,38.97,-77.03,,no,NCBI_antibiogram,United States of America,Americas,Northern America
ampicillin,resistant,> 16 mg/L,SAMN26309243,GCA_025579505.2,Escherichia,Escherichia coli,Escherichia coli,562,781529,Homo sapiens,SRS15357579,broth dilution,BD Phoenix,CLSI,ARO_3000637|https://www.ebi.ac.uk/ols4/ontologies/aro/classes/http%253A%252F%252Fpurl.obolibrary.org%252Fobo%252FARO_3000637,JAKXKF020000007.1,9403,9837,-,GCA_025579505.2_01014,marR,marR_S3N,AMR,POINT,MULTIDRUG,AMPICILLIN/CHLORAMPHENICOL/QUINOLONE/RIFAMPIN/TETRACYCLINE,AMPICILLIN,POINTP,WP_000843414.1,transcriptional regulator MarR,100.00,97.92,,,Annotation|https://ftp.ebi.ac.uk/pub/databases/amr_portal/genomes/GCA/025/579/GCA_025579505.2,1.5.0,Fast,2020,,,urine,urinary tract,38.97,-77.03,,no,NCBI_antibiogram,United States of America,Americas,Northern America
ampicillin,susceptible,<= 4 mg/L,SAMN26308645,GCA_025579485.2,Escherichia,Escherichia coli,Escherichia coli,562,749347,Homo sapiens,SRS15351952,broth dilution,BD Phoenix,CLSI,ARO_3000637|https://www.ebi.ac.uk/ols4/ontologies/aro/classes/http%253A%252F%252Fpurl.obolibrary.org%252Fobo%252FARO_3000637,JAKXKE020000029.1,33292,33726,+,GCA_025579485.2_02466,marR,marR_S3N,AMR,POINT,MULTIDRUG,AMPICILLIN/CHLORAMPHENICOL/QUINOLONE/RIFAMPIN/TETRACYCLINE,AMPICILLIN,POINTP,WP_000843414.1,transcriptional regulator MarR,100.00,97.92,,,Annotation|https://ftp.ebi.ac.uk/pub/databases/amr_portal/genomes/GCA/025/579/GCA_025579485.2,1.5.0,Fast,2020,,,urine,urinary tract,38.97,-77.03,,no,NCBI_antibiogram,United States of America,Americas,Northern America
ampicillin,susceptible,<= 4 mg/L,SAMN26305228,GCA_025579545.2,Escherichia,Escherichia coli,Escherichia coli,562,736061,Homo sapiens,SRS15348306,broth dilution,BD Phoenix,CLSI,ARO_3000637|https://www.ebi.ac.uk/ols4/ontologies/aro/classes/http%253A%252F%252Fpurl.obolibrary.org%252Fobo%252FARO_3000637,JAKXKG020000020.1,36770,37204,+,GCA_025579545.2_02320,marR,marR_S3N,AMR,POINT,MULTIDRUG,AMPICILLIN/CHLORAMPHENICOL/QUINOLONE/RIFAMPIN/TETRACYCLINE,AMPICILLIN,POINTP,WP_000843414.1,transcriptional regulator MarR,100.00,97.92,,,Annotation|https://ftp.ebi.ac.uk/pub/databases/amr_portal/genomes/GCA/025/579/GCA_025579545.2,1.5.0,Fast,2020,,,wound,skin or soft tissue,38.97,-77.03,,no,NCBI_antibiogram,United States of America,Americas,Northern America
ampicillin,susceptible,<= 4 mg/L,SAMN26308988,GCA_025579605.2,Escherichia,Escherichia coli,Escherichia coli,562,749225,Homo sapiens,SRS15351940,broth dilution,BD Phoenix,CLSI,ARO_3000637|https://www.ebi.ac.uk/ols4/ontologies/aro/classes/http%253A%252F%252Fpurl.obolibrary.org%252Fobo%252FARO_3000637,JAKXKI020000021.1,67336,67770,-,GCA_025579605.2_02886,marR,marR_S3N,AMR,POINT,MULTIDRUG,AMPICILLIN/CHLORAMPHENICOL/QUINOLONE/RIFAMPIN/TETRACYCLINE,AMPICILLIN,POINTP,WP_000843414.1,transcriptional regulator MarR,100.00,97.92,,,Annotation|https://ftp.ebi.ac.uk/pub/databases/amr_portal/genomes/GCA/025/579/GCA_025579605.2,1.5.0,Fast,2020,,,urine,urinary tract,38.97,-77.03,,no,NCBI_antibiogram,United States of America,Americas,Northern America
ampicillin,susceptible,<= 4 mg/L,SAMN26309135,GCA_025579145.2,Escherichia,Escherichia coli,Escherichia coli,562,805326,Homo sapiens,SRS15358815,broth dilution,BD Phoenix,CLSI,ARO_3000637|https://www.ebi.ac.uk/ols4/ontologies/aro/classes/http%253A%252F%252Fpurl.obolibrary.org%252Fobo%252FARO_3000637,JAKXJT020000071.1,13231,13665,+,GCA_025579145.2_04352,marR,marR_S3N,AMR,POINT,MULTIDRUG,AMPICILLIN/CHLORAMPHENICOL/QUINOLONE/RIFAMPIN/TETRACYCLINE,AMPICILLIN,POINTP,WP_000843414.1,transcriptional regulator MarR,100.00,97.92,,,Annotation|https://ftp.ebi.ac.uk/pub/databases/amr_portal/genomes/GCA/025/579/GCA_025579145.2,1.5.0,Fast,2020,,,urine,urinary tract,38.97,-77.03,,no,NCBI_antibiogram,United States of America,Americas,Northern America
ampicillin,susceptible,<= 4 mg/L,SAMN26304393,GCA_025581025.2,Escherichia,Escherichia coli,Escherichia coli,562,781617,Homo sapiens,SRS15357483,broth dilution,BD Phoenix,CLSI,ARO_3000637|https://www.ebi.ac.uk/ols4/ontologies/aro/classes/http%253A%252F%252Fpurl.obolibrary.org%252Fobo%252FARO_3000637,JAKXMF020000063.1,13248,13682,+,GCA_025581025.2_04283,marR,marR_S3N,AMR,POINT,MULTIDRUG,AMPICILLIN/CHLORAMPHENICOL/QUINOLONE/RIFAMPIN/TETRACYCLINE,AMPICILLIN,POINTP,WP_000843414.1,transcriptional regulator MarR,100.00,97.92,,,Annotation|https://ftp.ebi.ac.uk/pub/databases/amr_portal/genomes/GCA/025/581/GCA_025581025.2,1.5.0,Fast,2020,,,urine,urinary tract,38.97,-77.03,,no,NCBI_antibiogram,United States of America,Americas,Northern America
ampicillin,resistant,> 16 mg/L,SAMN26304815,GCA_025581045.2,Escherichia,Escherichia coli,Escherichia coli,562,749217,Homo sapiens,SRS15351939,broth dilution,BD Phoenix,CLSI,ARO_3000637|https://www.ebi.ac.uk/ols4/ontologies/aro/classes/http%253A%252F%252Fpurl.obolibrary.org%252Fobo%252FARO_3000637,JAKXMG020000035.1,27408,27842,+,GCA_025581045.2_02221,marR,marR_S3N,AMR,POINT,MULTIDRUG,AMPICILLIN/CHLORAMPHENICOL/QUINOLONE/RIFAMPIN/TETRACYCLINE,AMPICILLIN,POINTP,WP_000843414.1,transcriptional regulator MarR,100.00,97.92,,,Annotation|https://ftp.ebi.ac.uk/pub/databases/amr_portal/genomes/GCA/025/581/GCA_025581045.2,1.5.0,Fast,2020,,,urine,urinary tract,38.97,-77.03,,no,NCBI_antibiogram,United States of America,Americas,Northern America
ampicillin,susceptible,<= 4 mg/L,SAMN26305107,GCA_025783315.2,Escherichia,Escherichia coli,Escherichia coli,562,767949,Homo sapiens,SRS15355751,broth dilution,BD Phoenix,CLSI,ARO_3000637|https://www.ebi.ac.uk/ols4/ontologies/aro/classes/http%253A%252F%252Fpurl.obolibrary.org%252Fobo%252FARO_3000637,JAMDZE020000018.1,14593,15027,+,GCA_025783315.2_02388,marR,marR_S3N,AMR,POINT,MULTIDRUG,AMPICILLIN/CHLORAMPHENICOL/QUINOLONE/RIFAMPIN/TETRACYCLINE,AMPICILLIN,POINTP,WP_000843414.1,transcriptional regulator MarR,100.00,97.92,,,Annotation|https://ftp.ebi.ac.uk/pub/databases/amr_portal/genomes/GCA/025/783/GCA_025783315.2,1.5.0,Fast,2020,,,urine,urinary tract,38.97,-77.03,,no,NCBI_antibiogram,United States of America,Americas,Northern America
ampicillin,susceptible,<= 4 mg/L,SAMN26304448,GCA_025783855.2,Escherichia,Escherichia coli,Escherichia coli,562,767893,Homo sapiens,SRS15355745,broth dilution,BD Phoenix,CLSI,ARO_3000637|https://www.ebi.ac.uk/ols4/ontologies/aro/classes/http%253A%252F%252Fpurl.obolibrary.org%252Fobo%252FARO_3000637,JAMEAF020000041.1,33964,34398,+,GCA_025783855.2_04158,marR,marR_S3N,AMR,POINT,MULTIDRUG,AMPICILLIN/CHLORAMPHENICOL/QUINOLONE/RIFAMPIN/TETRACYCLINE,AMPICILLIN,POINTP,WP_000843414.1,transcriptional regulator MarR,100.00,97.92,,,Annotation|https://ftp.ebi.ac.uk/pub/databases/amr_portal/genomes/GCA/025/783/GCA_025783855.2,1.5.0,Fast,2020,,,urine,urinary tract,38.97,-77.03,,no,NCBI_antibiogram,United States of America,Americas,Northern America
ampicillin,susceptible,<= 4 mg/L,SAMN26304447,GCA_025783495.2,Escherichia,Escherichia coli,Escherichia coli,562,697438,Homo sapiens,SRS15339946,broth dilution,BD Phoenix,CLSI,ARO_3000637|https://www.ebi.ac.uk/ols4/ontologies/aro/classes/http%253A%252F%252Fpurl.obolibrary.org%252Fobo%252FARO_3000637,JAMDZN020000054.1,49288,49722,-,GCA_025783495.2_04223,marR,marR_S3N,AMR,POINT,MULTIDRUG,AMPICILLIN/CHLORAMPHENICOL/QUINOLONE/RIFAMPIN/TETRACYCLINE,AMPICILLIN,POINTP,WP_000843414.1,transcriptional regulator MarR,100.00,97.92,,,Annotation|https://ftp.ebi.ac.uk/pub/databases/amr_portal/genomes/GCA/025/783/GCA_025783495.2,1.5.0,Fast,2019,,,urine,urinary tract,38.97,-77.03,,no,NCBI_antibiogram,United States of America,Americas,Northern America
ampicillin,resistant,> 16 mg/L,SAMN26308663,GCA_025783235.2,Escherichia,Escherichia coli,Escherichia coli,562,822272,Homo sapiens,SRS15358766,broth dilution,BD Phoenix,CLSI,ARO_3000637|https://www.ebi.ac.uk/ols4/ontologies/aro/classes/http%253A%252F%252Fpurl.obolibrary.org%252Fobo%252FARO_3000637,JAMDZA020000011.1,36503,36937,+,GCA_025783235.2_01053,marR,marR_S3N,AMR,POINT,MULTIDRUG,AMPICILLIN/CHLORAMPHENICOL/QUINOLONE/RIFAMPIN/TETRACYCLINE,AMPICILLIN,POINTP,WP_000843414.1,transcriptional regulator MarR,100.00,97.92,,,Annotation|https://ftp.ebi.ac.uk/pub/databases/amr_portal/genomes/GCA/025/783/GCA_025783235.2,1.5.0,Fast,2020,,,urine,urinary tract,38.97,-77.03,,no,NCBI_antibiogram,United States of America,Americas,Northern America
ampicillin,resistant,> 16 mg/L,SAMN26304721,GCA_025783915.2,Escherichia,Escherichia coli,Escherichia coli,562,766323,Homo sapiens,SRS15355717,broth dilution,BD Phoenix,CLSI,ARO_3000637|https://www.ebi.ac.uk/ols4/ontologies/aro/classes/http%253A%252F%252Fpurl.obolibrary.org%252Fobo%252FARO_3000637,JAMEAI020000006.1,9403,9837,-,GCA_025783915.2_01009,marR,marR_S3N,AMR,POINT,MULTIDRUG,AMPICILLIN/CHLORAMPHENICOL/QUINOLONE/RIFAMPIN/TETRACYCLINE,AMPICILLIN,POINTP,WP_000843414.1,transcriptional regulator MarR,100.00,97.92,,,Annotation|https://ftp.ebi.ac.uk/pub/databases/amr_portal/genomes/GCA/025/783/GCA_025783915.2,1.5.0,Fast,2020,,,urine,urinary tract,38.97,-77.03,,no,NCBI_antibiogram,United States of America,Americas,Northern America
ampicillin,susceptible,<= 4 mg/L,SAMN26305238,GCA_025783715.2,Escherichia,Escherichia coli,Escherichia coli,562,767747,Homo sapiens,SRS15355688,broth dilution,BD Phoenix,CLSI,ARO_3000637|https://www.ebi.ac.uk/ols4/ontologies/aro/classes/http%253A%252F%252Fpurl.obolibrary.org%252Fobo%252FARO_3000637,JAMDZY020000009.1,72616,73050,-,GCA_025783715.2_01579,marR,marR_S3N,AMR,POINT,MULTIDRUG,AMPICILLIN/CHLORAMPHENICOL/QUINOLONE/RIFAMPIN/TETRACYCLINE,AMPICILLIN,POINTP,WP_000843414.1,transcriptional regulator MarR,100.00,97.92,,,Annotation|https://ftp.ebi.ac.uk/pub/databases/amr_portal/genomes/GCA/025/783/GCA_025783715.2,1.5.0,Fast,2020,,,urine,urinary tract,38.97,-77.03,,no,NCBI_antibiogram,United States of America,Americas,Northern America
ampicillin,resistant,> 16 mg/L,SAMN26309141,GCA_025783955.2,Escherichia,Escherichia coli,Escherichia coli,562,824212,Homo sapiens,SRS15360134,broth dilution,BD Phoenix,CLSI,ARO_3000637|https://www.ebi.ac.uk/ols4/ontologies/aro/classes/http%253A%252F%252Fpurl.obolibrary.org%252Fobo%252FARO_3000637,JAMEAK020000003.1,13248,13682,+,GCA_025783955.2_00042,marR,marR_S3N,AMR,POINT,MULTIDRUG,AMPICILLIN/CHLORAMPHENICOL/QUINOLONE/RIFAMPIN/TETRACYCLINE,AMPICILLIN,POINTP,WP_000843414.1,transcriptional regulator MarR,100.00,97.92,,,Annotation|https://ftp.ebi.ac.uk/pub/databases/amr_portal/genomes/GCA/025/783/GCA_025783955.2,1.5.0,Fast,2020,,,urine,urinary tract,38.97,-77.03,,no,NCBI_antibiogram,United States of America,Americas,Northern America
ampicillin,susceptible,<= 4 mg/L,SAMN26304773,GCA_025783595.2,Escherichia,Escherichia coli,Escherichia coli,562,698046,Homo sapiens,SRS15339742,broth dilution,BD Phoenix,CLSI,ARO_3000637|https://www.ebi.ac.uk/ols4/ontologies/aro/classes/http%253A%252F%252Fpurl.obolibrary.org%252Fobo%252FARO_3000637,JAMDZS020000028.1,67302,67736,-,GCA_025783595.2_03066,marR,marR_S3N,AMR,POINT,MULTIDRUG,AMPICILLIN/CHLORAMPHENICOL/QUINOLONE/RIFAMPIN/TETRACYCLINE,AMPICILLIN,POINTP,WP_000843414.1,transcriptional regulator MarR,100.00,97.92,,,Annotation|https://ftp.ebi.ac.uk/pub/databases/amr_portal/genomes/GCA/025/783/GCA_025783595.2,1.5.0,Fast,2019,,,urine,urinary tract,38.97,-77.03,,no,NCBI_antibiogram,United States of America,Americas,Northern America
ampicillin,resistant,> 16 mg/L,SAMN26304808,GCA_025783275.2,Escherichia,Escherichia coli,Escherichia coli,562,709113,Homo sapiens,SRS15339805,broth dilution,BD Phoenix,CLSI,ARO_3000637|https://www.ebi.ac.uk/ols4/ontologies/aro/classes/http%253A%252F%252Fpurl.obolibrary.org%252Fobo%252FARO_3000637,JAMDZC020000011.1,14520,14954,+,GCA_025783275.2_00521,marR,marR_S3N,AMR,POINT,MULTIDRUG,AMPICILLIN/CHLORAMPHENICOL/QUINOLONE/RIFAMPIN/TETRACYCLINE,AMPICILLIN,POINTP,WP_000843414.1,transcriptional regulator MarR,100.00,97.92,,,Annotation|https://ftp.ebi.ac.uk/pub/databases/amr_portal/genomes/GCA/025/783/GCA_025783275.2,1.5.0,Fast,2019,,,urine,urinary tract,38.97,-77.03,,no,NCBI_antibiogram,United States of America,Americas,Northern America
ampicillin,resistant,> 32 mg/L,SAMN31087257,GCA_025830395.1,Escherichia,Escherichia coli,Escherichia coli,562,35.61,,,broth dilution,Sensititre,EUCAST,ARO_3000637|https://www.ebi.ac.uk/ols4/ontologies/aro/classes/http%253A%252F%252Fpurl.obolibrary.org%252Fobo%252FARO_3000637,JAOSSG010000013.1,94850,95173,+,GCA_025830395.1_03060,soxS,soxS_A12S,AMR,POINT,MULTIDRUG,AMPICILLIN/CHLORAMPHENICOL/QUINOLONE/RIFAMPIN/TETRACYCLINE,AMPICILLIN,POINTP,WP_000019358.1,regulatory protein SoxS,100.00,99.07,,,Annotation|https://ftp.ebi.ac.uk/pub/databases/amr_portal/genomes/GCA/025/830/GCA_025830395.1,1.5.0,Fast,,,,,,,,,no,NCBI_antibiogram,,,
ampicillin,susceptible,<= 4 mg/L,SAMN26305176,GCA_025788235.2,Escherichia,Escherichia coli,Escherichia coli,562,697614,Homo sapiens,SRS15339911,broth dilution,BD Phoenix,CLSI,ARO_3000637|https://www.ebi.ac.uk/ols4/ontologies/aro/classes/http%253A%252F%252Fpurl.obolibrary.org%252Fobo%252FARO_3000637,JAMEGQ020000032.1,65968,66291,-,GCA_025788235.2_03026,soxS,soxS_A12S,AMR,POINT,MULTIDRUG,AMPICILLIN/CHLORAMPHENICOL/QUINOLONE/RIFAMPIN/TETRACYCLINE,AMPICILLIN,POINTP,WP_000019358.1,regulatory protein SoxS,100.00,99.07,,,Annotation|https://ftp.ebi.ac.uk/pub/databases/amr_portal/genomes/GCA/025/788/GCA_025788235.2,1.5.0,Fast,2019,,,urine,urinary tract,38.97,-77.03,,no,NCBI_antibiogram,United States of America,Americas,Northern America
ampicillin,resistant,> 16 mg/L,SAMN26309119,GCA_025788915.2,Escherichia,Escherichia coli,Escherichia coli,562,757753,Homo sapiens,SRS15351923,broth dilution,BD Phoenix,CLSI,ARO_3000637|https://www.ebi.ac.uk/ols4/ontologies/aro/classes/http%253A%252F%252Fpurl.obolibrary.org%252Fobo%252FARO_3000637,JAMEHY020000020.1,63429,63863,-,GCA_025788915.2_01553,marR,marR_S3N,AMR,POINT,MULTIDRUG,AMPICILLIN/CHLORAMPHENICOL/QUINOLONE/RIFAMPIN/TETRACYCLINE,AMPICILLIN,POINTP,WP_000843414.1,transcriptional regulator MarR,100.00,97.92,,,Annotation|https://ftp.ebi.ac.uk/pub/databases/amr_portal/genomes/GCA/025/788/GCA_025788915.2,1.5.0,Fast,2020,,,urine,urinary tract,38.97,-77.03,,no,NCBI_antibiogram,United States of America,Americas,Northern America
ampicillin,resistant,> 16 mg/L,SAMN26305225,GCA_025788295.2,Escherichia,Escherichia coli,Escherichia coli,562,709171,Homo sapiens,SRS15339812,broth dilution,BD Phoenix,CLSI,ARO_3000637|https://www.ebi.ac.uk/ols4/ontologies/aro/classes/http%253A%252F%252Fpurl.obolibrary.org%252Fobo%252FARO_3000637,JAMEGT020000013.1,36769,37203,+,GCA_025788295.2_01514,marR,marR_S3N,AMR,POINT,MULTIDRUG,AMPICILLIN/CHLORAMPHENICOL/QUINOLONE/RIFAMPIN/TETRACYCLINE,AMPICILLIN,POINTP,WP_000843414.1,transcriptional regulator MarR,100.00,97.92,,,Annotation|https://ftp.ebi.ac.uk/pub/databases/amr_portal/genomes/GCA/025/788/GCA_025788295.2,1.5.0,Fast,2019,,,urine,urinary tract,38.97,-77.03,,no,NCBI_antibiogram,United States of America,Americas,Northern America
ampicillin,susceptible,<= 4 mg/L,SAMN26308437,GCA_025788975.2,Escherichia,Escherichia coli,Escherichia coli,562,768057,Homo sapiens,SRS15355763,broth dilution,BD Phoenix,CLSI,ARO_3000637|https://www.ebi.ac.uk/ols4/ontologies/aro/classes/http%253A%252F%252Fpurl.obolibrary.org%252Fobo%252FARO_3000637,JAMEIB020000057.1,20123,20557,-,GCA_025788975.2_04497,marR,marR_S3N,AMR,POINT,MULTIDRUG,AMPICILLIN/CHLORAMPHENICOL/QUINOLONE/RIFAMPIN/TETRACYCLINE,AMPICILLIN,POINTP,WP_000843414.1,transcriptional regulator MarR,100.00,97.92,,,Annotation|https://ftp.ebi.ac.uk/pub/databases/amr_portal/genomes/GCA/025/788/GCA_025788975.2,1.5.0,Fast,2020,,,urine,urinary tract,38.97,-77.03,,no,NCBI_antibiogram,United States of America,Americas,Northern America
ampicillin,susceptible,<= 4 mg/L,SAMN26304901,GCA_025788005.2,Escherichia,Escherichia coli,Escherichia coli,562,709743,Homo sapiens,SRS15348317,broth dilution,BD Phoenix,CLSI,ARO_3000637|https://www.ebi.ac.uk/ols4/ontologies/aro/classes/http%253A%252F%252Fpurl.obolibrary.org%252Fobo%252FARO_3000637,JAMEGF020000019.1,36503,36937,+,GCA_025788005.2_01657,marR,marR_S3N,AMR,POINT,MULTIDRUG,AMPICILLIN/CHLORAMPHENICOL/QUINOLONE/RIFAMPIN/TETRACYCLINE,AMPICILLIN,POINTP,WP_000843414.1,transcriptional regulator MarR,100.00,97.92,,,Annotation|https://ftp.ebi.ac.uk/pub/databases/amr_portal/genomes/GCA/025/788/GCA_025788005.2,1.5.0,Fast,2019,,,wound,skin or soft tissue,38.97,-77.03,,no,NCBI_antibiogram,United States of America,Americas,Northern America
ampicillin,susceptible,<= 4 mg/L,SAMN26305025,GCA_025788125.2,Escherichia,Escherichia coli,Escherichia coli,562,793481,Homo sapiens,SRS15357669,broth dilution,BD Phoenix,CLSI,ARO_3000637|https://www.ebi.ac.uk/ols4/ontologies/aro/classes/http%253A%252F%252Fpurl.obolibrary.org%252Fobo%252FARO_3000637,JAMEGL020000015.1,13247,13681,+,GCA_025788125.2_01498,marR,marR_S3N,AMR,POINT,MULTIDRUG,AMPICILLIN/CHLORAMPHENICOL/QUINOLONE/RIFAMPIN/TETRACYCLINE,AMPICILLIN,POINTP,WP_000843414.1,transcriptional regulator MarR,100.00,97.92,,,Annotation|https://ftp.ebi.ac.uk/pub/databases/amr_portal/genomes/GCA/025/788/GCA_025788125.2,1.5.0,Fast,2020,,,urine,urinary tract,38.97,-77.03,,no,NCBI_antibiogram,United States of America,Americas,Northern America
ampicillin,susceptible,<= 4 mg/L,SAMN26309181,GCA_025788595.2,Escherichia,Escherichia coli,Escherichia coli,562,735823,Homo sapiens,SRS15348216,broth dilution,BD Phoenix,CLSI,ARO_3000637|https://www.ebi.ac.uk/ols4/ontologies/aro/classes/http%253A%252F%252Fpurl.obolibrary.org%252Fobo%252FARO_3000637,JAMEHI020000016.1,27408,27842,+,GCA_025788595.2_00778,marR,marR_S3N,AMR,POINT,MULTIDRUG,AMPICILLIN/CHLORAMPHENICOL/QUINOLONE/RIFAMPIN/TETRACYCLINE,AMPICILLIN,POINTP,WP_000843414.1,transcriptional regulator MarR,100.00,97.92,,,Annotation|https://ftp.ebi.ac.uk/pub/databases/amr_portal/genomes/GCA/025/788/GCA_025788595.2,1.5.0,Fast,2019,,,urine,urinary tract,38.97,-77.03,,no,NCBI_antibiogram,United States of America,Americas,Northern America
ampicillin,susceptible,<= 4 mg/L,SAMN26305119,GCA_025788355.2,Escherichia,Escherichia coli,Escherichia coli,562,697470,Homo sapiens,SRS15339758,broth dilution,BD Phoenix,CLSI,ARO_3000637|https://www.ebi.ac.uk/ols4/ontologies/aro/classes/http%253A%252F%252Fpurl.obolibrary.org%252Fobo%252FARO_3000637,JAMEGW020000029.1,63376,63810,-,GCA_025788355.2_02224,marR,marR_S3N,AMR,POINT,MULTIDRUG,AMPICILLIN/CHLORAMPHENICOL/QUINOLONE/RIFAMPIN/TETRACYCLINE,AMPICILLIN,POINTP,WP_000843414.1,transcriptional regulator MarR,100.00,97.92,,,Annotation|https://ftp.ebi.ac.uk/pub/databases/amr_portal/genomes/GCA/025/788/GCA_025788355.2,1.5.0,Fast,2019,,,urine,urinary tract,38.97,-77.03,,no,NCBI_antibiogram,United States of America,Americas,Northern America
ampicillin,susceptible,<= 4 mg/L,SAMN26304610,GCA_025788535.2,Escherichia,Escherichia coli,Escherichia coli,562,734723,Homo sapiens,SRS15348254,broth dilution,BD Phoenix,CLSI,ARO_3000637|https://www.ebi.ac.uk/ols4/ontologies/aro/classes/http%253A%252F%252Fpurl.obolibrary.org%252Fobo%252FARO_3000637,JAMEHF020000011.1,72580,73014,-,GCA_025788535.2_01719,marR,marR_S3N,AMR,POINT,MULTIDRUG,AMPICILLIN/CHLORAMPHENICOL/QUINOLONE/RIFAMPIN/TETRACYCLINE,AMPICILLIN,POINTP,WP_000843414.1,transcriptional regulator MarR,100.00,97.92,,,Annotation|https://ftp.ebi.ac.uk/pub/databases/amr_portal/genomes/GCA/025/788/GCA_025788535.2,1.5.0,Fast,2019,,,urine,urinary tract,38.97,-77.03,,no,NCBI_antibiogram,United States of America,Americas,Northern America
ampicillin,resistant,> 16 mg/L,SAMN26309221,GCA_025788315.2,Escherichia,Escherichia coli,Escherichia coli,562,734925,Homo sapiens,SRS15348276,broth dilution,BD Phoenix,CLSI,ARO_3000637|https://www.ebi.ac.uk/ols4/ontologies/aro/classes/http%253A%252F%252Fpurl.obolibrary.org%252Fobo%252FARO_3000637,JAMEGU020000001.1,27410,27844,+,GCA_025788315.2_00027,marR,marR_S3N,AMR,POINT,MULTIDRUG,AMPICILLIN/CHLORAMPHENICOL/QUINOLONE/RIFAMPIN/TETRACYCLINE,AMPICILLIN,POINTP,WP_000843414.1,transcriptional regulator MarR,100.00,97.92,,,Annotation|https://ftp.ebi.ac.uk/pub/databases/amr_portal/genomes/GCA/025/788/GCA_025788315.2,1.5.0,Fast,2019,,,urine,urinary tract,38.97,-77.03,,no,NCBI_antibiogram,United States of America,Americas,Northern America
ampicillin,resistant,> 16 mg/L,SAMN26304803,GCA_025788555.2,Escherichia,Escherichia coli,Escherichia coli,562,736141,Homo sapiens,SRS15348315,broth dilution,BD Phoenix,CLSI,ARO_3000637|https://www.ebi.ac.uk/ols4/ontologies/aro/classes/http%253A%252F%252Fpurl.obolibrary.org%252Fobo%252FARO_3000637,JAMEHG020000011.1,13231,13665,+,GCA_025788555.2_01043,marR,marR_S3N,AMR,POINT,MULTIDRUG,AMPICILLIN/CHLORAMPHENICOL/QUINOLONE/RIFAMPIN/TETRACYCLINE,AMPICILLIN,POINTP,WP_000843414.1,transcriptional regulator MarR,100.00,97.92,,,Annotation|https://ftp.ebi.ac.uk/pub/databases/amr_portal/genomes/GCA/025/788/GCA_025788555.2,1.5.0,Fast,2020,,,urine,urinary tract,38.97,-77.03,,no,NCBI_antibiogram,United States of America,Americas,Northern America
ampicillin,susceptible,<= 4 mg/L,SAMN26309113,GCA_025788815.2,Escherichia,Escherichia coli,Escherichia coli,562,749557,Homo sapiens,SRS15352104,broth dilution,BD Phoenix,CLSI,ARO_3000637|https://www.ebi.ac.uk/ols4/ontologies/aro/classes/http%253A%252F%252Fpurl.obolibrary.org%252Fobo%252FARO_3000637,JAMEHT020000063.1,16332,16766,-,GCA_025788815.2_04512,marR,marR_S3N,AMR,POINT,MULTIDRUG,AMPICILLIN/CHLORAMPHENICOL/QUINOLONE/RIFAMPIN/TETRACYCLINE,AMPICILLIN,POINTP,WP_000843414.1,transcriptional regulator MarR,100.00,97.92,,,Annotation|https://ftp.ebi.ac.uk/pub/databases/amr_portal/genomes/GCA/025/788/GCA_025788815.2,1.5.0,Fast,2020,,,urine,urinary tract,38.97,-77.03,,no,NCBI_antibiogram,United States of America,Americas,Northern America
ampicillin,susceptible,<= 4 mg/L,SAMN26304858,GCA_025788675.2,Escherichia,Escherichia coli,Escherichia coli,562,794023,Homo sapiens,SRS15357633,broth dilution,BD Phoenix,CLSI,ARO_3000637|https://www.ebi.ac.uk/ols4/ontologies/aro/classes/http%253A%252F%252Fpurl.obolibrary.org%252Fobo%252FARO_3000637,JAMEHM020000011.1,36504,36938,+,GCA_025788675.2_01418,marR,marR_S3N,AMR,POINT,MULTIDRUG,AMPICILLIN/CHLORAMPHENICOL/QUINOLONE/RIFAMPIN/TETRACYCLINE,AMPICILLIN,POINTP,WP_000843414.1,transcriptional regulator MarR,100.00,97.92,,,Annotation|https://ftp.ebi.ac.uk/pub/databases/amr_portal/genomes/GCA/025/788/GCA_025788675.2,1.5.0,Fast,2020,,,urine,urinary tract,38.97,-77.03,,no,NCBI_antibiogram,United States of America,Americas,Northern America
ampicillin,resistant,> 16 mg/L,SAMN26309190,GCA_025784075.2,Escherichia,Escherichia coli,Escherichia coli,562,821786,Homo sapiens,SRS15358674,broth dilution,BD Phoenix,CLSI,ARO_3000637|https://www.ebi.ac.uk/ols4/ontologies/aro/classes/http%253A%252F%252Fpurl.obolibrary.org%252Fobo%252FARO_3000637,JAMEAQ020000011.1,231224,231658,-,GCA_025784075.2_01333,marR,marR_S3N,AMR,POINT,MULTIDRUG,AMPICILLIN/CHLORAMPHENICOL/QUINOLONE/RIFAMPIN/TETRACYCLINE,AMPICILLIN,POINTP,WP_000843414.1,transcriptional regulator MarR,100.00,97.92,,,Annotation|https://ftp.ebi.ac.uk/pub/databases/amr_portal/genomes/GCA/025/784/GCA_025784075.2,1.5.0,Fast,2020,,,urine,urinary tract,38.97,-77.03,,no,NCBI_antibiogram,United States of America,Americas,Northern America
ampicillin,susceptible,<= 4 mg/L,SAMN26308678,GCA_025784905.2,Escherichia,Escherichia coli,Escherichia coli,562,758555,Homo sapiens,SRS15355577,broth dilution,BD Phoenix,CLSI,ARO_3000637|https://www.ebi.ac.uk/ols4/ontologies/aro/classes/http%253A%252F%252Fpurl.obolibrary.org%252Fobo%252FARO_3000637,JAMEBP020000005.1,491956,492390,-,GCA_025784905.2_01074,marR,marR_S3N,AMR,POINT,MULTIDRUG,AMPICILLIN/CHLORAMPHENICOL/QUINOLONE/RIFAMPIN/TETRACYCLINE,AMPICILLIN,POINTP,WP_000843414.1,transcriptional regulator MarR,100.00,97.92,,,Annotation|https://ftp.ebi.ac.uk/pub/databases/amr_portal/genomes/GCA/025/784/GCA_025784905.2,1.5.0,Fast,2020,,,urine,urinary tract,38.97,-77.03,,no,NCBI_antibiogram,United States of America,Americas,Northern America
ampicillin,susceptible,<= 4 mg/L,SAMN26304729,GCA_025784685.2,Escherichia,Escherichia coli,Escherichia coli,562,697904,Homo sapiens,SRS15339959,broth dilution,BD Phoenix,CLSI,ARO_3000637|https://www.ebi.ac.uk/ols4/ontologies/aro/classes/http%253A%252F%252Fpurl.obolibrary.org%252Fobo%252FARO_3000637,JAMEBL020000040.1,72617,73051,-,GCA_025784685.2_03023,marR,marR_S3N,AMR,POINT,MULTIDRUG,AMPICILLIN/CHLORAMPHENICOL/QUINOLONE/RIFAMPIN/TETRACYCLINE,AMPICILLIN,POINTP,WP_000843414.1,transcriptional regulator MarR,100.00,97.92,,,Annotation|https://ftp.ebi.ac.uk/pub/databases/amr_portal/genomes/GCA/025/784/GCA_025784685.2,1.5.0,Fast,2019,,,urine,urinary tract,38.97,-77.03,,no,NCBI_antibiogram,United States of America,Americas,Northern America
ampicillin,susceptible,<= 4 mg/L,SAMN26304866,GCA_025784355.2,Escherichia,Escherichia coli,Escherichia coli,562,793407,Homo sapiens,SRS15357661,broth dilution,BD Phoenix,CLSI,ARO_3000637|https://www.ebi.ac.uk/ols4/ontologies/aro/classes/http%253A%252F%252Fpurl.obolibrary.org%252Fobo%252FARO_3000637,JAMEBE020000016.1,36770,37204,+,GCA_025784355.2_01505,marR,marR_S3N,AMR,POINT,MULTIDRUG,AMPICILLIN/CHLORAMPHENICOL/QUINOLONE/RIFAMPIN/TETRACYCLINE,AMPICILLIN,POINTP,WP_000843414.1,transcriptional regulator MarR,100.00,97.92,,,Annotation|https://ftp.ebi.ac.uk/pub/databases/amr_portal/genomes/GCA/025/784/GCA_025784355.2,1.5.0,Fast,2020,,,urine,urinary tract,38.97,-77.03,,no,NCBI_antibiogram,United States of America,Americas,Northern America
ampicillin,resistant,> 16 mg/L,SAMN26309246,GCA_025784115.2,Escherichia,Escherichia coli,Escherichia coli,562,792807,Homo sapiens,SRS15357536,broth dilution,BD Phoenix,CLSI,ARO_3000637|https://www.ebi.ac.uk/ols4/ontologies/aro/classes/http%253A%252F%252Fpurl.obolibrary.org%252Fobo%252FARO_3000637,JAMEAS020000004.1,9401,9835,-,GCA_025784115.2_00999,marR,marR_S3N,AMR,POINT,MULTIDRUG,AMPICILLIN/CHLORAMPHENICOL/QUINOLONE/RIFAMPIN/TETRACYCLINE,AMPICILLIN,POINTP,WP_000843414.1,transcriptional regulator MarR,100.00,97.92,,,Annotation|https://ftp.ebi.ac.uk/pub/databases/amr_portal/genomes/GCA/025/784/GCA_025784115.2,1.5.0,Fast,2020,,,urine,urinary tract,38.97,-77.03,,no,NCBI_antibiogram,United States of America,Americas,Northern America
ampicillin,resistant,> 16 mg/L,SAMN26308566,GCA_025784135.2,Escherichia,Escherichia coli,Escherichia coli,562,750683,Homo sapiens,SRS15352155,broth dilution,BD Phoenix,CLSI,ARO_3000637|https://www.ebi.ac.uk/ols4/ontologies/aro/classes/http%253A%252F%252Fpurl.obolibrary.org%252Fobo%252FARO_3000637,JAMEAT020000013.1,27410,27844,+,GCA_025784135.2_01188,marR,marR_S3N,AMR,POINT,MULTIDRUG,AMPICILLIN/CHLORAMPHENICOL/QUINOLONE/RIFAMPIN/TETRACYCLINE,AMPICILLIN,POINTP,WP_000843414.1,transcriptional regulator MarR,100.00,97.92,,,Annotation|https://ftp.ebi.ac.uk/pub/databases/amr_portal/genomes/GCA/025/784/GCA_025784135.2,1.5.0,Fast,2020,,,urine,urinary tract,38.97,-77.03,,no,NCBI_antibiogram,United States of America,Americas,Northern America
ampicillin,susceptible,<= 4 mg/L,SAMN26305132,GCA_025784055.2,Escherichia,Escherichia coli,Escherichia coli,562,822206,Homo sapiens,SRS15358591,broth dilution,BD Phoenix,CLSI,ARO_3000637|https://www.ebi.ac.uk/ols4/ontologies/aro/classes/http%253A%252F%252Fpurl.obolibrary.org%252Fobo%252FARO_3000637,JAMEAP020000022.1,231225,231659,-,GCA_025784055.2_01754,marR,marR_S3N,AMR,POINT,MULTIDRUG,AMPICILLIN/CHLORAMPHENICOL/QUINOLONE/RIFAMPIN/TETRACYCLINE,AMPICILLIN,POINTP,WP_000843414.1,transcriptional regulator MarR,100.00,97.92,,,Annotation|https://ftp.ebi.ac.uk/pub/databases/amr_portal/genomes/GCA/025/784/GCA_025784055.2,1.5.0,Fast,2020,,,urine,urinary tract,38.97,-77.03,,no,NCBI_antibiogram,United States of America,Americas,Northern America
ampicillin,susceptible,<= 4 mg/L,SAMN26308649,GCA_025784235.2,Escherichia,Escherichia coli,Escherichia coli,562,750385,Homo sapiens,SRS15352089,broth dilution,BD Phoenix,CLSI,ARO_3000637|https://www.ebi.ac.uk/ols4/ontologies/aro/classes/http%253A%252F%252Fpurl.obolibrary.org%252Fobo%252FARO_3000637,JAMEAY020000022.1,72617,73051,-,GCA_025784235.2_02664,marR,marR_S3N,AMR,POINT,MULTIDRUG,AMPICILLIN/CHLORAMPHENICOL/QUINOLONE/RIFAMPIN/TETRACYCLINE,AMPICILLIN,POINTP,WP_000843414.1,transcriptional regulator MarR,100.00,97.92,,,Annotation|https://ftp.ebi.ac.uk/pub/databases/amr_portal/genomes/GCA/025/784/GCA_025784235.2,1.5.0,Fast,2020,,,urine,urinary tract,38.97,-77.03,,no,NCBI_antibiogram,United States of America,Americas,Northern America
ampicillin,susceptible,<= 4 mg/L,SAMN26304664,GCA_025784095.2,Escherichia,Escherichia coli,Escherichia coli,562,839062,Homo sapiens,SRS15359958,broth dilution,BD Phoenix,CLSI,ARO_3000637|https://www.ebi.ac.uk/ols4/ontologies/aro/classes/http%253A%252F%252Fpurl.obolibrary.org%252Fobo%252FARO_3000637,JAMEAR020000001.1,27409,27843,+,GCA_025784095.2_00027,marR,marR_S3N,AMR,POINT,MULTIDRUG,AMPICILLIN/CHLORAMPHENICOL/QUINOLONE/RIFAMPIN/TETRACYCLINE,AMPICILLIN,POINTP,WP_000843414.1,transcriptional regulator MarR,100.00,97.92,,,Annotation|https://ftp.ebi.ac.uk/pub/databases/amr_portal/genomes/GCA/025/784/GCA_025784095.2,1.5.0,Fast,2020,,,urine,urinary tract,38.97,-77.03,,no,NCBI_antibiogram,United States of America,Americas,Northern America
ampicillin,resistant,> 32 mg/L,SAMN31087191,GCA_025831635.1,Escherichia,Escherichia coli,Escherichia coli,562,34.76,,,broth dilution,Sensititre,EUCAST,ARO_3000637|https://www.ebi.ac.uk/ols4/ontologies/aro/classes/http%253A%252F%252Fpurl.obolibrary.org%252Fobo%252FARO_3000637,JAOSUU010000012.1,66036,66359,-,GCA_025831635.1_02378,soxS,soxS_A12S,AMR,POINT,MULTIDRUG,AMPICILLIN/CHLORAMPHENICOL/QUINOLONE/RIFAMPIN/TETRACYCLINE,AMPICILLIN,POINTP,WP_000019358.1,regulatory protein SoxS,100.00,99.07,,,Annotation|https://ftp.ebi.ac.uk/pub/databases/amr_portal/genomes/GCA/025/831/GCA_025831635.1,1.5.0,Fast,,,,,,,,,no,NCBI_antibiogram,,,
ampicillin,resistant,,SAMEA104305658,GCA_017327585.1,Escherichia,Escherichia coli,Escherichia coli,562,,Homo sapiens,ERS1930636,broth dilution,Vitek,EUCAST,ARO_3000637|https://www.ebi.ac.uk/ols4/ontologies/aro/classes/http%253A%252F%252Fpurl.obolibrary.org%252Fobo%252FARO_3000637,DADOHC010000017.1,40221,40655,+,GCA_017327585.1_03697,marR,marR_S3N,AMR,POINT,MULTIDRUG,AMPICILLIN/CHLORAMPHENICOL/QUINOLONE/RIFAMPIN/TETRACYCLINE,AMPICILLIN,POINTP,WP_000843414.1,transcriptional regulator MarR,100.00,97.92,,,Annotation|https://ftp.ebi.ac.uk/pub/databases/amr_portal/genomes/GCA/017/327/GCA_017327585.1,1.6.0,Full,2017,,,Urine,urinary tract,,,36916881,,PATRIC,Ireland,Europe,Northern Europe
ampicillin,resistant,,SAMN18619764,GCA_017825895.1,Salmonella,Salmonella enterica,Salmonella enterica,28901,AUSMDU00018214,Homo sapiens,SRS8638354,agar dilution,,CLSI,ARO_3000637|https://www.ebi.ac.uk/ols4/ontologies/aro/classes/http%253A%252F%252Fpurl.obolibrary.org%252Fobo%252FARO_3000637,AAZWEC010000101.1,10636,11217,+,GCA_017825895.1_02883,,ramR_T18P,AMR,POINT,MULTIDRUG,AMPICILLIN/CHLORAMPHENICOL/QUINOLONE/RIFAMPIN/TETRACYCLINE,AMPICILLIN,POINTP,WP_000113609.1,TetR/AcrR family transcriptional regulator RamR,100.00,99.48,,,Annotation|https://ftp.ebi.ac.uk/pub/databases/amr_portal/genomes/GCA/017/825/GCA_017825895.1,1.5.0,Fast,2018,,,,,,,34907895,,PATRIC,Australia,Oceania,Australia and New Zealand
ampicillin,resistant,> 64 mg/L,SAMEA104175464,GCA_017818295.1,Escherichia,Escherichia coli,Escherichia coli,562,SSI-AC308,Homo sapiens,ERS1834482,broth dilution,,EUCAST,ARO_3000637|https://www.ebi.ac.uk/ols4/ontologies/aro/classes/http%253A%252F%252Fpurl.obolibrary.org%252Fobo%252FARO_3000637,DADUKO010000077.1,5410,5844,-,GCA_017818295.1_04135,marR,marR_S3N,AMR,POINT,MULTIDRUG,AMPICILLIN/CHLORAMPHENICOL/QUINOLONE/RIFAMPIN/TETRACYCLINE,AMPICILLIN,POINTP,WP_000843414.1,transcriptional regulator MarR,100.00,97.92,,,Annotation|https://ftp.ebi.ac.uk/pub/databases/amr_portal/genomes/GCA/017/818/GCA_017818295.1,1.5.0,Fast,2015,,,,,,,,no,COMPARE_ML,Denmark,Europe,Northern Europe
ampicillin,resistant,> 64 mg/L,SAMEA104175446,GCA_017818685.1,Escherichia,Escherichia coli,Escherichia coli,562,SSI-AC290,Homo sapiens,ERS1834464,broth dilution,,EUCAST,ARO_3000637|https://www.ebi.ac.uk/ols4/ontologies/aro/classes/http%253A%252F%252Fpurl.obolibrary.org%252Fobo%252FARO_3000637,DADULT010000079.1,5410,5844,-,GCA_017818685.1_03903,marR,marR_S3N,AMR,POINT,MULTIDRUG,AMPICILLIN/CHLORAMPHENICOL/QUINOLONE/RIFAMPIN/TETRACYCLINE,AMPICILLIN,POINTP,WP_000843414.1,transcriptional regulator MarR,100.00,97.92,,,Annotation|https://ftp.ebi.ac.uk/pub/databases/amr_portal/genomes/GCA/017/818/GCA_017818685.1,1.5.0,Fast,2015,,,,,,,,no,COMPARE_ML,Denmark,Europe,Northern Europe
ampicillin,susceptible,== 2 mg/L,SAMEA104175473,GCA_017818495.1,Escherichia,Escherichia coli,Escherichia coli,562,SSI-AC317,Homo sapiens,ERS1834491,broth dilution,,EUCAST,ARO_3000637|https://www.ebi.ac.uk/ols4/ontologies/aro/classes/http%253A%252F%252Fpurl.obolibrary.org%252Fobo%252FARO_3000637,DADUKY010000004.1,159541,159975,-,GCA_017818495.1_00844,marR,marR_S3N,AMR,POINT,MULTIDRUG,AMPICILLIN/CHLORAMPHENICOL/QUINOLONE/RIFAMPIN/TETRACYCLINE,AMPICILLIN,POINTP,WP_000843414.1,transcriptional regulator MarR,100.00,97.92,,,Annotation|https://ftp.ebi.ac.uk/pub/databases/amr_portal/genomes/GCA/017/818/GCA_017818495.1,1.5.0,Fast,2016,,,,,,,,no,COMPARE_ML,Denmark,Europe,Northern Europe
ampicillin,resistant,> 64 mg/L,SAMEA104175434,GCA_017818935.1,Escherichia,Escherichia coli,Escherichia coli,562,SSI-AC278,Homo sapiens,ERS1834452,broth dilution,,EUCAST,ARO_3000637|https://www.ebi.ac.uk/ols4/ontologies/aro/classes/http%253A%252F%252Fpurl.obolibrary.org%252Fobo%252FARO_3000637,DADULJ010000081.1,5410,5844,-,GCA_017818935.1_04178,marR,marR_S3N,AMR,POINT,MULTIDRUG,AMPICILLIN/CHLORAMPHENICOL/QUINOLONE/RIFAMPIN/TETRACYCLINE,AMPICILLIN,POINTP,WP_000843414.1,transcriptional regulator MarR,100.00,97.92,,,Annotation|https://ftp.ebi.ac.uk/pub/databases/amr_portal/genomes/GCA/017/818/GCA_017818935.1,1.5.0,Fast,2015,,,,,,,,no,COMPARE_ML,Denmark,Europe,Northern Europe
ampicillin,susceptible,== 4 mg/L,SAMEA104175443,GCA_017818795.1,Escherichia,Escherichia coli,Escherichia coli,562,SSI-AC287,Homo sapiens,ERS1834461,broth dilution,,EUCAST,ARO_3000637|https://www.ebi.ac.uk/ols4/ontologies/aro/classes/http%253A%252F%252Fpurl.obolibrary.org%252Fobo%252FARO_3000637,DADULQ010000084.1,5410,5844,-,GCA_017818795.1_04099,marR,marR_S3N,AMR,POINT,MULTIDRUG,AMPICILLIN/CHLORAMPHENICOL/QUINOLONE/RIFAMPIN/TETRACYCLINE,AMPICILLIN,POINTP,WP_000843414.1,transcriptional regulator MarR,100.00,97.92,,,Annotation|https://ftp.ebi.ac.uk/pub/databases/amr_portal/genomes/GCA/017/818/GCA_017818795.1,1.5.0,Fast,2015,,,,,,,,no,COMPARE_ML,Denmark,Europe,Northern Europe
ampicillin,susceptible,== 4 mg/L,SAMEA104175451,GCA_017818715.1,Escherichia,Escherichia coli,Escherichia coli,562,SSI-AC295,Homo sapiens,ERS1834469,broth dilution,,EUCAST,ARO_3000637|https://www.ebi.ac.uk/ols4/ontologies/aro/classes/http%253A%252F%252Fpurl.obolibrary.org%252Fobo%252FARO_3000637,DADULK010000080.1,5410,5844,-,GCA_017818715.1_04321,marR,marR_S3N,AMR,POINT,MULTIDRUG,AMPICILLIN/CHLORAMPHENICOL/QUINOLONE/RIFAMPIN/TETRACYCLINE,AMPICILLIN,POINTP,WP_000843414.1,transcriptional regulator MarR,100.00,97.92,,,Annotation|https://ftp.ebi.ac.uk/pub/databases/amr_portal/genomes/GCA/017/818/GCA_017818715.1,1.5.0,Fast,2015,,,,,,,,no,COMPARE_ML,Denmark,Europe,Northern Europe
ampicillin,susceptible,== 4 mg/L,SAMEA104175469,GCA_017818215.1,Escherichia,Escherichia coli,Escherichia coli,562,SSI-AC313,Homo sapiens,ERS1834487,broth dilution,,EUCAST,ARO_3000637|https://www.ebi.ac.uk/ols4/ontologies/aro/classes/http%253A%252F%252Fpurl.obolibrary.org%252Fobo%252FARO_3000637,DADUKS010000087.1,5410,5844,-,GCA_017818215.1_04044,marR,marR_S3N,AMR,POINT,MULTIDRUG,AMPICILLIN/CHLORAMPHENICOL/QUINOLONE/RIFAMPIN/TETRACYCLINE,AMPICILLIN,POINTP,WP_000843414.1,transcriptional regulator MarR,100.00,97.92,,,Annotation|https://ftp.ebi.ac.uk/pub/databases/amr_portal/genomes/GCA/017/818/GCA_017818215.1,1.5.0,Fast,2016,,,,,,,,no,COMPARE_ML,Denmark,Europe,Northern Europe
ampicillin,susceptible,== 4 mg/L,SAMEA104175427,GCA_017819555.1,Escherichia,Escherichia coli,Escherichia coli,562,SSI-AC271,Homo sapiens,ERS1834445,broth dilution,,EUCAST,ARO_3000637|https://www.ebi.ac.uk/ols4/ontologies/aro/classes/http%253A%252F%252Fpurl.obolibrary.org%252Fobo%252FARO_3000637,DADUME010000078.1,5410,5844,-,GCA_017819555.1_04151,marR,marR_S3N,AMR,POINT,MULTIDRUG,AMPICILLIN/CHLORAMPHENICOL/QUINOLONE/RIFAMPIN/TETRACYCLINE,AMPICILLIN,POINTP,WP_000843414.1,transcriptional regulator MarR,100.00,97.92,,,Annotation|https://ftp.ebi.ac.uk/pub/databases/amr_portal/genomes/GCA/017/819/GCA_017819555.1,1.5.0,Fast,2015,,,,,,,,no,COMPARE_ML,Denmark,Europe,Northern Europe
ampicillin,resistant,> 64 mg/L,SAMEA104175421,GCA_017819695.1,Escherichia,Escherichia coli,Escherichia coli,562,SSI-AC265,Homo sapiens,ERS1834439,broth dilution,,EUCAST,ARO_3000637|https://www.ebi.ac.uk/ols4/ontologies/aro/classes/http%253A%252F%252Fpurl.obolibrary.org%252Fobo%252FARO_3000637,DADUMH010000077.1,5410,5844,-,GCA_017819695.1_04077,marR,marR_S3N,AMR,POINT,MULTIDRUG,AMPICILLIN/CHLORAMPHENICOL/QUINOLONE/RIFAMPIN/TETRACYCLINE,AMPICILLIN,POINTP,WP_000843414.1,transcriptional regulator MarR,100.00,97.92,,,Annotation|https://ftp.ebi.ac.uk/pub/databases/amr_portal/genomes/GCA/017/819/GCA_017819695.1,1.5.0,Fast,2015,,,,,,,,no,COMPARE_ML,Denmark,Europe,Northern Europe
ampicillin,resistant,> 64 mg/L,SAMEA104175431,GCA_017819015.1,Escherichia,Escherichia coli,Escherichia coli,562,SSI-AC275,Homo sapiens,ERS1834449,broth dilution,,EUCAST,ARO_3000637|https://www.ebi.ac.uk/ols4/ontologies/aro/classes/http%253A%252F%252Fpurl.obolibrary.org%252Fobo%252FARO_3000637,DADULZ010000078.1,5410,5844,-,GCA_017819015.1_04269,marR,marR_S3N,AMR,POINT,MULTIDRUG,AMPICILLIN/CHLORAMPHENICOL/QUINOLONE/RIFAMPIN/TETRACYCLINE,AMPICILLIN,POINTP,WP_000843414.1,transcriptional regulator MarR,100.00,97.92,,,Annotation|https://ftp.ebi.ac.uk/pub/databases/amr_portal/genomes/GCA/017/819/GCA_017819015.1,1.5.0,Fast,2015,,,,,,,,no,COMPARE_ML,Denmark,Europe,Northern Europe
ampicillin,susceptible,== 2 mg/L,SAMEA104175424,GCA_017819595.1,Escherichia,Escherichia coli,Escherichia coli,562,SSI-AC268,Homo sapiens,ERS1834442,broth dilution,,EUCAST,ARO_3000637|https://www.ebi.ac.uk/ols4/ontologies/aro/classes/http%253A%252F%252Fpurl.obolibrary.org%252Fobo%252FARO_3000637,DADUMG010000080.1,5410,5844,-,GCA_017819595.1_04003,marR,marR_S3N,AMR,POINT,MULTIDRUG,AMPICILLIN/CHLORAMPHENICOL/QUINOLONE/RIFAMPIN/TETRACYCLINE,AMPICILLIN,POINTP,WP_000843414.1,transcriptional regulator MarR,100.00,97.92,,,Annotation|https://ftp.ebi.ac.uk/pub/databases/amr_portal/genomes/GCA/017/819/GCA_017819595.1,1.5.0,Fast,2015,,,,,,,,no,COMPARE_ML,Denmark,Europe,Northern Europe
ampicillin,resistant,,SAMEA104091836,GCA_017319405.1,Escherichia,Escherichia coli,Escherichia coli,562,,Homo sapiens,ERS1755729,broth dilution,Vitek,EUCAST,ARO_3000637|https://www.ebi.ac.uk/ols4/ontologies/aro/classes/http%253A%252F%252Fpurl.obolibrary.org%252Fobo%252FARO_3000637,DADOBO010000013.1,35491,35925,+,GCA_017319405.1_02977,marR,marR_S3N,AMR,POINT,MULTIDRUG,AMPICILLIN/CHLORAMPHENICOL/QUINOLONE/RIFAMPIN/TETRACYCLINE,AMPICILLIN,POINTP,WP_000843414.1,transcriptional regulator MarR,100.00,97.92,,,Annotation|https://ftp.ebi.ac.uk/pub/databases/amr_portal/genomes/GCA/017/319/GCA_017319405.1,1.6.0,Full,2016,,,Faeces,gastrointestinal system,,,36916881,,PATRIC,Ireland,Europe,Northern Europe
ampicillin,resistant,,SAMEA104077107,GCA_017319525.1,Escherichia,Escherichia coli,Escherichia coli,562,,Homo sapiens,ERS1741000,broth dilution,Vitek,EUCAST,ARO_3000637|https://www.ebi.ac.uk/ols4/ontologies/aro/classes/http%253A%252F%252Fpurl.obolibrary.org%252Fobo%252FARO_3000637,DADOBL010000001.1,472539,472973,-,GCA_017319525.1_00457,marR,marR_S3N,AMR,POINT,MULTIDRUG,AMPICILLIN/CHLORAMPHENICOL/QUINOLONE/RIFAMPIN/TETRACYCLINE,AMPICILLIN,POINTP,WP_000843414.1,transcriptional regulator MarR,100.00,97.92,,,Annotation|https://ftp.ebi.ac.uk/pub/databases/amr_portal/genomes/GCA/017/319/GCA_017319525.1,1.6.0,Full,2016,,,Urine,urinary tract,,,36916881,,PATRIC,Ireland,Europe,Northern Europe
ampicillin,resistant,,SAMN18618379,GCA_017796965.1,Salmonella,Salmonella enterica,Salmonella enterica,28901,AUSMDU00005319,Homo sapiens,SRS8636694,agar dilution,,CLSI,ARO_3000637|https://www.ebi.ac.uk/ols4/ontologies/aro/classes/http%253A%252F%252Fpurl.obolibrary.org%252Fobo%252FARO_3000637,AAZUSD010000006.1,99400,99981,+,GCA_017796965.1_01588,,ramR_T18P,AMR,POINT,MULTIDRUG,AMPICILLIN/CHLORAMPHENICOL/QUINOLONE/RIFAMPIN/TETRACYCLINE,AMPICILLIN,POINTP,WP_000113609.1,TetR/AcrR family transcriptional regulator RamR,100.00,99.48,,,Annotation|https://ftp.ebi.ac.uk/pub/databases/amr_portal/genomes/GCA/017/796/GCA_017796965.1,1.5.0,Fast,2016,,,,,,,34907895,,PATRIC,Australia,Oceania,Australia and New Zealand
ampicillin,resistant,> 64 mg/L,SAMEA104175511,GCA_017817575.1,Escherichia,Escherichia coli,Escherichia coli,562,SSI-AC354,Homo sapiens,ERS1834529,broth dilution,,EUCAST,ARO_3000637|https://www.ebi.ac.uk/ols4/ontologies/aro/classes/http%253A%252F%252Fpurl.obolibrary.org%252Fobo%252FARO_3000637,DADUJB010000078.1,5410,5844,-,GCA_017817575.1_04173,marR,marR_S3N,AMR,POINT,MULTIDRUG,AMPICILLIN/CHLORAMPHENICOL/QUINOLONE/RIFAMPIN/TETRACYCLINE,AMPICILLIN,POINTP,WP_000843414.1,transcriptional regulator MarR,100.00,97.22,,,Annotation|https://ftp.ebi.ac.uk/pub/databases/amr_portal/genomes/GCA/017/817/GCA_017817575.1,1.5.0,Fast,2016,,,,,,,,no,COMPARE_ML,Denmark,Europe,Northern Europe
ampicillin,susceptible,== 2 mg/L,SAMN15027857,GCA_013806675.1,Escherichia,Escherichia coli,Escherichia coli,562,19SD10GT10-EC,other (non-clinical isolate),SRS6714752,broth dilution,Sensititre,,ARO_3000637|https://www.ebi.ac.uk/ols4/ontologies/aro/classes/http%253A%252F%252Fpurl.obolibrary.org%252Fobo%252FARO_3000637,AAUPTS010000008.1,115575,116009,-,GCA_013806675.1_01338,marR,marR_S3N,AMR,POINT,MULTIDRUG,AMPICILLIN/CHLORAMPHENICOL/QUINOLONE/RIFAMPIN/TETRACYCLINE,AMPICILLIN,POINTP,WP_000843414.1,transcriptional regulator MarR,100.00,97.92,,,Annotation|https://ftp.ebi.ac.uk/pub/databases/amr_portal/genomes/GCA/013/806/GCA_013806675.1,1.6.0,Full,2019,,,ground turkey,,,,,no,NCBI_antibiogram;NDARO,United States of America,Americas,Northern America
ampicillin,resistant,,SAMEA3531731,GCA_013078265.1,Escherichia,Escherichia coli,Escherichia coli,562,PB410,Homo sapiens,ERS838880,broth dilution,Vitek,EUCAST,ARO_3000637|https://www.ebi.ac.uk/ols4/ontologies/aro/classes/http%253A%252F%252Fpurl.obolibrary.org%252Fobo%252FARO_3000637,DABIJP010000021.1,60753,61187,+,GCA_013078265.1_04197,marR,marR_S3N,AMR,POINT,MULTIDRUG,AMPICILLIN/CHLORAMPHENICOL/QUINOLONE/RIFAMPIN/TETRACYCLINE,AMPICILLIN,POINTP,WP_000843414.1,transcriptional regulator MarR,100.00,97.92,,,Annotation|https://ftp.ebi.ac.uk/pub/databases/amr_portal/genomes/GCA/013/078/GCA_013078265.1,1.5.0,Fast,2015,,,,blood,,,30550564,,PATRIC;CABBAGE_PubMed_data,Thailand,Asia,South-eastern Asia
ampicillin,resistant,,SAMEA3531636,GCA_013078565.1,Escherichia,Escherichia coli,Escherichia coli,562,PB100,Homo sapiens,ERS838785,broth dilution,Vitek,EUCAST,ARO_3000637|https://www.ebi.ac.uk/ols4/ontologies/aro/classes/http%253A%252F%252Fpurl.obolibrary.org%252Fobo%252FARO_3000637,DABIKP010000012.1,115652,116299,+,GCA_013078565.1_02577,acrR_2,acrR_R45C,AMR,POINT,MULTIDRUG,AMPICILLIN/CHLORAMPHENICOL/QUINOLONE/RIFAMPIN/TETRACYCLINE,AMPICILLIN,POINTP,WP_000101737.1,transcriptional regulator AcrR,100.00,99.53,,,Annotation|https://ftp.ebi.ac.uk/pub/databases/amr_portal/genomes/GCA/013/078/GCA_013078565.1,1.5.0,Fast,2015,,,,urinary tract,,,30550564,,PATRIC;CABBAGE_PubMed_data,Thailand,Asia,South-eastern Asia
ampicillin,resistant,,SAMEA3531735,GCA_013078525.1,Escherichia,Escherichia coli,Escherichia coli,562,PB418,Homo sapiens,ERS838884,broth dilution,Vitek,EUCAST,ARO_3000637|https://www.ebi.ac.uk/ols4/ontologies/aro/classes/http%253A%252F%252Fpurl.obolibrary.org%252Fobo%252FARO_3000637,DABIJN010000017.1,72595,73029,-,GCA_013078525.1_03411,marR,marR_S3N,AMR,POINT,MULTIDRUG,AMPICILLIN/CHLORAMPHENICOL/QUINOLONE/RIFAMPIN/TETRACYCLINE,AMPICILLIN,POINTP,WP_000843414.1,transcriptional regulator MarR,100.00,97.92,,,Annotation|https://ftp.ebi.ac.uk/pub/databases/amr_portal/genomes/GCA/013/078/GCA_013078525.1,1.5.0,Fast,2015,,,,skin or soft tissue,,,30550564,,PATRIC;CABBAGE_PubMed_data,Thailand,Asia,South-eastern Asia
ampicillin,resistant,,SAMEA3531697,GCA_013078405.1,Escherichia,Escherichia coli,Escherichia coli,562,PB320,Homo sapiens,ERS838846,broth dilution,Vitek,EUCAST,ARO_3000637|https://www.ebi.ac.uk/ols4/ontologies/aro/classes/http%253A%252F%252Fpurl.obolibrary.org%252Fobo%252FARO_3000637,DABIKB010000018.1,36769,37203,+,GCA_013078405.1_03200,marR,marR_S3N,AMR,POINT,MULTIDRUG,AMPICILLIN/CHLORAMPHENICOL/QUINOLONE/RIFAMPIN/TETRACYCLINE,AMPICILLIN,POINTP,WP_000843414.1,transcriptional regulator MarR,100.00,97.92,,,Annotation|https://ftp.ebi.ac.uk/pub/databases/amr_portal/genomes/GCA/013/078/GCA_013078405.1,1.5.0,Fast,2015,,,,blood,,,30550564,,PATRIC;CABBAGE_PubMed_data,Thailand,Asia,South-eastern Asia
ampicillin,resistant,,SAMEA3531747,GCA_013078025.1,Escherichia,Escherichia coli,Escherichia coli,562,PB516,Homo sapiens,ERS838896,broth dilution,Vitek,EUCAST,ARO_3000637|https://www.ebi.ac.uk/ols4/ontologies/aro/classes/http%253A%252F%252Fpurl.obolibrary.org%252Fobo%252FARO_3000637,DABIJE010000001.1,77685,78119,+,GCA_013078025.1_00072,marR,marR_S3N,AMR,POINT,MULTIDRUG,AMPICILLIN/CHLORAMPHENICOL/QUINOLONE/RIFAMPIN/TETRACYCLINE,AMPICILLIN,POINTP,WP_000843414.1,transcriptional regulator MarR,100.00,97.92,,,Annotation|https://ftp.ebi.ac.uk/pub/databases/amr_portal/genomes/GCA/013/078/GCA_013078025.1,1.5.0,Fast,2015,,,,skin or soft tissue,,,30550564,,PATRIC;CABBAGE_PubMed_data,Thailand,Asia,South-eastern Asia
ampicillin,resistant,,SAMEA3531818,GCA_013079005.1,Escherichia,Escherichia coli,Escherichia coli,562,PB63,Homo sapiens,ERS838967,broth dilution,Vitek,EUCAST,ARO_3000637|https://www.ebi.ac.uk/ols4/ontologies/aro/classes/http%253A%252F%252Fpurl.obolibrary.org%252Fobo%252FARO_3000637,DABILD010000014.1,36647,37294,-,GCA_013079005.1_01939,acrR_1,acrR_R45C,AMR,POINT,MULTIDRUG,AMPICILLIN/CHLORAMPHENICOL/QUINOLONE/RIFAMPIN/TETRACYCLINE,AMPICILLIN,POINTP,WP_000101737.1,transcriptional regulator AcrR,100.00,99.53,,,Annotation|https://ftp.ebi.ac.uk/pub/databases/amr_portal/genomes/GCA/013/079/GCA_013079005.1,1.5.0,Fast,,,,,urinary tract,,,30550564,,PATRIC;CABBAGE_PubMed_data,Thailand,Asia,South-eastern Asia
ampicillin,susceptible,<= 1 mg/L,SAMN10874055,GCA_005581055.1,Salmonella,Salmonella enterica,Salmonella enterica,28901,PNUSAS066196,,SRS4328616,,,,ARO_3000637|https://www.ebi.ac.uk/ols4/ontologies/aro/classes/http%253A%252F%252Fpurl.obolibrary.org%252Fobo%252FARO_3000637,AADGKC010000002.1,20406,20987,-,GCA_005581055.1_00579,,ramR_T18P,AMR,POINT,MULTIDRUG,AMPICILLIN/CHLORAMPHENICOL/QUINOLONE/RIFAMPIN/TETRACYCLINE,AMPICILLIN,POINTP,WP_000113609.1,TetR/AcrR family transcriptional regulator RamR,100.00,99.48,,,Annotation|https://ftp.ebi.ac.uk/pub/databases/amr_portal/genomes/GCA/005/581/GCA_005581055.1,1.5.0,Fast,2018,,,Stool,gastrointestinal system,,,,no,NARMS,United States of America,Americas,Northern America
ampicillin,resistant,>= 32 mg/L,SAMEA1531001,GCA_001283865.2,Escherichia,Escherichia coli,Escherichia coli,562,401363,Homo sapiens,ERS139229,broth dilution,Vitek,EUCAST,ARO_3000637|https://www.ebi.ac.uk/ols4/ontologies/aro/classes/http%253A%252F%252Fpurl.obolibrary.org%252Fobo%252FARO_3000637,CYDW01000012.1,6778,7212,-,GCA_001283865.2_03222,marR,marR_S3N,AMR,POINT,MULTIDRUG,AMPICILLIN/CHLORAMPHENICOL/QUINOLONE/RIFAMPIN/TETRACYCLINE,AMPICILLIN,POINTP,WP_000843414.1,transcriptional regulator MarR,100.00,97.92,,,Annotation|https://ftp.ebi.ac.uk/pub/databases/amr_portal/genomes/GCA/001/283/GCA_001283865.2,1.5.0,Fast,2008,,,faeces,gastrointestinal system,,,30127495,no,PATRIC,Kenya,Africa,Sub-Saharan Africa
ampicillin,susceptible,= 8 mg/L,SAMEA1466184,GCA_001283985.1,Escherichia,Escherichia coli,Escherichia coli,562,202521_aEPEC,Homo sapiens,ERS085436,broth dilution,Vitek,EUCAST,ARO_3000637|https://www.ebi.ac.uk/ols4/ontologies/aro/classes/http%253A%252F%252Fpurl.obolibrary.org%252Fobo%252FARO_3000637,CXZF01000005.1,107756,108190,+,GCA_001283985.1_02202,marR,marR_S3N,AMR,POINT,MULTIDRUG,AMPICILLIN/CHLORAMPHENICOL/QUINOLONE/RIFAMPIN/TETRACYCLINE,AMPICILLIN,POINTP,WP_000843414.1,transcriptional regulator MarR,100.00,97.92,,,Annotation|https://ftp.ebi.ac.uk/pub/databases/amr_portal/genomes/GCA/001/283/GCA_001283985.1,1.5.0,Fast,2009,,,faeces,gastrointestinal system,,,30127495,no,PATRIC,Mali,Africa,Sub-Saharan Africa
ampicillin,susceptible,= 8 mg/L,SAMEA1530982,GCA_001283345.2,Escherichia,Escherichia coli,Escherichia coli,562,402696,Homo sapiens,ERS139252,broth dilution,Vitek,EUCAST,ARO_3000637|https://www.ebi.ac.uk/ols4/ontologies/aro/classes/http%253A%252F%252Fpurl.obolibrary.org%252Fobo%252FARO_3000637,CYEM01000005.1,37412,37846,+,GCA_001283345.2_02007,marR,marR_S3N,AMR,POINT,MULTIDRUG,AMPICILLIN/CHLORAMPHENICOL/QUINOLONE/RIFAMPIN/TETRACYCLINE,AMPICILLIN,POINTP,WP_000843414.1,transcriptional regulator MarR,100.00,97.92,,,Annotation|https://ftp.ebi.ac.uk/pub/databases/amr_portal/genomes/GCA/001/283/GCA_001283345.2,1.5.0,Fast,2009,,,faeces,gastrointestinal system,,,30127495,no,PATRIC,Kenya,Africa,Sub-Saharan Africa
ampicillin,resistant,>= 32 mg/L,SAMEA1531044,GCA_001284385.1,Escherichia,Escherichia coli,Escherichia coli,562,401352,Homo sapiens,ERS139249,broth dilution,Vitek,EUCAST,ARO_3000637|https://www.ebi.ac.uk/ols4/ontologies/aro/classes/http%253A%252F%252Fpurl.obolibrary.org%252Fobo%252FARO_3000637,CYEN01000027.1,6749,7183,-,GCA_001284385.1_04145,marR,marR_S3N,AMR,POINT,MULTIDRUG,AMPICILLIN/CHLORAMPHENICOL/QUINOLONE/RIFAMPIN/TETRACYCLINE,AMPICILLIN,POINTP,WP_000843414.1,transcriptional regulator MarR,100.00,97.92,,,Annotation|https://ftp.ebi.ac.uk/pub/databases/amr_portal/genomes/GCA/001/284/GCA_001284385.1,1.5.0,Fast,2008,,,faeces,gastrointestinal system,,,30127495,no,PATRIC,Kenya,Africa,Sub-Saharan Africa
ampicillin,resistant,> 32 mg/L,SAMN03894155,GCA_001272035.1,Salmonella,Salmonella enterica,Salmonella enterica subsp. enterica serovar Typhimurium var. 5-,1620419,CVM N45410,other (non-clinical isolate),SRS1102183,broth dilution,Sensititre,CLSI,ARO_3000637|https://www.ebi.ac.uk/ols4/ontologies/aro/classes/http%253A%252F%252Fpurl.obolibrary.org%252Fobo%252FARO_3000637,LIMZ01000010.1,176587,177168,+,GCA_001272035.1_00225,,ramR_T18P,AMR,POINT,MULTIDRUG,AMPICILLIN/CHLORAMPHENICOL/QUINOLONE/RIFAMPIN/TETRACYCLINE,AMPICILLIN,POINTP,WP_000113609.1,TetR/AcrR family transcriptional regulator RamR,100.00,99.48,,,Annotation|https://ftp.ebi.ac.uk/pub/databases/amr_portal/genomes/GCA/001/272/GCA_001272035.1,1.5.0,Fast,2013,,,Chicken Breast,,,,27381390;30333126;33075053,no,COMPARE_ML;NCBI_antibiogram;PATRIC;CABBAGE_PubMed_data,United States of America,Americas,Northern America
ampicillin,resistant,,SAMEA773582,GCA_001217045.1,Salmonella,Salmonella enterica,Salmonella enterica subsp. enterica serovar Typhimurium str. DT104,85569,V61,other (non-clinical isolate),ERS011658,agar dilution,,,ARO_3000637|https://www.ebi.ac.uk/ols4/ontologies/aro/classes/http%253A%252F%252Fpurl.obolibrary.org%252Fobo%252FARO_3000637,CTAC01000003.1,170314,170895,-,GCA_001217045.1_01089,,ramR_T18P,AMR,POINT,MULTIDRUG,AMPICILLIN/CHLORAMPHENICOL/QUINOLONE/RIFAMPIN/TETRACYCLINE,AMPICILLIN,POINTP,WP_000113609.1,TetR/AcrR family transcriptional regulator RamR,100.00,99.48,,,Annotation|https://ftp.ebi.ac.uk/pub/databases/amr_portal/genomes/GCA/001/217/GCA_001217045.1,1.5.0,Fast,1998,,,,,,,24030491,,PATRIC,United Kingdom of Great Britain and Northern Ireland,Europe,Northern Europe
ampicillin,resistant,>= 32 mg/L,SAMEA1466154,GCA_001285145.1,Escherichia,Escherichia coli,Escherichia coli,562,200135_aEPEC,Homo sapiens,ERS085340,broth dilution,Vitek,EUCAST,ARO_3000637|https://www.ebi.ac.uk/ols4/ontologies/aro/classes/http%253A%252F%252Fpurl.obolibrary.org%252Fobo%252FARO_3000637,CYBG01000020.1,32715,33149,+,GCA_001285145.1_03197,marR,marR_S3N,AMR,POINT,MULTIDRUG,AMPICILLIN/CHLORAMPHENICOL/QUINOLONE/RIFAMPIN/TETRACYCLINE,AMPICILLIN,POINTP,WP_000843414.1,transcriptional regulator MarR,100.00,97.92,,,Annotation|https://ftp.ebi.ac.uk/pub/databases/amr_portal/genomes/GCA/001/285/GCA_001285145.1,1.5.0,Fast,2008,,,faeces,gastrointestinal system,,,30127495,no,PATRIC,Mali,Africa,Sub-Saharan Africa
ampicillin,resistant,>= 32 mg/L,SAMEA1530992,GCA_001286345.2,Escherichia,Escherichia coli,Escherichia coli,562,402403,Homo sapiens,ERS139231,broth dilution,Vitek,EUCAST,ARO_3000637|https://www.ebi.ac.uk/ols4/ontologies/aro/classes/http%253A%252F%252Fpurl.obolibrary.org%252Fobo%252FARO_3000637,CYDY01000004.1,37524,37958,+,GCA_001286345.2_01453,marR,marR_S3N,AMR,POINT,MULTIDRUG,AMPICILLIN/CHLORAMPHENICOL/QUINOLONE/RIFAMPIN/TETRACYCLINE,AMPICILLIN,POINTP,WP_000843414.1,transcriptional regulator MarR,100.00,97.92,,,Annotation|https://ftp.ebi.ac.uk/pub/databases/amr_portal/genomes/GCA/001/286/GCA_001286345.2,1.5.0,Fast,2009,,,faeces,gastrointestinal system,,,30127495,no,PATRIC,Kenya,Africa,Sub-Saharan Africa
ampicillin,resistant,>= 32 mg/L,SAMEA1466147,GCA_001286665.1,Escherichia,Escherichia coli,Escherichia coli,562,401480_aEPEC,Homo sapiens,ERS085434,broth dilution,Vitek,EUCAST,ARO_3000637|https://www.ebi.ac.uk/ols4/ontologies/aro/classes/http%253A%252F%252Fpurl.obolibrary.org%252Fobo%252FARO_3000637,CYGR01000004.1,37528,37962,+,GCA_001286665.1_01496,marR,marR_S3N,AMR,POINT,MULTIDRUG,AMPICILLIN/CHLORAMPHENICOL/QUINOLONE/RIFAMPIN/TETRACYCLINE,AMPICILLIN,POINTP,WP_000843414.1,transcriptional regulator MarR,100.00,97.92,,,Annotation|https://ftp.ebi.ac.uk/pub/databases/amr_portal/genomes/GCA/001/286/GCA_001286665.1,1.5.0,Fast,2008,,,faeces,gastrointestinal system,,,30127495,no,PATRIC,Kenya,Africa,Sub-Saharan Africa
ampicillin,resistant,>= 32 mg/L,SAMN36729132,GCA_031775935.2,Escherichia,Escherichia coli,Escherichia coli,562,,Homo sapiens,SRS18433666,broth dilution,Vitek,CLSI,ARO_3000637|https://www.ebi.ac.uk/ols4/ontologies/aro/classes/http%253A%252F%252Fpurl.obolibrary.org%252Fobo%252FARO_3000637,ABMTGP020000003.1,476934,477368,-,GCA_031775935.2_01608,marR,marR_S3N,AMR,POINT,MULTIDRUG,AMPICILLIN/CHLORAMPHENICOL/QUINOLONE/RIFAMPIN/TETRACYCLINE,AMPICILLIN,POINTP,WP_000843414.1,transcriptional regulator MarR,100.00,97.92,,,Annotation|https://ftp.ebi.ac.uk/pub/databases/amr_portal/genomes/GCA/031/775/GCA_031775935.2,1.5.0,Fast,2022,,,urine,urinary tract,42.3362,-71.1067,,no,NCBI_antibiogram,United States of America,Americas,Northern America
ampicillin,resistant,>= 32 mg/L,SAMN36729025,GCA_031775975.2,Escherichia,Escherichia coli,Escherichia coli,562,,Homo sapiens,SRS18433687,broth dilution,Vitek,CLSI,ARO_3000637|https://www.ebi.ac.uk/ols4/ontologies/aro/classes/http%253A%252F%252Fpurl.obolibrary.org%252Fobo%252FARO_3000637,ABMTGR020000025.1,9400,9834,-,GCA_031775975.2_04531,marR,marR_S3N,AMR,POINT,MULTIDRUG,AMPICILLIN/CHLORAMPHENICOL/QUINOLONE/RIFAMPIN/TETRACYCLINE,AMPICILLIN,POINTP,WP_000843414.1,transcriptional regulator MarR,100.00,97.92,,,Annotation|https://ftp.ebi.ac.uk/pub/databases/amr_portal/genomes/GCA/031/775/GCA_031775975.2,1.5.0,Fast,2022,,,urine,urinary tract,42.3362,-71.1067,,no,NCBI_antibiogram,United States of America,Americas,Northern America
ampicillin,resistant,>= 32 mg/L,SAMN36729197,GCA_031775675.2,Escherichia,Escherichia coli,Escherichia coli,562,,Homo sapiens,SRS18433918,broth dilution,Vitek,CLSI,ARO_3000637|https://www.ebi.ac.uk/ols4/ontologies/aro/classes/http%253A%252F%252Fpurl.obolibrary.org%252Fobo%252FARO_3000637,ABMTGK020000004.1,520794,521228,-,GCA_031775675.2_02442,marR,marR_S3N,AMR,POINT,MULTIDRUG,AMPICILLIN/CHLORAMPHENICOL/QUINOLONE/RIFAMPIN/TETRACYCLINE,AMPICILLIN,POINTP,WP_000843414.1,transcriptional regulator MarR,100.00,97.92,,,Annotation|https://ftp.ebi.ac.uk/pub/databases/amr_portal/genomes/GCA/031/775/GCA_031775675.2,1.5.0,Fast,2022,,,blood,blood,42.3362,-71.1067,,no,NCBI_antibiogram,United States of America,Americas,Northern America
ampicillin,resistant,,SAMEA4643533,GCA_900406635.1,Escherichia,Escherichia coli,Escherichia coli,562,KCRI-82,Homo sapiens,,disk diffusion,,CLSI,ARO_3000637|https://www.ebi.ac.uk/ols4/ontologies/aro/classes/http%253A%252F%252Fpurl.obolibrary.org%252Fobo%252FARO_3000637,OVBU01000007.1,94875,95198,+,GCA_900406635.1_00221,soxS,soxS_A12S,AMR,POINT,MULTIDRUG,AMPICILLIN/CHLORAMPHENICOL/QUINOLONE/RIFAMPIN/TETRACYCLINE,AMPICILLIN,POINTP,WP_000019358.1,regulatory protein SoxS,100.00,99.07,,,Annotation|https://ftp.ebi.ac.uk/pub/databases/amr_portal/genomes/GCA/900/406/GCA_900406635.1,1.5.0,Fast,2013,,,Stool,gastrointestinal system,,,29977533,,PATRIC,United Republic of Tanzania,Africa,Sub-Saharan Africa
ampicillin,susceptible,,SAMN04357624,GCA_012672365.1,Escherichia,Escherichia coli,Escherichia coli,562,HICF202,Homo sapiens,SRS1221274,,,,ARO_3000637|https://www.ebi.ac.uk/ols4/ontologies/aro/classes/http%253A%252F%252Fpurl.obolibrary.org%252Fobo%252FARO_3000637,DABBYI010000016.1,36769,37203,+,GCA_012672365.1_04391,marR,marR_S3N,AMR,POINT,MULTIDRUG,AMPICILLIN/CHLORAMPHENICOL/QUINOLONE/RIFAMPIN/TETRACYCLINE,AMPICILLIN,POINTP,WP_000843414.1,transcriptional regulator MarR,100.00,97.92,,,Annotation|https://ftp.ebi.ac.uk/pub/databases/amr_portal/genomes/GCA/012/672/GCA_012672365.1,1.5.0,Fast,2010,,,blood,blood,51.75,-1.26,27572646,,CABBAGE_PubMed_data,United Kingdom of Great Britain and Northern Ireland,Europe,Northern Europe
ampicillin,susceptible,,SAMN04357652,GCA_012672955.1,Escherichia,Escherichia coli,Escherichia coli,562,HICF241,Homo sapiens,SRS1221246,,,,ARO_3000637|https://www.ebi.ac.uk/ols4/ontologies/aro/classes/http%253A%252F%252Fpurl.obolibrary.org%252Fobo%252FARO_3000637,DABBXG010000017.1,36769,37203,+,GCA_012672955.1_03652,marR,marR_S3N,AMR,POINT,MULTIDRUG,AMPICILLIN/CHLORAMPHENICOL/QUINOLONE/RIFAMPIN/TETRACYCLINE,AMPICILLIN,POINTP,WP_000843414.1,transcriptional regulator MarR,100.00,97.92,,,Annotation|https://ftp.ebi.ac.uk/pub/databases/amr_portal/genomes/GCA/012/672/GCA_012672955.1,1.5.0,Fast,2011,,,blood,blood,51.75,-1.26,27572646,,CABBAGE_PubMed_data,United Kingdom of Great Britain and Northern Ireland,Europe,Northern Europe
ampicillin,resistant,,SAMN04357724,GCA_012672445.1,Escherichia,Escherichia coli,Escherichia coli,562,HICF659,,SRS1221175,,,,ARO_3000637|https://www.ebi.ac.uk/ols4/ontologies/aro/classes/http%253A%252F%252Fpurl.obolibrary.org%252Fobo%252FARO_3000637,DABBYS010000015.1,66147,66470,-,GCA_012672445.1_02683,soxS,soxS_A12S,AMR,POINT,MULTIDRUG,AMPICILLIN/CHLORAMPHENICOL/QUINOLONE/RIFAMPIN/TETRACYCLINE,AMPICILLIN,POINTP,WP_000019358.1,regulatory protein SoxS,100.00,99.07,,,Annotation|https://ftp.ebi.ac.uk/pub/databases/amr_portal/genomes/GCA/012/672/GCA_012672445.1,1.5.0,Fast,,,,,,,,27572646,,CABBAGE_PubMed_data,,,
ampicillin,resistant,,SAMN04357637,GCA_012672145.1,Escherichia,Escherichia coli,Escherichia coli,562,HICF219,Homo sapiens,SRS1221261,,,,ARO_3000637|https://www.ebi.ac.uk/ols4/ontologies/aro/classes/http%253A%252F%252Fpurl.obolibrary.org%252Fobo%252FARO_3000637,DABBXR010000019.1,72616,73050,-,GCA_012672145.1_04144,marR,marR_S3N,AMR,POINT,MULTIDRUG,AMPICILLIN/CHLORAMPHENICOL/QUINOLONE/RIFAMPIN/TETRACYCLINE,AMPICILLIN,POINTP,WP_000843414.1,transcriptional regulator MarR,100.00,97.92,,,Annotation|https://ftp.ebi.ac.uk/pub/databases/amr_portal/genomes/GCA/012/672/GCA_012672145.1,1.5.0,Fast,2011,,,blood,blood,51.75,-1.26,27572646,,CABBAGE_PubMed_data,United Kingdom of Great Britain and Northern Ireland,Europe,Northern Europe
ampicillin,resistant,,SAMN04357627,GCA_012672065.1,Escherichia,Escherichia coli,Escherichia coli,562,HICF205,Homo sapiens,SRS1221271,,,,ARO_3000637|https://www.ebi.ac.uk/ols4/ontologies/aro/classes/http%253A%252F%252Fpurl.obolibrary.org%252Fobo%252FARO_3000637,DABBYP010000018.1,72616,73050,-,GCA_012672065.1_04132,marR,marR_S3N,AMR,POINT,MULTIDRUG,AMPICILLIN/CHLORAMPHENICOL/QUINOLONE/RIFAMPIN/TETRACYCLINE,AMPICILLIN,POINTP,WP_000843414.1,transcriptional regulator MarR,100.00,97.92,,,Annotation|https://ftp.ebi.ac.uk/pub/databases/amr_portal/genomes/GCA/012/672/GCA_012672065.1,1.5.0,Fast,2011,,,blood,blood,51.75,-1.26,27572646,,CABBAGE_PubMed_data,United Kingdom of Great Britain and Northern Ireland,Europe,Northern Europe
ampicillin,resistant,,SAMN04357690,GCA_012672945.1,Escherichia,Escherichia coli,Escherichia coli,562,HICF83,Homo sapiens,SRS1221208,,,,ARO_3000637|https://www.ebi.ac.uk/ols4/ontologies/aro/classes/http%253A%252F%252Fpurl.obolibrary.org%252Fobo%252FARO_3000637,DABCAJ010000020.1,18449,18883,+,GCA_012672945.1_04352,marR,marR_S3N,AMR,POINT,MULTIDRUG,AMPICILLIN/CHLORAMPHENICOL/QUINOLONE/RIFAMPIN/TETRACYCLINE,AMPICILLIN,POINTP,WP_000843414.1,transcriptional regulator MarR,100.00,97.22,,,Annotation|https://ftp.ebi.ac.uk/pub/databases/amr_portal/genomes/GCA/012/672/GCA_012672945.1,1.5.0,Fast,2009,,,blood,blood,51.75,-1.26,27572646,,CABBAGE_PubMed_data,United Kingdom of Great Britain and Northern Ireland,Europe,Northern Europe
ampicillin,resistant,,SAMN04357736,GCA_012672345.1,Escherichia,Escherichia coli,Escherichia coli,562,HICF686,,SRS1221162,,,,ARO_3000637|https://www.ebi.ac.uk/ols4/ontologies/aro/classes/http%253A%252F%252Fpurl.obolibrary.org%252Fobo%252FARO_3000637,DABBYM010000029.1,9400,9834,-,GCA_012672345.1_04427,marR,marR_S3N,AMR,POINT,MULTIDRUG,AMPICILLIN/CHLORAMPHENICOL/QUINOLONE/RIFAMPIN/TETRACYCLINE,AMPICILLIN,POINTP,WP_000843414.1,transcriptional regulator MarR,100.00,97.92,,,Annotation|https://ftp.ebi.ac.uk/pub/databases/amr_portal/genomes/GCA/012/672/GCA_012672345.1,1.5.0,Fast,,,,,,,,27572646,,CABBAGE_PubMed_data,,,
ampicillin,susceptible,,SAMN04357633,GCA_012672245.1,Escherichia,Escherichia coli,Escherichia coli,562,HICF212,Homo sapiens,SRS1221265,,,,ARO_3000637|https://www.ebi.ac.uk/ols4/ontologies/aro/classes/http%253A%252F%252Fpurl.obolibrary.org%252Fobo%252FARO_3000637,DABBXV010000002.1,475844,476278,-,GCA_012672245.1_01260,marR,marR_S3N,AMR,POINT,MULTIDRUG,AMPICILLIN/CHLORAMPHENICOL/QUINOLONE/RIFAMPIN/TETRACYCLINE,AMPICILLIN,POINTP,WP_000843414.1,transcriptional regulator MarR,100.00,97.92,,,Annotation|https://ftp.ebi.ac.uk/pub/databases/amr_portal/genomes/GCA/012/672/GCA_012672245.1,1.5.0,Fast,2011,,,blood,blood,51.75,-1.26,27572646,,CABBAGE_PubMed_data,United Kingdom of Great Britain and Northern Ireland,Europe,Northern Europe
ampicillin,resistant,> 16 mg/L,SAMN30806200,GCA_030128985.1,Escherichia,Escherichia coli,Escherichia coli,562,VG204,,,broth dilution,Microscan,EUCAST,ARO_3000637|https://www.ebi.ac.uk/ols4/ontologies/aro/classes/http%253A%252F%252Fpurl.obolibrary.org%252Fobo%252FARO_3000637,ENA|JAOCNI010000018|JAOCNI010000018.1,63609,64043,-,GCA_030128985.1_03252,marR,marR_S3N,AMR,POINT,MULTIDRUG,AMPICILLIN/CHLORAMPHENICOL/QUINOLONE/RIFAMPIN/TETRACYCLINE,AMPICILLIN,POINTP,WP_000843414.1,transcriptional regulator MarR,100.00,97.92,,,Annotation|https://ftp.ebi.ac.uk/pub/databases/amr_portal/genomes/GCA/030/128/GCA_030128985.1,1.5.0,Fast,,,,,,,,,no,NCBI_antibiogram,,,
ampicillin,resistant,>= 32 mg/L,SAMN36728910,GCA_031776005.2,Escherichia,Escherichia coli,Escherichia coli,562,,Homo sapiens,SRS18433731,broth dilution,Vitek,CLSI,ARO_3000637|https://www.ebi.ac.uk/ols4/ontologies/aro/classes/http%253A%252F%252Fpurl.obolibrary.org%252Fobo%252FARO_3000637,ABMTGV020000020.1,61701,62135,+,GCA_031776005.2_04330,marR,marR_S3N,AMR,POINT,MULTIDRUG,AMPICILLIN/CHLORAMPHENICOL/QUINOLONE/RIFAMPIN/TETRACYCLINE,AMPICILLIN,POINTP,WP_000843414.1,transcriptional regulator MarR,100.00,97.92,,,Annotation|https://ftp.ebi.ac.uk/pub/databases/amr_portal/genomes/GCA/031/776/GCA_031776005.2,1.5.0,Fast,2023,,,urine,urinary tract,42.3362,-71.1067,,no,NCBI_antibiogram,United States of America,Americas,Northern America
ampicillin,susceptible,,SAMEA4643527,GCA_900490615.1,Escherichia,Escherichia coli,Escherichia coli,562,KCRI-521,Homo sapiens,,disk diffusion,,CLSI,ARO_3000637|https://www.ebi.ac.uk/ols4/ontologies/aro/classes/http%253A%252F%252Fpurl.obolibrary.org%252Fobo%252FARO_3000637,UEMK01000048.1,17316,17750,-,GCA_900490615.1_01051,marR,marR_S3N,AMR,POINT,MULTIDRUG,AMPICILLIN/CHLORAMPHENICOL/QUINOLONE/RIFAMPIN/TETRACYCLINE,AMPICILLIN,POINTP,WP_000843414.1,transcriptional regulator MarR,100.00,97.92,,,Annotation|https://ftp.ebi.ac.uk/pub/databases/amr_portal/genomes/GCA/900/490/GCA_900490615.1,1.5.0,Fast,2014,,,Sputum,respiratory tract,,,29977533,,PATRIC,United Republic of Tanzania,Africa,Sub-Saharan Africa
